Response ID,Submitted at,Q1 Age,Q2 Gender,Q3 District,Q4 Area,Q5 Occupation,Q5 Other,Q6 KSRTC usage,Q7 Expense reduction,Q8 Economic benefit,Q9 Private bus usage,Q10 KSRTC shift,Q11 KSRTC reason,Q11 Other,Q12 Private bus impact,Q13 Negatively affected,Q13 Other,Q14 Overcrowding,Q15 Peak,Q16 Delays,Q17 Future impacts,Q18 Preferred solutions,Q18 Other
PS-1IXZ1B,2026-09-14T13:31:53.292168+00:00,18–25,Female,Kozhikode,Rural,Student,,Daily,Moderately reduced,Strongly agree,Rarely,Not applicable,Lower / zero travel cost,,Significant loss of passengers and revenue,Male passengers — due to increased overcrowding,,Sometimes,Both morning and evening peaks,Rarely,More overcrowding; More delays,Special services for students and workers; Demand-based route planning; Increase overall KSRTC fleet capacity,
PS-OWMC6H,2026-09-14T14:36:23.904162+00:00,Below 18,Female,Wayanad,Rural,Student,,Several times a week,Significantly reduced,Agree,"Yes, regularly",No change,Lower / zero travel cost,,Moderate loss of passengers and revenue,Private bus operators — due to loss of passengers and revenue,,Sometimes,Evening peak hours,"Yes, very frequently",Increased pressure on KSRTC,Extra buses during peak hours,
PS-TTI01I,2026-09-14T16:26:43.502522+00:00,26–35,Male,Wayanad,Semi-urban,Working,,Rarely,Not applicable,Neutral,Not applicable,Not applicable,Other,Not applicable,Moderate loss of passengers and revenue,Other regular KSRTC passengers — due to overcrowding and delays,,Often,Evening peak hours,"Yes, very frequently",More overcrowding,Extra buses during peak hours; Special services for students and workers; Better coordination between KSRTC and private buses,
PS-CP768V,2026-09-14T18:02:05.362157+00:00,18–25,Female,Kannur,Rural,Student,,Occasionally,Significantly reduced,Strongly agree,"Yes, regularly","Yes, significantly",Lower / zero travel cost,,Significant loss of passengers and revenue,Private bus operators — due to loss of passengers and revenue,,Always,Both morning and evening peaks,"Yes, sometimes",More overcrowding; Lower travel comfort,Special services for students and workers; Better coordination between KSRTC and private buses; Smart pass / better verification,
PS-LB6E6B,2026-09-14T18:07:25.912179+00:00,18–25,Female,Malappuram,Semi-urban,Student,,Daily,Slightly reduced,Strongly agree,"No, I mainly used KSRTC","Yes, significantly",Lower / zero travel cost,,Significant loss of passengers and revenue,Private bus operators — due to loss of passengers and revenue,,Sometimes,Both morning and evening peaks,"Yes, sometimes",Lower travel comfort; More delays,Extra buses during peak hours; Better coordination between KSRTC and private buses,
PS-AVHE8M,2026-09-14T18:49:39.789954+00:00,18–25,Female,Kozhikode,Urban,Student,,Daily,Not applicable,Strongly agree,"Yes, occasionally","Yes, significantly",Better access to education/work,,Significant loss of passengers and revenue,Male passengers — due to increased overcrowding,,Often,Evening peak hours,"Yes, very frequently",Greater passenger dissatisfaction; Continued challenges for private bus operators; Lower travel comfort; More delays,Extra buses during peak hours; Increase overall KSRTC fleet capacity,
PS-M2W13P,2026-09-14T20:55:19.914550+00:00,18–25,Female,Kozhikode,Semi-urban,Working,,Several times a week,Not applicable,Disagree,"Yes, regularly",I still mainly use private buses,Lower / zero travel cost,,Significant loss of passengers and revenue,Private bus operators — due to loss of passengers and revenue,,Sometimes,Both morning and evening peaks,"Yes, sometimes",Lower travel comfort,Extra buses during peak hours,
PS-OVGJWQ,2026-09-14T22:34:50.321592+00:00,36–45,Other / Prefer not to say,Malappuram,Rural,Homemaker,,Rarely,No reduction,Neutral,Rarely,No change,Scheme benefits,,Moderate loss of passengers and revenue,Private bus operators — due to loss of passengers and revenue,,Sometimes,Both morning and evening peaks,Rarely,More overcrowding; Increased pressure on KSRTC; More delays,Extra buses during peak hours; Other,
PS-W15UKC,2026-09-14T22:51:57.391199+00:00,18–25,Male,Wayanad,Rural,Student,,Daily,Not applicable,Agree,"No, I mainly used KSRTC","Yes, to some extent",Better reliability,,No significant impact,Private bus operators — due to loss of passengers and revenue,,Never,Both morning and evening peaks,Rarely,Increased pressure on KSRTC; Greater passenger dissatisfaction; More delays,Extra buses during peak hours; Smart pass / better verification,
PS-LL3ZFH,2026-09-14T23:40:49.187427+00:00,18–25,Female,Wayanad,Rural,Student,,Occasionally,Significantly reduced,Agree,"Yes, occasionally","Yes, to some extent",Scheme benefits,,Moderate loss of passengers and revenue,Private bus operators — due to loss of passengers and revenue,,Always,Throughout the day,Rarely,Continued challenges for private bus operators; Lower travel comfort,Extra buses during peak hours; Special services for students and workers; Smart pass / better verification,
PS-S056CY,2026-09-15T02:23:10.333528+00:00,18–25,Male,Malappuram,Semi-urban,Student,,Rarely,Not applicable,Agree,"Yes, regularly","Yes, significantly",Scheme benefits,,Significant loss of passengers and revenue,Private bus operators — due to loss of passengers and revenue,,Always,Evening peak hours,Never,Positive improvements if the government acts,Extra buses during peak hours,
PS-P8AZLP,2026-09-15T04:16:28.888993+00:00,Below 18,Female,Kozhikode,Semi-urban,Student,,Several times a week,Slightly reduced,Agree,"Yes, regularly","Yes, to some extent",Better access to education/work,,Significant loss of passengers and revenue,Male passengers — due to increased overcrowding,,Sometimes,Both morning and evening peaks,Rarely,Positive improvements if the government acts; Other,Better coordination between KSRTC and private buses,
PS-GTMZ2C,2026-09-15T04:20:59.242913+00:00,36–45,Male,Pathanamthitta,Semi-urban,Self-employed,,Daily,Not applicable,Strongly agree,Rarely,I still mainly use private buses,Better access to education/work,,Moderate loss of passengers and revenue,Private bus operators — due to loss of passengers and revenue,,Always,Evening peak hours,Rarely,More overcrowding,Better coordination between KSRTC and private buses,
PS-9UPW8H,2026-09-15T04:57:27.339960+00:00,18–25,Female,Kasaragod,Semi-urban,Student,,Occasionally,Significantly reduced,Agree,Rarely,I still mainly use private buses,Route availability,,Significant loss of passengers and revenue,Private bus operators — due to loss of passengers and revenue,,Always,Evening peak hours,Rarely,Lower travel comfort; More delays,Extra buses during peak hours; Increase overall KSRTC fleet capacity,
PS-JC9O5C,2026-09-15T05:04:42.396814+00:00,18–25,Female,Malappuram,Rural,Student,,Several times a week,Slightly reduced,Neutral,"Yes, regularly",I did not use private buses previously,Lower / zero travel cost,,Slight impact,Other regular KSRTC passengers — due to overcrowding and delays,,Always,Both morning and evening peaks,Rarely,More overcrowding; Increased pressure on KSRTC,Demand-based route planning,
PS-CPIWK6,2026-09-15T05:46:37.635638+00:00,18–25,Female,Kozhikode,Semi-urban,Student,,Daily,No reduction,Disagree,"Yes, regularly",No change,Better access to education/work,,Significant loss of passengers and revenue,Private bus operators — due to loss of passengers and revenue,,Often,Both morning and evening peaks,Rarely,More delays,Extra buses during peak hours,
PS-CTLYIN,2026-09-15T05:56:59.141364+00:00,18–25,Male,Malappuram,Rural,Student,,Daily,No reduction,Disagree,"Yes, occasionally",No change,Lower / zero travel cost,,Significant loss of passengers and revenue,Male passengers — due to increased overcrowding,,Always,Both morning and evening peaks,"Yes, sometimes",More overcrowding,Extra buses during peak hours,
PS-LQYWTW,2026-09-15T06:01:37.751508+00:00,18–25,Female,Kasaragod,Urban,Student,,Several times a week,Significantly reduced,Strongly agree,"Yes, regularly","Yes, significantly",Lower / zero travel cost,,No significant impact,Other regular KSRTC passengers — due to overcrowding and delays,,Always,Both morning and evening peaks,"Yes, very frequently",More overcrowding; Continued challenges for private bus operators; Lower travel comfort,Extra buses during peak hours; Special services for students and workers; Increase overall KSRTC fleet capacity,
PS-8XKTGL,2026-09-15T06:02:08.941304+00:00,18–25,Female,Kasaragod,Urban,Student,,Rarely,Significantly reduced,Agree,Rarely,"Yes, significantly",Lower / zero travel cost,,Moderate loss of passengers and revenue,Private bus operators — due to loss of passengers and revenue,,Often,Evening peak hours,Never,Increased pressure on KSRTC; Lower travel comfort,Extra buses during peak hours; Special services for students and workers; Better coordination between KSRTC and private buses; Smart pass / better verification,
PS-FO459W,2026-09-15T06:17:40.412154+00:00,18–25,Female,Wayanad,Semi-urban,Student,,Occasionally,No reduction,Neutral,Rarely,"Yes, to some extent",Better access to education/work,,Significant loss of passengers and revenue,Private bus operators — due to loss of passengers and revenue,,Always,Both morning and evening peaks,"Yes, very frequently",More overcrowding; Lower travel comfort,Extra buses during peak hours; Special services for students and workers; Smart pass / better verification,
PS-9IW5C4,2026-09-15T06:37:56.638675+00:00,18–25,Male,Kannur,Urban,Student,,Daily,No reduction,Disagree,Not applicable,Not applicable,Better access to education/work,,Significant loss of passengers and revenue,Male passengers — due to increased overcrowding,,Often,Both morning and evening peaks,"Yes, very frequently",More overcrowding; Greater passenger dissatisfaction; Lower travel comfort; More delays,Special services for students and workers; Better coordination between KSRTC and private buses,
PS-5X9B87,2026-09-15T08:10:54.722282+00:00,18–25,Female,Kozhikode,Rural,Student,,Daily,Significantly reduced,Agree,"Yes, occasionally","Yes, to some extent",Scheme benefits,,Significant loss of passengers and revenue,Private bus operators — due to loss of passengers and revenue,,Always,Throughout the day,"Yes, very frequently",More delays,Extra buses during peak hours; Better coordination between KSRTC and private buses,
PS-MVGVYN,2026-09-15T08:58:04.536173+00:00,18–25,Male,Kasaragod,Rural,Student,,Occasionally,No reduction,Disagree,"Yes, occasionally",I still mainly use private buses,Route availability,,Significant loss of passengers and revenue,Private bus operators — due to loss of passengers and revenue,,Often,Both morning and evening peaks,"Yes, sometimes",More overcrowding; Continued challenges for private bus operators; Lower travel comfort,Demand-based route planning; Better coordination between KSRTC and private buses,
PS-C4221A,2026-09-15T09:47:31.771952+00:00,18–25,Male,Kannur,Semi-urban,Student,,Several times a week,No reduction,Strongly agree,"No, I mainly used KSRTC",I did not use private buses previously,Other,Not applicable,Significant loss of passengers and revenue,Male passengers — due to increased overcrowding,,Often,Evening peak hours,"Yes, very frequently",Increased pressure on KSRTC; Greater passenger dissatisfaction; More delays,Extra buses during peak hours; Special services for students and workers; Better coordination between KSRTC and private buses,
PS-2ZH5AT,2026-09-15T10:11:29.409109+00:00,18–25,Female,Kannur,Semi-urban,Student,,Occasionally,Slightly reduced,Agree,Rarely,"Yes, significantly",Lower / zero travel cost,,Significant loss of passengers and revenue,Other regular KSRTC passengers — due to overcrowding and delays,,Often,Both morning and evening peaks,Rarely,More overcrowding; More delays,Special services for students and workers; Demand-based route planning; Smart pass / better verification,
PS-QZ8F4P,2026-09-15T10:28:12.741166+00:00,26–35,Female,Kannur,Semi-urban,Working,,Rarely,Slightly reduced,Agree,"Yes, regularly",No change,Lower / zero travel cost,,Moderate loss of passengers and revenue,Other regular KSRTC passengers — due to overcrowding and delays,,Always,Both morning and evening peaks,"Yes, very frequently",Lower travel comfort,Extra buses during peak hours,
PS-Q1MJAQ,2026-09-15T10:58:49.468557+00:00,18–25,Female,Wayanad,Rural,Student,,Several times a week,Not applicable,Agree,"Yes, regularly",No change,Route availability,,No significant impact,Other regular KSRTC passengers — due to overcrowding and delays,,Always,Both morning and evening peaks,"Yes, very frequently",More overcrowding,Demand-based route planning; Better coordination between KSRTC and private buses; Smart pass / better verification,
PS-HLX25V,2026-09-15T11:07:32.615698+00:00,18–25,Male,Kasaragod,Rural,Student,,Occasionally,Not applicable,Strongly agree,"Yes, occasionally",No change,Other,Not applicable,Slight impact,Other,,Always,Both morning and evening peaks,"Yes, very frequently",Continued challenges for private bus operators; More delays,Special services for students and workers; Demand-based route planning; Better coordination between KSRTC and private buses,
PS-YV7Z63,2026-09-15T11:42:25.691646+00:00,18–25,Female,Wayanad,Rural,Student,,Daily,Slightly reduced,Neutral,"Yes, regularly",No change,Lower / zero travel cost,,Moderate loss of passengers and revenue,Private bus operators — due to loss of passengers and revenue,,Always,Both morning and evening peaks,"Yes, sometimes",Greater passenger dissatisfaction; Lower travel comfort,Special services for students and workers; Increase overall KSRTC fleet capacity,
PS-NYQMT5,2026-09-15T13:09:20.238813+00:00,18–25,Male,Malappuram,Rural,Student,,Rarely,No reduction,Neutral,"No, I mainly used KSRTC",No change,Route availability,,Significant loss of passengers and revenue,Other regular KSRTC passengers — due to overcrowding and delays,,Sometimes,Both morning and evening peaks,"Yes, sometimes",More overcrowding; More delays,Extra buses during peak hours,
PS-XZKP1W,2026-09-15T13:22:54.952513+00:00,18–25,Male,Kozhikode,Semi-urban,Working,,Several times a week,No reduction,Disagree,"Yes, regularly",No change,Other,Iam always travelling through ksrtc before the priyadharshini scheme,Significant loss of passengers and revenue,Private bus operators — due to loss of passengers and revenue,,Always,Both morning and evening peaks,"Yes, very frequently",More overcrowding,Extra buses during peak hours,
PS-ZVQJ8X,2026-09-15T13:35:45.491800+00:00,18–25,Male,Malappuram,Rural,Student,,Several times a week,No reduction,Strongly disagree,"Yes, regularly",No change,Scheme benefits,,Slight impact,Other regular KSRTC passengers — due to overcrowding and delays,,Rarely,Morning peak hours,"Yes, sometimes",Greater passenger dissatisfaction; Lower travel comfort; Positive improvements if the government acts,Extra buses during peak hours; Better coordination between KSRTC and private buses; Smart pass / better verification,
PS-V3ZSB0,2026-09-15T13:36:21.822023+00:00,18–25,Male,Kozhikode,Rural,Student,,Daily,Not applicable,Strongly agree,"Yes, occasionally",Not applicable,Lower / zero travel cost,,Significant loss of passengers and revenue,Other regular KSRTC passengers — due to overcrowding and delays,,Always,Both morning and evening peaks,"Yes, very frequently",Continued challenges for private bus operators,Extra buses during peak hours; Better coordination between KSRTC and private buses,
PS-C20TJG,2026-09-15T14:02:51.244427+00:00,Below 18,Female,Malappuram,Semi-urban,Student,,Rarely,Moderately reduced,Strongly agree,Rarely,No change,Scheme benefits,,Significant loss of passengers and revenue,Male passengers — due to increased overcrowding,,Always,Morning peak hours,Rarely,More overcrowding; Greater passenger dissatisfaction; Lower travel comfort,Extra buses during peak hours; Special services for students and workers,
PS-LHP53X,2026-09-15T14:35:44.755038+00:00,Below 18,Female,Kasaragod,Semi-urban,Student,,Rarely,Slightly reduced,Neutral,Not applicable,No change,Scheme benefits,,Slight impact,No one is significantly negatively affected,,Sometimes,Both morning and evening peaks,"Yes, sometimes",Lower travel comfort,Special services for students and workers,
PS-MP7SAS,2026-09-15T15:01:21.483308+00:00,26–35,Male,Kollam,Semi-urban,Self-employed,,Several times a week,No reduction,Neutral,"Yes, regularly",No change,Lower / zero travel cost,,Significant loss of passengers and revenue,Private bus operators — due to loss of passengers and revenue,,Always,Both morning and evening peaks,"Yes, sometimes",Lower travel comfort; More delays,Extra buses during peak hours; Special services for students and workers; Better coordination between KSRTC and private buses,
PS-7KNZ1D,2026-09-15T15:10:36.808604+00:00,18–25,Female,Wayanad,Semi-urban,Student,,Occasionally,Not applicable,Neutral,"Yes, occasionally",Not applicable,Other,Not applicable,Significant loss of passengers and revenue,Private bus operators — due to loss of passengers and revenue,,Often,Evening peak hours,Rarely,More overcrowding; Lower travel comfort; More delays,Extra buses during peak hours; Special services for students and workers; Smart pass / better verification,
PS-CDLF8W,2026-09-15T15:25:30.509846+00:00,18–25,Female,Wayanad,Rural,Student,,Rarely,Significantly reduced,Strongly agree,"Yes, regularly","Yes, significantly",Lower / zero travel cost,,Significant loss of passengers and revenue,Private bus operators — due to loss of passengers and revenue,,Often,Evening peak hours,Rarely,More overcrowding; Lower travel comfort,Extra buses during peak hours; Demand-based route planning; Better coordination between KSRTC and private buses,
PS-X0A0JW,2026-09-15T16:04:11.684209+00:00,18–25,Male,Wayanad,Semi-urban,Working,,Several times a week,No reduction,Strongly disagree,"Yes, regularly",Not applicable,Other,Iam always travelling through ksrtc before the priyadharshini scheme,Not sure,Male passengers — due to increased overcrowding,,Always,Both morning and evening peaks,Rarely,Increased pressure on KSRTC,Extra buses during peak hours; Special services for students and workers; Better coordination between KSRTC and private buses,
PS-98CMAC,2026-09-15T16:36:26.157808+00:00,18–25,Male,Kozhikode,Semi-urban,Student,,Occasionally,Not applicable,Agree,"Yes, occasionally",Not applicable,Lower / zero travel cost,,Significant loss of passengers and revenue,Private bus operators — due to loss of passengers and revenue,,Often,Both morning and evening peaks,Rarely,More overcrowding; Continued challenges for private bus operators; Lower travel comfort,Extra buses during peak hours,
PS-CP7IKS,2026-09-15T16:57:42.270284+00:00,18–25,Male,Pathanamthitta,Rural,Student,,Rarely,Slightly reduced,Agree,"Yes, regularly",No change,Route availability,,Slight impact,Male passengers — due to increased overcrowding,,Always,Morning peak hours,"Yes, very frequently",More overcrowding; Increased pressure on KSRTC; Continued challenges for private bus operators,Extra buses during peak hours; Better coordination between KSRTC and private buses,
PS-1NN17M,2026-09-15T16:58:04.231691+00:00,18–25,Female,Kozhikode,Semi-urban,Student,,Daily,Significantly reduced,Strongly agree,"Yes, regularly","Yes, significantly",Lower / zero travel cost,,Slight impact,Other,,Never,Rarely face overcrowding,Never,Increased pressure on KSRTC; More delays,Special services for students and workers,
PS-JN522Q,2026-09-15T17:35:46.855622+00:00,18–25,Male,Kozhikode,Urban,Student,,Occasionally,Slightly reduced,Agree,Rarely,Not applicable,Better reliability,,Moderate loss of passengers and revenue,Other regular KSRTC passengers — due to overcrowding and delays,,Often,Both morning and evening peaks,"Yes, very frequently",Lower travel comfort,Extra buses during peak hours; Better coordination between KSRTC and private buses; Smart pass / better verification,
PS-SM7CP3,2026-09-15T17:45:33.520827+00:00,56 and above,Female,Kasaragod,Rural,Working,,Occasionally,Slightly reduced,Neutral,"Yes, occasionally","Yes, significantly",Better access to education/work,,Significant loss of passengers and revenue,Private bus operators — due to loss of passengers and revenue,,Rarely,Evening peak hours,"Yes, sometimes",More delays,Special services for students and workers; Better coordination between KSRTC and private buses,
PS-J0S7JP,2026-09-15T18:17:55.336057+00:00,18–25,Male,Malappuram,Rural,Student,,Several times a week,No reduction,Disagree,"Yes, regularly",No change,Other,Direct bus route available without changing buses,Significant loss of passengers and revenue,Other regular KSRTC passengers — due to overcrowding and delays,,Always,Morning peak hours,"Yes, very frequently",More overcrowding; Lower travel comfort; More delays,Extra buses during peak hours; Special services for students and workers; Increase overall KSRTC fleet capacity,
PS-D0DHV3,2026-09-15T18:21:10.389135+00:00,18–25,Female,Kasaragod,Rural,Student,,Occasionally,Significantly reduced,Agree,Rarely,Not applicable,Other,No change,Slight impact,Other regular KSRTC passengers — due to overcrowding and delays,,Always,Both morning and evening peaks,Rarely,More overcrowding; Greater passenger dissatisfaction,Special services for students and workers,
PS-738P8Q,2026-09-15T18:28:38.961389+00:00,18–25,Male,Kollam,Rural,Student,,Rarely,Not applicable,Agree,Rarely,Not applicable,Other,Safe travel for women commuters,Significant loss of passengers and revenue,Private bus operators — due to loss of passengers and revenue,,Often,Both morning and evening peaks,Rarely,Increased pressure on KSRTC; More delays,Special services for students and workers,
PS-Z4SP2X,2026-09-15T19:00:20.174084+00:00,18–25,Other / Prefer not to say,Thiruvananthapuram,Rural,Student,,Several times a week,Significantly reduced,Agree,"No, I mainly used KSRTC","Yes, significantly",Other,Iam always travelling through ksrtc before the priyadharshini scheme,Significant loss of passengers and revenue,Private bus operators — due to loss of passengers and revenue,,Always,Both morning and evening peaks,"Yes, sometimes",More overcrowding; Continued challenges for private bus operators,Better coordination between KSRTC and private buses,
PS-6PS9Z7,2026-09-15T19:07:50.528362+00:00,18–25,Female,Kasaragod,Semi-urban,Student,,Occasionally,Moderately reduced,Agree,"Yes, regularly",I still mainly use private buses,Lower / zero travel cost,,Moderate loss of passengers and revenue,Private bus operators — due to loss of passengers and revenue,,Always,Both morning and evening peaks,"Yes, very frequently",Greater passenger dissatisfaction; Continued challenges for private bus operators,Special services for students and workers; Demand-based route planning,
PS-2B42DY,2026-09-15T19:55:19.361727+00:00,18–25,Male,Kannur,Rural,Student,,Rarely,Not applicable,Neutral,Not applicable,Not applicable,Lower / zero travel cost,,Significant loss of passengers and revenue,Male passengers — due to increased overcrowding,,Always,Both morning and evening peaks,"Yes, very frequently",More overcrowding; Increased pressure on KSRTC; Continued challenges for private bus operators; More delays,Extra buses during peak hours; Demand-based route planning,
PS-T5DWG2,2026-09-15T20:07:16.414647+00:00,Below 18,Female,Kannur,Urban,Student,,Rarely,Moderately reduced,Strongly agree,"Yes, regularly",I still mainly use private buses,Better access to education/work,,Moderate loss of passengers and revenue,Private bus operators — due to loss of passengers and revenue,,Often,Morning peak hours,"Yes, sometimes",More overcrowding,Extra buses during peak hours; Special services for students and workers; Demand-based route planning; Better coordination between KSRTC and private buses; Smart pass / better verification,
PS-0JATOC,2026-09-15T20:38:30.395796+00:00,26–35,Male,Wayanad,Semi-urban,Self-employed,,Several times a week,Significantly reduced,Strongly agree,"Yes, occasionally",I still mainly use private buses,Route availability,,Significant loss of passengers and revenue,Male passengers — due to increased overcrowding,,Always,Both morning and evening peaks,"Yes, very frequently",More delays,Special services for students and workers; Demand-based route planning,
PS-STJQNU,2026-09-15T21:24:15.876633+00:00,Below 18,Female,Kozhikode,Semi-urban,Student,,Rarely,Slightly reduced,Disagree,Rarely,"Yes, to some extent",Scheme benefits,,Significant loss of passengers and revenue,Male passengers — due to increased overcrowding,,Often,Both morning and evening peaks,Rarely,Continued challenges for private bus operators,Extra buses during peak hours; Special services for students and workers; Demand-based route planning; Smart pass / better verification; Increase overall KSRTC fleet capacity,
PS-ST87AH,2026-09-15T21:25:13.391316+00:00,56 and above,Male,Kozhikode,Urban,Student,,Rarely,Moderately reduced,Neutral,"Yes, regularly","Yes, to some extent",Better reliability,,Significant loss of passengers and revenue,Private bus operators — due to loss of passengers and revenue,,Sometimes,Rarely face overcrowding,Never,More delays,Extra buses during peak hours; Demand-based route planning,
PS-ZDB3VW,2026-09-15T21:44:59.372094+00:00,18–25,Male,Pathanamthitta,Rural,Working,,Daily,Not applicable,Neutral,"No, I mainly used KSRTC",I did not use private buses previously,Better access to education/work,,Not sure,Private bus operators — due to loss of passengers and revenue,,Often,Evening peak hours,"Yes, sometimes",More overcrowding,Extra buses during peak hours; Special services for students and workers; Demand-based route planning; Other,
PS-ODWLN2,2026-09-15T21:46:27.244103+00:00,Below 18,Male,Pathanamthitta,Semi-urban,Self-employed,,Several times a week,No reduction,Neutral,"Yes, regularly",No change,Lower / zero travel cost,,Slight impact,Other,,Always,Both morning and evening peaks,Rarely,Continued challenges for private bus operators,Special services for students and workers; Increase overall KSRTC fleet capacity,
PS-HXFAN7,2026-09-15T21:52:17.961617+00:00,18–25,Female,Kollam,Semi-urban,Student,,Occasionally,Significantly reduced,Strongly agree,"Yes, regularly",No change,Route availability,,Moderate loss of passengers and revenue,Private bus operators — due to loss of passengers and revenue,,Always,Both morning and evening peaks,Rarely,Greater passenger dissatisfaction; Continued challenges for private bus operators; Lower travel comfort,Extra buses during peak hours; Special services for students and workers; Demand-based route planning; Better coordination between KSRTC and private buses,
PS-GW560W,2026-09-15T22:29:54.597863+00:00,18–25,Female,Malappuram,Semi-urban,Student,,Several times a week,Significantly reduced,Agree,"Yes, regularly","Yes, significantly",Lower / zero travel cost,,No significant impact,Private bus operators — due to loss of passengers and revenue,,Always,Both morning and evening peaks,"Yes, very frequently",Continued challenges for private bus operators; Lower travel comfort; More delays,Special services for students and workers; Demand-based route planning,
PS-VBDKHH,2026-09-15T23:10:55.182470+00:00,18–25,Male,Pathanamthitta,Semi-urban,Student,,Occasionally,Not applicable,Agree,Not applicable,Not applicable,Other,No change,Slight impact,Other,,Rarely,Evening peak hours,Rarely,Lower travel comfort,Extra buses during peak hours; Special services for students and workers; Better coordination between KSRTC and private buses,
PS-DQFT8X,2026-09-15T23:22:43.894823+00:00,18–25,Male,Malappuram,Rural,Student,,Several times a week,Moderately reduced,Agree,"Yes, regularly","Yes, to some extent",Better access to education/work,,Significant loss of passengers and revenue,Private bus operators — due to loss of passengers and revenue,,Always,Both morning and evening peaks,"Yes, very frequently",More overcrowding,Special services for students and workers; Better coordination between KSRTC and private buses,
PS-7FN3PT,2026-09-15T23:28:40.191502+00:00,18–25,Male,Kannur,Urban,Student,,Rarely,Moderately reduced,Agree,"Yes, regularly",No change,Route availability,,Slight impact,Other regular KSRTC passengers — due to overcrowding and delays,,Sometimes,Throughout the day,"Yes, very frequently",Lower travel comfort,Special services for students and workers; Demand-based route planning,
PS-XK0XCV,2026-09-15T23:31:04.283966+00:00,18–25,Male,Wayanad,Rural,Working,,Several times a week,Moderately reduced,Strongly agree,"Yes, regularly",No change,Other,Iam always travelling through ksrtc before the priyadharshini scheme,Moderate loss of passengers and revenue,Other regular KSRTC passengers — due to overcrowding and delays,,Always,Morning peak hours,"Yes, sometimes",More overcrowding,Special services for students and workers; Increase overall KSRTC fleet capacity,
PS-IYTOKR,2026-09-15T23:46:28.260082+00:00,36–45,Male,Kozhikode,Urban,Working,,Occasionally,Moderately reduced,Agree,"Yes, occasionally",No change,Lower / zero travel cost,,Moderate loss of passengers and revenue,Male passengers — due to increased overcrowding,,Often,Evening peak hours,Rarely,More overcrowding,Other,
PS-KI0Y4A,2026-09-16T00:48:00.543811+00:00,18–25,Male,Kasaragod,Urban,Student,,Rarely,Not applicable,Strongly agree,"Yes, occasionally",No change,Other,Direct bus route available without changing buses,Moderate loss of passengers and revenue,Private bus operators — due to loss of passengers and revenue,,Sometimes,Evening peak hours,Rarely,Lower travel comfort,Demand-based route planning; Smart pass / better verification; Increase overall KSRTC fleet capacity,
PS-DK550S,2026-09-16T00:52:56.311679+00:00,18–25,Female,Kozhikode,Rural,Student,,Several times a week,Slightly reduced,Strongly agree,"Yes, regularly","Yes, to some extent",Better access to education/work,,No significant impact,Male passengers — due to increased overcrowding,,Often,Evening peak hours,Rarely,More overcrowding; Continued challenges for private bus operators; Lower travel comfort,Better coordination between KSRTC and private buses; Smart pass / better verification,
PS-2RGJEZ,2026-09-16T01:24:23.731060+00:00,18–25,Female,Kannur,Semi-urban,Student,,Several times a week,Significantly reduced,Strongly agree,"Yes, regularly","Yes, to some extent",Lower / zero travel cost,,Significant loss of passengers and revenue,Male passengers — due to increased overcrowding,,Sometimes,Both morning and evening peaks,Rarely,More overcrowding,Extra buses during peak hours,
PS-SHT9VV,2026-09-16T01:55:54.572854+00:00,18–25,Female,Kannur,Rural,Student,,Daily,Significantly reduced,Strongly agree,"Yes, occasionally","Yes, significantly",Route availability,,No significant impact,Male passengers — due to increased overcrowding,,Always,Both morning and evening peaks,Rarely,More overcrowding,Demand-based route planning,
PS-PXBGSD,2026-09-16T02:48:46.640725+00:00,26–35,Female,Malappuram,Rural,Working,,Several times a week,Moderately reduced,Agree,Rarely,No change,Lower / zero travel cost,,Significant loss of passengers and revenue,Private bus operators — due to loss of passengers and revenue,,Always,Evening peak hours,Rarely,Greater passenger dissatisfaction; Continued challenges for private bus operators,Extra buses during peak hours; Special services for students and workers; Better coordination between KSRTC and private buses,
PS-YWZWLW,2026-09-16T02:49:34.689987+00:00,18–25,Female,Ernakulam,Semi-urban,Student,,Several times a week,Not applicable,Neutral,"Yes, occasionally",No change,Route availability,,Moderate loss of passengers and revenue,Private bus operators — due to loss of passengers and revenue,,Always,Both morning and evening peaks,"Yes, sometimes",Greater passenger dissatisfaction; Lower travel comfort,Extra buses during peak hours; Special services for students and workers; Smart pass / better verification,
PS-AN3OZJ,2026-09-16T03:01:50.991534+00:00,Below 18,Female,Kozhikode,Semi-urban,Student,,Occasionally,No reduction,Agree,Rarely,I still mainly use private buses,Lower / zero travel cost,,Significant loss of passengers and revenue,Private bus operators — due to loss of passengers and revenue,,Always,Morning peak hours,"Yes, very frequently",More overcrowding; Continued challenges for private bus operators; Lower travel comfort; More delays,Extra buses during peak hours; Special services for students and workers; Demand-based route planning,
PS-BAZ5J2,2026-09-16T03:03:01.506913+00:00,26–35,Male,Kozhikode,Urban,Homemaker,,Several times a week,Not applicable,Strongly agree,Not applicable,Not applicable,Better reliability,,Slight impact,No one is significantly negatively affected,,Always,Both morning and evening peaks,"Yes, very frequently",More overcrowding,Extra buses during peak hours; Special services for students and workers; Demand-based route planning; Smart pass / better verification,
PS-H6OWJ9,2026-09-16T03:29:05.749291+00:00,18–25,Female,Kannur,Semi-urban,Student,,Occasionally,Slightly reduced,Neutral,Rarely,Not applicable,Lower / zero travel cost,,No significant impact,Private bus operators — due to loss of passengers and revenue,,Always,Both morning and evening peaks,"Yes, very frequently",More overcrowding,Special services for students and workers,
PS-2T6Z4J,2026-09-16T03:34:35.905605+00:00,18–25,Female,Wayanad,Rural,Student,,Rarely,Moderately reduced,Strongly agree,"Yes, regularly",No change,Lower / zero travel cost,,Significant loss of passengers and revenue,Private bus operators — due to loss of passengers and revenue,,Always,Evening peak hours,"Yes, sometimes",Continued challenges for private bus operators,Special services for students and workers,
PS-H2TL4S,2026-09-16T03:36:07.902629+00:00,26–35,Female,Kasaragod,Urban,Working,,Occasionally,Slightly reduced,Disagree,Not applicable,No change,Lower / zero travel cost,,Moderate loss of passengers and revenue,Private bus operators — due to loss of passengers and revenue,,Always,Both morning and evening peaks,Rarely,More overcrowding; Increased pressure on KSRTC; Greater passenger dissatisfaction; More delays,Extra buses during peak hours; Special services for students and workers,
PS-5VSKGM,2026-09-16T04:00:13.850573+00:00,18–25,Female,Kollam,Urban,Student,,Rarely,Moderately reduced,Strongly agree,"Yes, regularly","Yes, to some extent",Better access to education/work,,Moderate loss of passengers and revenue,Private bus operators — due to loss of passengers and revenue,,Rarely,Throughout the day,"Yes, sometimes",Increased pressure on KSRTC,Demand-based route planning; Better coordination between KSRTC and private buses,
PS-JV3OAA,2026-09-16T04:03:54.464965+00:00,18–25,Female,Kollam,Rural,Working,,Rarely,Not applicable,Agree,Not applicable,I still mainly use private buses,Lower / zero travel cost,,Significant loss of passengers and revenue,Private bus operators — due to loss of passengers and revenue,,Sometimes,Throughout the day,Rarely,Greater passenger dissatisfaction; Continued challenges for private bus operators; Lower travel comfort,Special services for students and workers; Better coordination between KSRTC and private buses,
PS-IIGLQS,2026-09-16T04:12:52.850144+00:00,26–35,Female,Kasaragod,Urban,Homemaker,,Occasionally,Moderately reduced,Agree,Rarely,"Yes, to some extent",Better access to education/work,,Not sure,Other,,Often,Both morning and evening peaks,Never,More overcrowding,Extra buses during peak hours; Special services for students and workers; Better coordination between KSRTC and private buses; Smart pass / better verification,
PS-KOSQ1R,2026-09-16T04:12:56.830341+00:00,18–25,Male,Ernakulam,Rural,Student,,Several times a week,No reduction,Neutral,"No, I mainly used KSRTC","Yes, significantly",Better access to education/work,,Significant loss of passengers and revenue,No one is significantly negatively affected,,Always,Both morning and evening peaks,"Yes, very frequently",Continued challenges for private bus operators,Special services for students and workers; Demand-based route planning; Better coordination between KSRTC and private buses,
PS-A69RHK,2026-09-16T04:19:23.568273+00:00,18–25,Male,Palakkad,Semi-urban,Student,,Rarely,No reduction,Disagree,Not applicable,"Yes, significantly",Lower / zero travel cost,,Significant loss of passengers and revenue,Private bus operators — due to loss of passengers and revenue,,Always,Both morning and evening peaks,"Yes, sometimes",Increased pressure on KSRTC; Lower travel comfort; More delays,Extra buses during peak hours; Special services for students and workers,
PS-6RNISD,2026-09-16T04:35:01.436857+00:00,18–25,Male,Wayanad,Rural,Working,,Rarely,No reduction,Strongly disagree,"Yes, regularly",No change,Lower / zero travel cost,,Significant loss of passengers and revenue,Private bus operators — due to loss of passengers and revenue,,Sometimes,Evening peak hours,Rarely,Positive improvements if the government acts,Extra buses during peak hours,
PS-QJ763N,2026-09-16T04:43:31.963348+00:00,36–45,Male,Kasaragod,Rural,Working,,Daily,No reduction,Agree,"Yes, regularly",No change,Route availability,,Moderate loss of passengers and revenue,Private bus operators — due to loss of passengers and revenue,,Never,Evening peak hours,"Yes, very frequently",More overcrowding; Increased pressure on KSRTC,Better coordination between KSRTC and private buses,
PS-WPCG3W,2026-09-16T05:03:52.138127+00:00,18–25,Female,Malappuram,Rural,Student,,Several times a week,No reduction,Strongly disagree,Rarely,No change,Lower / zero travel cost,,Significant loss of passengers and revenue,Private bus operators — due to loss of passengers and revenue,,Often,Evening peak hours,"Yes, very frequently",Greater passenger dissatisfaction; Lower travel comfort; More delays,Better coordination between KSRTC and private buses,
PS-AAHSDF,2026-09-16T05:11:07.148982+00:00,18–25,Male,Palakkad,Semi-urban,Student,,Occasionally,Not applicable,Neutral,"Yes, occasionally",No change,Route availability,,Moderate loss of passengers and revenue,KSRTC staff / conductors — due to increased passenger pressure,,Often,Both morning and evening peaks,Rarely,More overcrowding,Demand-based route planning; Better coordination between KSRTC and private buses,
PS-Q7FC3M,2026-09-16T05:43:11.393369+00:00,18–25,Female,Thiruvananthapuram,Rural,Student,,Occasionally,Slightly reduced,Neutral,"Yes, occasionally",No change,Other,No change,Significant loss of passengers and revenue,Male passengers — due to increased overcrowding,,Always,Both morning and evening peaks,"Yes, sometimes",More overcrowding; Lower travel comfort,Extra buses during peak hours; Special services for students and workers,
PS-CCBEHT,2026-09-16T06:02:55.754080+00:00,18–25,Female,Kozhikode,Rural,Student,,Occasionally,Significantly reduced,Strongly agree,"Yes, regularly","Yes, significantly",Lower / zero travel cost,,Significant loss of passengers and revenue,Private bus operators — due to loss of passengers and revenue,,Often,Evening peak hours,"Yes, sometimes",Increased pressure on KSRTC; Continued challenges for private bus operators; Lower travel comfort,Special services for students and workers,
PS-JZ3XB8,2026-09-16T06:09:41.597172+00:00,18–25,Female,Kollam,Semi-urban,Student,,Occasionally,Not applicable,Strongly disagree,"Yes, regularly","Yes, significantly",Better access to education/work,,Moderate loss of passengers and revenue,Other,,Sometimes,Evening peak hours,"Yes, very frequently",Greater passenger dissatisfaction; Lower travel comfort; More delays,Special services for students and workers,
PS-TJKX5N,2026-09-16T06:11:51.117464+00:00,26–35,Female,Kollam,Semi-urban,Working,,Several times a week,Not applicable,Agree,"Yes, occasionally","Yes, to some extent",Scheme benefits,,Significant loss of passengers and revenue,Private bus operators — due to loss of passengers and revenue,,Always,Both morning and evening peaks,Rarely,Increased pressure on KSRTC,Extra buses during peak hours,
PS-9BTXWS,2026-09-16T06:32:00.846130+00:00,18–25,Female,Malappuram,Rural,Student,,Occasionally,Slightly reduced,Strongly agree,"Yes, occasionally",I still mainly use private buses,Lower / zero travel cost,,Slight impact,Other regular KSRTC passengers — due to overcrowding and delays,,Often,Both morning and evening peaks,Rarely,More overcrowding; Greater passenger dissatisfaction; Lower travel comfort,Extra buses during peak hours; Better coordination between KSRTC and private buses,
PS-FTGLGA,2026-09-16T06:37:35.465596+00:00,56 and above,Female,Malappuram,Rural,Student,,Several times a week,Significantly reduced,Agree,"Yes, regularly","Yes, significantly",Lower / zero travel cost,,Significant loss of passengers and revenue,Private bus operators — due to loss of passengers and revenue,,Sometimes,Evening peak hours,"Yes, very frequently",More overcrowding; Continued challenges for private bus operators,Extra buses during peak hours; Special services for students and workers; Other,
PS-YRLI6K,2026-09-16T06:58:53.901201+00:00,18–25,Female,Kasaragod,Rural,Student,,Daily,Significantly reduced,Agree,"No, I mainly used KSRTC","Yes, significantly",Lower / zero travel cost,,Not sure,Other,,Always,Both morning and evening peaks,"Yes, sometimes",Increased pressure on KSRTC; Greater passenger dissatisfaction; More delays,Special services for students and workers,
PS-FBSZYQ,2026-09-16T07:09:48.462713+00:00,18–25,Female,Kozhikode,Rural,Student,,Rarely,No reduction,Disagree,Rarely,"Yes, significantly",Better access to education/work,,Significant loss of passengers and revenue,Private bus operators — due to loss of passengers and revenue,,Sometimes,Evening peak hours,"Yes, very frequently",Lower travel comfort,Extra buses during peak hours,
PS-CH640W,2026-09-16T07:13:15.907457+00:00,18–25,Male,Wayanad,Semi-urban,Student,,Several times a week,Not applicable,Strongly agree,"Yes, regularly","Yes, significantly",Other,No change,Slight impact,Other regular KSRTC passengers — due to overcrowding and delays,,Sometimes,Rarely face overcrowding,"Yes, very frequently",More delays,Extra buses during peak hours; Smart pass / better verification,
PS-ZE4QDC,2026-09-16T07:28:30.487058+00:00,26–35,Male,Pathanamthitta,Urban,Working,,Several times a week,No reduction,Disagree,"Yes, occasionally","Yes, significantly",Better access to education/work,,Not sure,Private bus operators — due to loss of passengers and revenue,,Often,Morning peak hours,"Yes, sometimes",More overcrowding; Greater passenger dissatisfaction,Extra buses during peak hours; Special services for students and workers,
PS-HSUAT1,2026-09-16T07:48:22.854512+00:00,18–25,Male,Wayanad,Semi-urban,Working,,Daily,Slightly reduced,Neutral,"Yes, regularly","Yes, significantly",Lower / zero travel cost,,Significant loss of passengers and revenue,Private bus operators — due to loss of passengers and revenue,,Always,Morning peak hours,"Yes, very frequently",Lower travel comfort; More delays,Demand-based route planning,
PS-B7Q0QZ,2026-09-16T07:51:08.501873+00:00,26–35,Male,Pathanamthitta,Semi-urban,Working,,Occasionally,Slightly reduced,Neutral,"Yes, occasionally",No change,Lower / zero travel cost,,Moderate loss of passengers and revenue,Private bus operators — due to loss of passengers and revenue,,Always,Both morning and evening peaks,Rarely,Greater passenger dissatisfaction; Lower travel comfort; More delays,Extra buses during peak hours; Smart pass / better verification; Increase overall KSRTC fleet capacity,
PS-V31JJX,2026-09-16T08:05:17.334037+00:00,18–25,Male,Kottayam,Urban,Student,,Occasionally,No reduction,Agree,Rarely,Not applicable,Other,Not applicable,Moderate loss of passengers and revenue,No one is significantly negatively affected,,Always,Evening peak hours,"Yes, sometimes",Increased pressure on KSRTC; Lower travel comfort,Extra buses during peak hours,
PS-86NIFK,2026-09-16T08:11:18.828607+00:00,18–25,Female,Malappuram,Semi-urban,Student,,Occasionally,Not applicable,Strongly disagree,"Yes, occasionally",I did not use private buses previously,Scheme benefits,,Significant loss of passengers and revenue,Private bus operators — due to loss of passengers and revenue,,Often,Both morning and evening peaks,"Yes, sometimes",More overcrowding,Extra buses during peak hours; Special services for students and workers; Better coordination between KSRTC and private buses,
PS-GU3APG,2026-09-16T08:15:14.661655+00:00,18–25,Female,Malappuram,Semi-urban,Student,,Several times a week,No reduction,Agree,"Yes, regularly",I did not use private buses previously,Lower / zero travel cost,,Significant loss of passengers and revenue,Private bus operators — due to loss of passengers and revenue,,Sometimes,Both morning and evening peaks,Rarely,Greater passenger dissatisfaction; Lower travel comfort,Extra buses during peak hours; Special services for students and workers; Demand-based route planning; Better coordination between KSRTC and private buses,
PS-CDUHMS,2026-09-16T08:16:07.688163+00:00,18–25,Female,Kannur,Semi-urban,Student,,Several times a week,No reduction,Strongly disagree,"Yes, occasionally",No change,Route availability,,Significant loss of passengers and revenue,Other regular KSRTC passengers — due to overcrowding and delays,,Always,Both morning and evening peaks,"Yes, very frequently",More delays,Special services for students and workers; Demand-based route planning; Other,
PS-D22QAJ,2026-09-16T08:27:26.400573+00:00,18–25,Male,Kozhikode,Semi-urban,Student,,Occasionally,Slightly reduced,Agree,"Yes, occasionally",I still mainly use private buses,Other,Iam always travelling through ksrtc before the priyadharshini scheme,Slight impact,Male passengers — due to increased overcrowding,,Always,Both morning and evening peaks,"Yes, very frequently",More overcrowding; Increased pressure on KSRTC; More delays,Extra buses during peak hours; Better coordination between KSRTC and private buses,
PS-88W597,2026-09-16T08:30:28.781310+00:00,18–25,Male,Malappuram,Semi-urban,Student,,Several times a week,No reduction,Neutral,"Yes, regularly",No change,Other,Iam always travelling through ksrtc before the priyadharshini scheme,Moderate loss of passengers and revenue,Male passengers — due to increased overcrowding,,Always,Both morning and evening peaks,"Yes, sometimes",Lower travel comfort; More delays,Extra buses during peak hours; Special services for students and workers; Other,
PS-LFNASV,2026-09-16T08:31:13.198193+00:00,18–25,Female,Kannur,Semi-urban,Student,,Rarely,No reduction,Disagree,Not applicable,No change,Scheme benefits,,Moderate loss of passengers and revenue,Private bus operators — due to loss of passengers and revenue,,Rarely,Evening peak hours,Rarely,More overcrowding; Lower travel comfort; More delays,Extra buses during peak hours,
PS-K4FUYG,2026-09-16T08:31:46.572388+00:00,18–25,Male,Pathanamthitta,Urban,Student,,Occasionally,No reduction,Agree,"Yes, occasionally",I did not use private buses previously,Route availability,,Significant loss of passengers and revenue,Other regular KSRTC passengers — due to overcrowding and delays,,Often,Throughout the day,Rarely,More overcrowding,Special services for students and workers; Smart pass / better verification,
PS-2ZZG04,2026-09-16T08:35:22.466559+00:00,18–25,Female,Malappuram,Semi-urban,Student,,Occasionally,Slightly reduced,Agree,Rarely,"Yes, to some extent",Route availability,,Moderate loss of passengers and revenue,Male passengers — due to increased overcrowding,,Rarely,Both morning and evening peaks,"Yes, sometimes",Lower travel comfort,Extra buses during peak hours; Demand-based route planning,
PS-EA7ASR,2026-09-16T09:11:36.653500+00:00,56 and above,Other / Prefer not to say,Wayanad,Semi-urban,Student,,Rarely,Significantly reduced,Agree,"Yes, regularly",I did not use private buses previously,Lower / zero travel cost,,Significant loss of passengers and revenue,Private bus operators — due to loss of passengers and revenue,,Rarely,Throughout the day,"Yes, very frequently",More overcrowding; Positive improvements if the government acts,Extra buses during peak hours; Special services for students and workers,
PS-8E7F8I,2026-09-16T09:27:08.105515+00:00,18–25,Female,Kannur,Rural,Student,,Rarely,Significantly reduced,Agree,Rarely,"Yes, significantly",Lower / zero travel cost,,Significant loss of passengers and revenue,Private bus operators — due to loss of passengers and revenue,,Sometimes,Both morning and evening peaks,"Yes, sometimes",Greater passenger dissatisfaction; More delays,Extra buses during peak hours,
PS-GOLVN6,2026-09-16T09:40:41.159150+00:00,18–25,Female,Kasaragod,Semi-urban,Self-employed,,Rarely,Moderately reduced,Agree,"Yes, occasionally",No change,Lower / zero travel cost,,Moderate loss of passengers and revenue,Other regular KSRTC passengers — due to overcrowding and delays,,Rarely,Both morning and evening peaks,"Yes, sometimes",Continued challenges for private bus operators; Lower travel comfort,Demand-based route planning,
PS-R0E4VE,2026-09-16T09:44:13.290542+00:00,26–35,Female,Malappuram,Semi-urban,Student,,Occasionally,Significantly reduced,Strongly agree,"Yes, regularly","Yes, to some extent",Lower / zero travel cost,,No significant impact,Male passengers — due to increased overcrowding,,Often,Evening peak hours,"Yes, sometimes",More overcrowding; Greater passenger dissatisfaction; Lower travel comfort,Special services for students and workers; Better coordination between KSRTC and private buses; Increase overall KSRTC fleet capacity; Other,
PS-4MW8PL,2026-09-16T09:54:22.786388+00:00,18–25,Female,Kollam,Rural,Student,,Daily,Slightly reduced,Neutral,"Yes, occasionally","Yes, to some extent",Lower / zero travel cost,,Significant loss of passengers and revenue,Private bus operators — due to loss of passengers and revenue,,Always,Evening peak hours,Rarely,More overcrowding; Greater passenger dissatisfaction,Extra buses during peak hours; Special services for students and workers; Demand-based route planning; Other,
PS-YLRMPV,2026-09-16T10:04:09.895042+00:00,18–25,Female,Malappuram,Rural,Student,,Several times a week,Significantly reduced,Strongly agree,"Yes, regularly","Yes, significantly",Lower / zero travel cost,,Slight impact,Other regular KSRTC passengers — due to overcrowding and delays,,Sometimes,Both morning and evening peaks,Rarely,Lower travel comfort,Extra buses during peak hours; Special services for students and workers; Better coordination between KSRTC and private buses,
PS-MCDFB3,2026-09-16T10:08:04.376714+00:00,18–25,Female,Malappuram,Semi-urban,Student,,Occasionally,Significantly reduced,Strongly agree,"Yes, regularly","Yes, significantly",Route availability,,Significant loss of passengers and revenue,Private bus operators — due to loss of passengers and revenue,,Often,Both morning and evening peaks,Rarely,More overcrowding; Increased pressure on KSRTC; More delays,Extra buses during peak hours; Increase overall KSRTC fleet capacity,
PS-5R9LKV,2026-09-16T10:26:11.514132+00:00,18–25,Male,Kannur,Semi-urban,Student,,Occasionally,Not applicable,Neutral,"No, I mainly used KSRTC",I did not use private buses previously,Lower / zero travel cost,,Significant loss of passengers and revenue,Private bus operators — due to loss of passengers and revenue,,Always,Both morning and evening peaks,"Yes, sometimes",Lower travel comfort,Extra buses during peak hours; Special services for students and workers; Smart pass / better verification,
PS-58IY6W,2026-09-16T10:29:01.237101+00:00,Below 18,Female,Kozhikode,Semi-urban,Student,,Several times a week,Slightly reduced,Neutral,Rarely,"Yes, to some extent",Better access to education/work,,Significant loss of passengers and revenue,Private bus operators — due to loss of passengers and revenue,,Always,Both morning and evening peaks,"Yes, sometimes",More overcrowding,Special services for students and workers; Better coordination between KSRTC and private buses,
PS-JRB950,2026-09-16T10:36:59.820742+00:00,26–35,Female,Kozhikode,Rural,Student,,Several times a week,Significantly reduced,Strongly agree,"Yes, regularly","Yes, to some extent",Route availability,,No significant impact,Other regular KSRTC passengers — due to overcrowding and delays,,Always,Evening peak hours,"Yes, very frequently",More overcrowding; Lower travel comfort,Extra buses during peak hours; Special services for students and workers,
PS-A85QP6,2026-09-16T10:56:51.646961+00:00,18–25,Male,Kollam,Semi-urban,Student,,Several times a week,No reduction,Disagree,"Yes, regularly","Yes, significantly",Better reliability,,Moderate loss of passengers and revenue,Other regular KSRTC passengers — due to overcrowding and delays,,Always,Both morning and evening peaks,"Yes, very frequently",Increased pressure on KSRTC,Extra buses during peak hours; Better coordination between KSRTC and private buses,
PS-IAFBV8,2026-09-16T11:28:06.511813+00:00,46–55,Male,Wayanad,Rural,Student,,Occasionally,No reduction,Neutral,"No, I mainly used KSRTC",No change,Other,Safe travel for women commuters,Significant loss of passengers and revenue,Private bus operators — due to loss of passengers and revenue,,Always,Both morning and evening peaks,"Yes, very frequently",More overcrowding; Increased pressure on KSRTC; Lower travel comfort; More delays,Special services for students and workers,
PS-K21UTZ,2026-09-16T11:32:00.936181+00:00,26–35,Female,Palakkad,Semi-urban,Business,,Daily,Significantly reduced,Agree,"No, I mainly used KSRTC",No change,Better access to education/work,,Moderate loss of passengers and revenue,Private bus operators — due to loss of passengers and revenue,,Always,Morning peak hours,Rarely,Lower travel comfort,Extra buses during peak hours; Special services for students and workers; Demand-based route planning; Smart pass / better verification,
PS-IZ8U5G,2026-09-16T11:32:06.918742+00:00,18–25,Female,Malappuram,Rural,Student,,Rarely,Slightly reduced,Neutral,Not applicable,"Yes, to some extent",Lower / zero travel cost,,Moderate loss of passengers and revenue,Male passengers — due to increased overcrowding,,Often,Both morning and evening peaks,"Yes, very frequently",Greater passenger dissatisfaction; More delays,Special services for students and workers,
PS-0Z0PCG,2026-09-16T12:07:00.343082+00:00,56 and above,Female,Malappuram,Rural,Self-employed,,Daily,Slightly reduced,Neutral,"Yes, regularly",No change,Scheme benefits,,Significant loss of passengers and revenue,Male passengers — due to increased overcrowding,,Always,Evening peak hours,"Yes, very frequently",More overcrowding,Extra buses during peak hours; Special services for students and workers,
PS-LCA6ZK,2026-09-16T12:09:24.472546+00:00,18–25,Female,Kozhikode,Rural,Student,,Several times a week,Not applicable,Agree,Rarely,Not applicable,Better access to education/work,,Significant loss of passengers and revenue,Private bus operators — due to loss of passengers and revenue,,Often,Evening peak hours,"Yes, very frequently",More overcrowding,Extra buses during peak hours; Demand-based route planning,
PS-9UU83I,2026-09-16T12:10:39.883612+00:00,26–35,Female,Wayanad,Rural,Working,,Daily,Moderately reduced,Strongly agree,"Yes, occasionally",I still mainly use private buses,Lower / zero travel cost,,Moderate loss of passengers and revenue,Private bus operators — due to loss of passengers and revenue,,Never,Throughout the day,"Yes, sometimes",Lower travel comfort,Extra buses during peak hours; Demand-based route planning; Other,
PS-T8PLGV,2026-09-16T12:14:10.967892+00:00,56 and above,Female,Malappuram,Rural,Self-employed,,Occasionally,Slightly reduced,Agree,"Yes, regularly","Yes, to some extent",Better reliability,,Significant loss of passengers and revenue,Other regular KSRTC passengers — due to overcrowding and delays,,Often,Evening peak hours,"Yes, sometimes",More overcrowding; Greater passenger dissatisfaction,Extra buses during peak hours,
PS-ZESO3X,2026-09-16T12:16:38.210541+00:00,18–25,Female,Malappuram,Rural,Student,,Occasionally,Not applicable,Agree,"No, I mainly used KSRTC",I did not use private buses previously,Scheme benefits,,Significant loss of passengers and revenue,Private bus operators — due to loss of passengers and revenue,,Always,Both morning and evening peaks,"Yes, sometimes",Continued challenges for private bus operators,Extra buses during peak hours; Special services for students and workers; Better coordination between KSRTC and private buses,
PS-GBA2Q4,2026-09-16T12:19:31.886347+00:00,18–25,Male,Thiruvananthapuram,Semi-urban,Student,,Occasionally,No reduction,Agree,"Yes, occasionally",No change,Route availability,,Moderate loss of passengers and revenue,Private bus operators — due to loss of passengers and revenue,,Always,Both morning and evening peaks,Rarely,More overcrowding; Lower travel comfort; More delays,Special services for students and workers; Demand-based route planning,
PS-ZHMNFC,2026-09-16T12:24:31.302136+00:00,18–25,Female,Kasaragod,Rural,Working,,Several times a week,Significantly reduced,Strongly agree,Rarely,Not applicable,Lower / zero travel cost,,Slight impact,Private bus operators — due to loss of passengers and revenue,,Always,Evening peak hours,"Yes, sometimes",Continued challenges for private bus operators; Lower travel comfort,Extra buses during peak hours; Special services for students and workers; Demand-based route planning; Better coordination between KSRTC and private buses,
PS-Z2IJCL,2026-09-16T12:42:33.976989+00:00,18–25,Female,Malappuram,Rural,Student,,Rarely,Significantly reduced,Strongly agree,"Yes, regularly","Yes, significantly",Better access to education/work,,Moderate loss of passengers and revenue,Other,,Sometimes,Evening peak hours,"Yes, very frequently",Lower travel comfort,Special services for students and workers,
PS-W8VME5,2026-09-16T12:44:15.416045+00:00,26–35,Female,Kasaragod,Urban,Student,,Occasionally,Not applicable,Strongly agree,Rarely,"Yes, significantly",Lower / zero travel cost,,Slight impact,Private bus operators — due to loss of passengers and revenue,,Often,Both morning and evening peaks,Rarely,Lower travel comfort; More delays; Positive improvements if the government acts,Special services for students and workers; Increase overall KSRTC fleet capacity,
PS-HUR0RF,2026-09-16T12:52:25.231118+00:00,36–45,Male,Kollam,Rural,Working,,Occasionally,Not applicable,Agree,"Yes, occasionally",No change,Other,Not applicable,Moderate loss of passengers and revenue,Male passengers — due to increased overcrowding,,Always,Morning peak hours,Rarely,More overcrowding; Continued challenges for private bus operators,Extra buses during peak hours,
PS-GFWHUT,2026-09-16T13:03:11.195326+00:00,18–25,Female,Kottayam,Semi-urban,Student,,Occasionally,Significantly reduced,Strongly agree,"Yes, occasionally",I did not use private buses previously,Other,Not applicable,Significant loss of passengers and revenue,Private bus operators — due to loss of passengers and revenue,,Often,Both morning and evening peaks,"Yes, sometimes",Continued challenges for private bus operators; More delays,Special services for students and workers; Better coordination between KSRTC and private buses; Increase overall KSRTC fleet capacity,
PS-QR0PGC,2026-09-16T13:07:41.177656+00:00,18–25,Male,Wayanad,Rural,Working,,Daily,Not applicable,Strongly agree,"No, I mainly used KSRTC",Not applicable,Better access to education/work,,Moderate loss of passengers and revenue,Private bus operators — due to loss of passengers and revenue,,Always,Morning peak hours,"Yes, sometimes",Greater passenger dissatisfaction; Lower travel comfort; More delays,Extra buses during peak hours,
PS-QZVSFQ,2026-09-16T13:12:55.126088+00:00,18–25,Female,Thiruvananthapuram,Rural,Working,,Rarely,Significantly reduced,Agree,"No, I mainly used KSRTC","Yes, to some extent",Better access to education/work,,Significant loss of passengers and revenue,Private bus operators — due to loss of passengers and revenue,,Sometimes,Rarely face overcrowding,"Yes, sometimes",More delays,Demand-based route planning,
PS-AKZG27,2026-09-16T13:18:57.779634+00:00,18–25,Female,Malappuram,Semi-urban,Student,,Rarely,Moderately reduced,Neutral,Rarely,"Yes, to some extent",Lower / zero travel cost,,Not sure,Private bus operators — due to loss of passengers and revenue,,Sometimes,Evening peak hours,"Yes, very frequently",Lower travel comfort,Special services for students and workers,
PS-GX2MGV,2026-09-16T13:20:13.590123+00:00,18–25,Male,Palakkad,Semi-urban,Student,,Rarely,No reduction,Agree,Not applicable,Not applicable,Better reliability,,Significant loss of passengers and revenue,KSRTC staff / conductors — due to increased passenger pressure,,Often,Evening peak hours,"Yes, sometimes",More overcrowding; Lower travel comfort,Extra buses during peak hours; Better coordination between KSRTC and private buses,
PS-M839XF,2026-09-16T13:22:14.101286+00:00,18–25,Male,Malappuram,Semi-urban,Student,,Several times a week,No reduction,Agree,"Yes, regularly","Yes, significantly",Scheme benefits,,Significant loss of passengers and revenue,Private bus operators — due to loss of passengers and revenue,,Always,Both morning and evening peaks,"Yes, very frequently",More delays,Special services for students and workers,
PS-3U1FH9,2026-09-16T13:29:51.787536+00:00,Below 18,Female,Wayanad,Semi-urban,Student,,Several times a week,Significantly reduced,Neutral,"Yes, regularly","Yes, significantly",Better access to education/work,,Moderate loss of passengers and revenue,Other regular KSRTC passengers — due to overcrowding and delays,,Often,Throughout the day,"Yes, sometimes",More overcrowding; Increased pressure on KSRTC; Greater passenger dissatisfaction,Extra buses during peak hours; Special services for students and workers; Smart pass / better verification,
PS-LE7TDH,2026-09-16T13:39:56.413997+00:00,18–25,Male,Kozhikode,Urban,Working,,Several times a week,Slightly reduced,Neutral,Rarely,Not applicable,Better reliability,,Significant loss of passengers and revenue,Private bus operators — due to loss of passengers and revenue,,Never,Both morning and evening peaks,"Yes, very frequently",Increased pressure on KSRTC; Greater passenger dissatisfaction; More delays; Other,Better coordination between KSRTC and private buses,
PS-X1DI1S,2026-09-16T13:57:39.536124+00:00,18–25,Male,Kottayam,Rural,Student,,Occasionally,Not applicable,Agree,"Yes, occasionally",No change,Scheme benefits,,Moderate loss of passengers and revenue,Male passengers — due to increased overcrowding,,Often,Evening peak hours,"Yes, very frequently",More overcrowding; Increased pressure on KSRTC; Lower travel comfort,Extra buses during peak hours; Special services for students and workers,
PS-6W1SFO,2026-09-16T14:36:25.789070+00:00,18–25,Female,Kannur,Rural,Student,,Daily,Significantly reduced,Agree,"Yes, occasionally","Yes, significantly",Lower / zero travel cost,,Slight impact,Private bus operators — due to loss of passengers and revenue,,Sometimes,Evening peak hours,"Yes, very frequently",Greater passenger dissatisfaction,Special services for students and workers,
PS-FSBH9H,2026-09-16T14:50:49.536877+00:00,18–25,Female,Malappuram,Rural,Student,,Occasionally,Significantly reduced,Agree,"Yes, regularly","Yes, significantly",Lower / zero travel cost,,Moderate loss of passengers and revenue,Private bus operators — due to loss of passengers and revenue,,Often,Morning peak hours,Never,More delays,Special services for students and workers,
PS-JB8GC3,2026-09-16T14:51:46.686710+00:00,Below 18,Female,Malappuram,Rural,Working,,Several times a week,Not applicable,Agree,"Yes, occasionally","Yes, significantly",Better access to education/work,,Significant loss of passengers and revenue,Private bus operators — due to loss of passengers and revenue,,Always,Evening peak hours,Rarely,More overcrowding; Lower travel comfort,Extra buses during peak hours; Demand-based route planning,
PS-2VC5ML,2026-09-16T15:04:58.802130+00:00,Below 18,Female,Kozhikode,Semi-urban,Student,,Several times a week,Slightly reduced,Agree,Rarely,No change,Other,Safe travel for women commuters,Significant loss of passengers and revenue,Male passengers — due to increased overcrowding,,Sometimes,Evening peak hours,Rarely,Greater passenger dissatisfaction,Extra buses during peak hours; Special services for students and workers; Demand-based route planning,
PS-CVENBX,2026-09-16T15:25:08.249746+00:00,18–25,Male,Ernakulam,Urban,Student,,Rarely,No reduction,Disagree,Not applicable,No change,Other,Not applicable,Significant loss of passengers and revenue,Private bus operators — due to loss of passengers and revenue,,Rarely,Both morning and evening peaks,"Yes, sometimes",Lower travel comfort,Extra buses during peak hours; Special services for students and workers; Other,
PS-FWUWGY,2026-09-16T15:49:58.259373+00:00,18–25,Male,Thiruvananthapuram,Rural,Student,,Daily,Moderately reduced,Neutral,"Yes, occasionally",I still mainly use private buses,Lower / zero travel cost,,No significant impact,KSRTC staff / conductors — due to increased passenger pressure,,Often,Both morning and evening peaks,"Yes, sometimes",More overcrowding; Increased pressure on KSRTC,Special services for students and workers,
PS-8HE54H,2026-09-16T16:08:28.473590+00:00,18–25,Female,Ernakulam,Urban,Working,,Several times a week,Not applicable,Disagree,Rarely,Not applicable,Other,Not applicable,Significant loss of passengers and revenue,Private bus operators — due to loss of passengers and revenue,,Always,Both morning and evening peaks,"Yes, sometimes",More overcrowding; Lower travel comfort,Demand-based route planning,
PS-RFQ6LC,2026-09-16T16:14:39.990188+00:00,18–25,Female,Malappuram,Semi-urban,Student,,Occasionally,Slightly reduced,Neutral,Rarely,I still mainly use private buses,Lower / zero travel cost,,Significant loss of passengers and revenue,Private bus operators — due to loss of passengers and revenue,,Always,Morning peak hours,"Yes, very frequently",More overcrowding,Extra buses during peak hours; Special services for students and workers,
PS-UEKC0Z,2026-09-16T16:24:16.708867+00:00,18–25,Male,Wayanad,Rural,Student,,Daily,Slightly reduced,Neutral,"No, I mainly used KSRTC",I still mainly use private buses,Lower / zero travel cost,,Slight impact,No one is significantly negatively affected,,Always,Evening peak hours,Rarely,Increased pressure on KSRTC; Lower travel comfort,Extra buses during peak hours; Special services for students and workers; Better coordination between KSRTC and private buses,
PS-36X9FE,2026-09-16T16:28:45.379659+00:00,18–25,Female,Kozhikode,Rural,Student,,Rarely,Moderately reduced,Agree,"Yes, occasionally","Yes, to some extent",Lower / zero travel cost,,Not sure,Private bus operators — due to loss of passengers and revenue,,Often,Evening peak hours,"Yes, sometimes",Increased pressure on KSRTC; Lower travel comfort; More delays,Special services for students and workers; Increase overall KSRTC fleet capacity,
PS-3JLI81,2026-09-16T16:29:52.167904+00:00,18–25,Male,Kasaragod,Rural,Student,,Daily,Slightly reduced,Agree,"No, I mainly used KSRTC",No change,Other,Direct bus route available without changing buses,Significant loss of passengers and revenue,Male passengers — due to increased overcrowding,,Always,Evening peak hours,"Yes, very frequently",Continued challenges for private bus operators,Extra buses during peak hours; Special services for students and workers,
PS-IK4414,2026-09-16T16:33:28.221636+00:00,18–25,Female,Malappuram,Rural,Student,,Rarely,Significantly reduced,Strongly agree,Not applicable,"Yes, significantly",Better access to education/work,,Significant loss of passengers and revenue,Private bus operators — due to loss of passengers and revenue,,Sometimes,Evening peak hours,"Yes, sometimes",Greater passenger dissatisfaction; Lower travel comfort,Extra buses during peak hours; Special services for students and workers; Better coordination between KSRTC and private buses; Smart pass / better verification,
PS-WWOWLR,2026-09-16T16:34:59.487779+00:00,18–25,Male,Pathanamthitta,Rural,Student,,Occasionally,No reduction,Agree,Rarely,Not applicable,Lower / zero travel cost,,No significant impact,Other regular KSRTC passengers — due to overcrowding and delays,,Often,Both morning and evening peaks,"Yes, sometimes",Greater passenger dissatisfaction; Lower travel comfort; More delays,Demand-based route planning; Better coordination between KSRTC and private buses,
PS-A9KCNJ,2026-09-16T17:04:57.556975+00:00,56 and above,Female,Malappuram,Semi-urban,Working,,Occasionally,Slightly reduced,Agree,Rarely,"Yes, to some extent",Better reliability,,Significant loss of passengers and revenue,Private bus operators — due to loss of passengers and revenue,,Often,Both morning and evening peaks,Rarely,Lower travel comfort,Demand-based route planning; Other,
PS-OG0HRT,2026-09-16T17:07:27.840824+00:00,18–25,Male,Wayanad,Rural,Student,,Several times a week,Significantly reduced,Agree,"Yes, occasionally","Yes, to some extent",Better reliability,,No significant impact,Private bus operators — due to loss of passengers and revenue,,Always,Both morning and evening peaks,"Yes, very frequently",Lower travel comfort,Special services for students and workers,
PS-AE9ITC,2026-09-16T17:14:45.436338+00:00,18–25,Female,Kannur,Semi-urban,Student,,Several times a week,Slightly reduced,Neutral,Rarely,"Yes, to some extent",Route availability,,Significant loss of passengers and revenue,Private bus operators — due to loss of passengers and revenue,,Rarely,Morning peak hours,"Yes, sometimes",More delays,Extra buses during peak hours; Better coordination between KSRTC and private buses; Smart pass / better verification,
PS-0LI3H2,2026-09-16T17:35:22.443443+00:00,18–25,Female,Kozhikode,Urban,Student,,Rarely,Significantly reduced,Strongly agree,Rarely,"Yes, significantly",Lower / zero travel cost,,Significant loss of passengers and revenue,Private bus operators — due to loss of passengers and revenue,,Rarely,Both morning and evening peaks,"Yes, very frequently",Positive improvements if the government acts,Extra buses during peak hours; Demand-based route planning,
PS-VAOCBS,2026-09-16T17:38:44.366201+00:00,Below 18,Female,Malappuram,Semi-urban,Student,,Occasionally,Slightly reduced,Strongly agree,"Yes, occasionally",No change,Scheme benefits,,Significant loss of passengers and revenue,Private bus operators — due to loss of passengers and revenue,,Often,Evening peak hours,Rarely,More overcrowding; Increased pressure on KSRTC,Special services for students and workers; Increase overall KSRTC fleet capacity,
PS-JKZQPE,2026-09-16T17:39:16.350610+00:00,18–25,Male,Thiruvananthapuram,Urban,Student,,Rarely,Significantly reduced,Strongly agree,Not applicable,"Yes, to some extent",Better access to education/work,,Slight impact,Private bus operators — due to loss of passengers and revenue,,Always,Evening peak hours,"Yes, sometimes",More overcrowding; Continued challenges for private bus operators,Extra buses during peak hours,
PS-61DCVV,2026-09-16T17:39:42.376703+00:00,18–25,Male,Kasaragod,Rural,Student,,Several times a week,Slightly reduced,Agree,Rarely,No change,Other,No change,Significant loss of passengers and revenue,Other regular KSRTC passengers — due to overcrowding and delays,,Always,Both morning and evening peaks,"Yes, very frequently",Increased pressure on KSRTC,Special services for students and workers; Better coordination between KSRTC and private buses,
PS-R4NT9P,2026-09-16T17:41:04.543503+00:00,26–35,Female,Malappuram,Rural,Student,,Daily,Not applicable,Disagree,"Yes, regularly",No change,Route availability,,Significant loss of passengers and revenue,Private bus operators — due to loss of passengers and revenue,,Often,Both morning and evening peaks,"Yes, sometimes",More overcrowding; Greater passenger dissatisfaction; Lower travel comfort; Positive improvements if the government acts,Demand-based route planning; Better coordination between KSRTC and private buses; Smart pass / better verification,
PS-QXNROX,2026-09-16T17:57:18.633958+00:00,18–25,Female,Malappuram,Semi-urban,Student,,Occasionally,Slightly reduced,Agree,Rarely,Not applicable,Lower / zero travel cost,,Significant loss of passengers and revenue,Private bus operators — due to loss of passengers and revenue,,Often,Both morning and evening peaks,Never,More overcrowding,Extra buses during peak hours; Special services for students and workers; Better coordination between KSRTC and private buses; Increase overall KSRTC fleet capacity,
PS-S5BEJ0,2026-09-16T18:07:27.464831+00:00,18–25,Female,Kozhikode,Rural,Student,,Occasionally,Slightly reduced,Agree,Rarely,I still mainly use private buses,Lower / zero travel cost,,Significant loss of passengers and revenue,Male passengers — due to increased overcrowding,,Rarely,Evening peak hours,"Yes, sometimes",More overcrowding,Extra buses during peak hours; Better coordination between KSRTC and private buses,
PS-96NQBS,2026-09-16T18:31:01.498788+00:00,18–25,Male,Kannur,Rural,Student,,Daily,Moderately reduced,Agree,"No, I mainly used KSRTC","Yes, to some extent",Better access to education/work,,Moderate loss of passengers and revenue,Other regular KSRTC passengers — due to overcrowding and delays,,Sometimes,Evening peak hours,"Yes, sometimes",More delays,Special services for students and workers,
PS-Y4ABDY,2026-09-16T18:31:36.114493+00:00,18–25,Male,Wayanad,Semi-urban,Student,,Rarely,Significantly reduced,Agree,Rarely,Not applicable,Lower / zero travel cost,,Moderate loss of passengers and revenue,KSRTC staff / conductors — due to increased passenger pressure,,Sometimes,Both morning and evening peaks,Rarely,Lower travel comfort,Better coordination between KSRTC and private buses; Increase overall KSRTC fleet capacity,
PS-NREGI3,2026-09-16T18:45:10.198963+00:00,18–25,Female,Kannur,Semi-urban,Working,,Several times a week,Significantly reduced,Agree,"Yes, regularly","Yes, significantly",Better reliability,,Moderate loss of passengers and revenue,Private bus operators — due to loss of passengers and revenue,,Always,Morning peak hours,"Yes, very frequently",Increased pressure on KSRTC; Lower travel comfort,Extra buses during peak hours; Better coordination between KSRTC and private buses,
PS-ULUWTA,2026-09-16T18:53:26.231257+00:00,18–25,Female,Kollam,Rural,Student,,Daily,Significantly reduced,Agree,"Yes, occasionally","Yes, to some extent",Scheme benefits,,Significant loss of passengers and revenue,Male passengers — due to increased overcrowding,,Sometimes,Morning peak hours,Rarely,Lower travel comfort,Extra buses during peak hours,
PS-UVRPFI,2026-09-16T18:54:34.478908+00:00,18–25,Female,Kasaragod,Rural,Student,,Several times a week,Significantly reduced,Agree,"Yes, regularly","Yes, significantly",Lower / zero travel cost,,Significant loss of passengers and revenue,Private bus operators — due to loss of passengers and revenue,,Rarely,Both morning and evening peaks,"Yes, sometimes",Lower travel comfort; More delays,Special services for students and workers,
PS-M2MSWQ,2026-09-16T18:58:33.805943+00:00,36–45,Male,Wayanad,Rural,Student,,Several times a week,Moderately reduced,Strongly disagree,Rarely,I did not use private buses previously,Route availability,,No significant impact,Private bus operators — due to loss of passengers and revenue,,Always,Evening peak hours,"Yes, sometimes",More overcrowding; Greater passenger dissatisfaction; Lower travel comfort,Extra buses during peak hours; Better coordination between KSRTC and private buses,
PS-N8ARB7,2026-09-16T19:03:10.997920+00:00,18–25,Female,Malappuram,Rural,Student,,Several times a week,Significantly reduced,Strongly agree,Rarely,"Yes, significantly",Lower / zero travel cost,,Significant loss of passengers and revenue,Other regular KSRTC passengers — due to overcrowding and delays,,Always,Evening peak hours,"Yes, sometimes",Greater passenger dissatisfaction,Extra buses during peak hours; Special services for students and workers; Demand-based route planning; Better coordination between KSRTC and private buses,
PS-MO7R9A,2026-09-16T19:15:13.313738+00:00,18–25,Male,Pathanamthitta,Semi-urban,Student,,Occasionally,Slightly reduced,Strongly disagree,"Yes, regularly",No change,Other,Safe travel for women commuters,Slight impact,Male passengers — due to increased overcrowding,,Always,Evening peak hours,"Yes, sometimes",More overcrowding; Increased pressure on KSRTC; Lower travel comfort,Special services for students and workers,
PS-IH2HXJ,2026-09-16T19:17:23.951928+00:00,18–25,Female,Kasaragod,Rural,Student,,Several times a week,Not applicable,Disagree,"Yes, regularly","Yes, significantly",Lower / zero travel cost,,Significant loss of passengers and revenue,Private bus operators — due to loss of passengers and revenue,,Always,Both morning and evening peaks,"Yes, very frequently",More overcrowding; Continued challenges for private bus operators; Lower travel comfort,Demand-based route planning,
PS-L9CW5K,2026-09-16T19:18:23.293562+00:00,18–25,Male,Malappuram,Rural,Student,,Occasionally,Not applicable,Neutral,"No, I mainly used KSRTC",Not applicable,Other,Direct bus route available without changing buses,Significant loss of passengers and revenue,Male passengers — due to increased overcrowding,,Always,Both morning and evening peaks,Rarely,More overcrowding; Continued challenges for private bus operators; Lower travel comfort,Extra buses during peak hours; Special services for students and workers; Demand-based route planning; Better coordination between KSRTC and private buses; Smart pass / better verification,
PS-4KNCQI,2026-09-16T19:34:06.431514+00:00,18–25,Female,Malappuram,Urban,Student,,Rarely,Slightly reduced,Agree,Rarely,I still mainly use private buses,Route availability,,No significant impact,Other regular KSRTC passengers — due to overcrowding and delays,,Always,Both morning and evening peaks,"Yes, very frequently",More overcrowding; Greater passenger dissatisfaction; Lower travel comfort; More delays,Special services for students and workers,
PS-G2TC2U,2026-09-16T19:37:47.108724+00:00,18–25,Female,Pathanamthitta,Semi-urban,Student,,Daily,Significantly reduced,Agree,Rarely,I still mainly use private buses,Lower / zero travel cost,,Moderate loss of passengers and revenue,Other regular KSRTC passengers — due to overcrowding and delays,,Often,Both morning and evening peaks,Rarely,Lower travel comfort,Extra buses during peak hours,
PS-8AVJ0O,2026-09-16T20:20:48.271099+00:00,18–25,Male,Wayanad,Semi-urban,Student,,Daily,No reduction,Agree,"No, I mainly used KSRTC",I still mainly use private buses,Lower / zero travel cost,,Moderate loss of passengers and revenue,Other,,Always,Morning peak hours,"Yes, very frequently",Increased pressure on KSRTC; Greater passenger dissatisfaction; More delays,Extra buses during peak hours; Special services for students and workers,
PS-YCHFP2,2026-09-16T20:52:50.646987+00:00,18–25,Male,Ernakulam,Semi-urban,Student,,Rarely,Not applicable,Strongly disagree,Rarely,Not applicable,Better reliability,,Moderate loss of passengers and revenue,Private bus operators — due to loss of passengers and revenue,,Always,Evening peak hours,Never,Increased pressure on KSRTC; Continued challenges for private bus operators,Special services for students and workers,
PS-L5XT4R,2026-09-16T21:02:13.649985+00:00,18–25,Male,Malappuram,Rural,Student,,Rarely,Not applicable,Strongly disagree,Not applicable,Not applicable,Better access to education/work,,No significant impact,Other regular KSRTC passengers — due to overcrowding and delays,,Rarely,Throughout the day,Never,More overcrowding,Special services for students and workers,
PS-K07CZH,2026-09-16T21:04:31.418718+00:00,18–25,Female,Kannur,Rural,Self-employed,,Occasionally,Slightly reduced,Agree,"Yes, regularly","Yes, to some extent",Lower / zero travel cost,,Significant loss of passengers and revenue,Private bus operators — due to loss of passengers and revenue,,Often,Both morning and evening peaks,Rarely,Increased pressure on KSRTC; Continued challenges for private bus operators; Lower travel comfort; More delays,Special services for students and workers; Smart pass / better verification; Increase overall KSRTC fleet capacity,
PS-TD4C87,2026-09-16T21:28:41.676533+00:00,18–25,Female,Malappuram,Rural,Student,,Daily,Slightly reduced,Agree,"Yes, occasionally","Yes, significantly",Other,Direct bus route available without changing buses,Moderate loss of passengers and revenue,Private bus operators — due to loss of passengers and revenue,,Sometimes,Both morning and evening peaks,"Yes, sometimes",Increased pressure on KSRTC; Greater passenger dissatisfaction; More delays; Positive improvements if the government acts,Special services for students and workers,
PS-VE2A27,2026-09-16T21:29:43.360649+00:00,18–25,Male,Kasaragod,Rural,Student,,Several times a week,Not applicable,Disagree,Rarely,Not applicable,Lower / zero travel cost,,Moderate loss of passengers and revenue,Private bus operators — due to loss of passengers and revenue,,Always,Evening peak hours,"Yes, very frequently",More overcrowding; Greater passenger dissatisfaction; Lower travel comfort,Smart pass / better verification; Increase overall KSRTC fleet capacity,
PS-P9YOHA,2026-09-16T21:53:46.158488+00:00,Below 18,Female,Kollam,Semi-urban,Student,,Daily,Slightly reduced,Agree,"No, I mainly used KSRTC","Yes, significantly",Lower / zero travel cost,,Moderate loss of passengers and revenue,Private bus operators — due to loss of passengers and revenue,,Always,Both morning and evening peaks,"Yes, very frequently",Continued challenges for private bus operators,Extra buses during peak hours; Better coordination between KSRTC and private buses; Smart pass / better verification,
PS-LK9U0G,2026-09-16T22:05:37.943986+00:00,18–25,Female,Kozhikode,Semi-urban,Student,,Several times a week,Not applicable,Disagree,"Yes, regularly",No change,Other,Direct bus route available without changing buses,Significant loss of passengers and revenue,Private bus operators — due to loss of passengers and revenue,,Always,Both morning and evening peaks,"Yes, very frequently",More overcrowding; Lower travel comfort,Smart pass / better verification,
PS-SZAVZO,2026-09-16T22:09:18.152925+00:00,18–25,Female,Malappuram,Semi-urban,Student,,Daily,Not applicable,Agree,Not applicable,I still mainly use private buses,Lower / zero travel cost,,Significant loss of passengers and revenue,Other regular KSRTC passengers — due to overcrowding and delays,,Always,Both morning and evening peaks,"Yes, sometimes",Continued challenges for private bus operators; Lower travel comfort,Better coordination between KSRTC and private buses,
PS-Q5UJIN,2026-09-16T22:13:05.168399+00:00,18–25,Female,Kollam,Semi-urban,Student,,Occasionally,Slightly reduced,Disagree,"Yes, occasionally","Yes, to some extent",Better access to education/work,,Significant loss of passengers and revenue,Private bus operators — due to loss of passengers and revenue,,Always,Both morning and evening peaks,"Yes, sometimes",More overcrowding; Lower travel comfort,Extra buses during peak hours; Smart pass / better verification; Increase overall KSRTC fleet capacity,
PS-V7QUFV,2026-09-16T22:16:06.320807+00:00,Below 18,Male,Palakkad,Urban,Self-employed,,Occasionally,Not applicable,Agree,Rarely,Not applicable,Other,Not applicable,No significant impact,Private bus operators — due to loss of passengers and revenue,,Always,Both morning and evening peaks,"Yes, sometimes",Lower travel comfort,Smart pass / better verification; Increase overall KSRTC fleet capacity; Other,
PS-OFNKPN,2026-09-16T22:47:49.970785+00:00,46–55,Female,Kozhikode,Rural,Working,,Occasionally,Slightly reduced,Agree,"Yes, occasionally","Yes, to some extent",Route availability,,Not sure,Other,,Sometimes,Both morning and evening peaks,Rarely,Lower travel comfort,Special services for students and workers; Smart pass / better verification,
PS-HYZE5L,2026-09-16T22:54:19.784932+00:00,18–25,Female,Kannur,Rural,Student,,Occasionally,Moderately reduced,Agree,Rarely,No change,Route availability,,Moderate loss of passengers and revenue,Other,,Always,Both morning and evening peaks,"Yes, sometimes",More overcrowding; Continued challenges for private bus operators; Lower travel comfort; More delays,Demand-based route planning; Smart pass / better verification,
PS-3VN7VV,2026-09-16T23:01:22.222139+00:00,18–25,Female,Malappuram,Rural,Student,,Occasionally,Not applicable,Disagree,"No, I mainly used KSRTC","Yes, significantly",Better access to education/work,,No significant impact,Other regular KSRTC passengers — due to overcrowding and delays,,Always,Morning peak hours,"Yes, very frequently",More overcrowding; More delays,Special services for students and workers; Increase overall KSRTC fleet capacity,
PS-7UNPYZ,2026-09-16T23:29:16.151075+00:00,26–35,Female,Kasaragod,Semi-urban,Student,,Several times a week,Not applicable,Strongly disagree,Rarely,I still mainly use private buses,Lower / zero travel cost,,Slight impact,Male passengers — due to increased overcrowding,,Always,Both morning and evening peaks,"Yes, sometimes",Continued challenges for private bus operators; More delays,Extra buses during peak hours; Special services for students and workers; Better coordination between KSRTC and private buses,
PS-NS41TJ,2026-09-16T23:41:17.766676+00:00,18–25,Female,Kozhikode,Urban,Student,,Rarely,No reduction,Disagree,Not applicable,No change,Better access to education/work,,Slight impact,Other regular KSRTC passengers — due to overcrowding and delays,,Rarely,Throughout the day,Rarely,Lower travel comfort,Extra buses during peak hours; Special services for students and workers; Demand-based route planning; Better coordination between KSRTC and private buses,
PS-CFBUNB,2026-09-17T00:15:40.330016+00:00,18–25,Female,Malappuram,Rural,Student,,Daily,Significantly reduced,Strongly agree,"Yes, occasionally","Yes, significantly",Lower / zero travel cost,,Significant loss of passengers and revenue,Private bus operators — due to loss of passengers and revenue,,Always,Both morning and evening peaks,Rarely,Lower travel comfort,Extra buses during peak hours; Special services for students and workers; Demand-based route planning,
PS-OFBPQ7,2026-09-17T00:18:13.584942+00:00,18–25,Female,Kollam,Semi-urban,Homemaker,,Rarely,Moderately reduced,Strongly agree,"Yes, occasionally",No change,Route availability,,Slight impact,Other regular KSRTC passengers — due to overcrowding and delays,,Often,Morning peak hours,Never,More overcrowding; Greater passenger dissatisfaction,Extra buses during peak hours; Special services for students and workers; Smart pass / better verification,
PS-TZB3TU,2026-09-17T00:27:11.691308+00:00,18–25,Male,Kannur,Urban,Other,Daily wage earner,Several times a week,Not applicable,Strongly disagree,Not applicable,No change,Better reliability,,Significant loss of passengers and revenue,Other regular KSRTC passengers — due to overcrowding and delays,,Always,Both morning and evening peaks,Rarely,Increased pressure on KSRTC,Extra buses during peak hours; Demand-based route planning; Smart pass / better verification; Increase overall KSRTC fleet capacity,
PS-BAKCI5,2026-09-17T00:28:13.843134+00:00,56 and above,Female,Kozhikode,Rural,Student,,Occasionally,No reduction,Neutral,"No, I mainly used KSRTC",No change,Route availability,,Moderate loss of passengers and revenue,Private bus operators — due to loss of passengers and revenue,,Always,Both morning and evening peaks,Rarely,Increased pressure on KSRTC,Special services for students and workers; Better coordination between KSRTC and private buses; Smart pass / better verification,
PS-KJ1XJV,2026-09-17T00:30:39.824688+00:00,56 and above,Female,Wayanad,Rural,Student,,Daily,Not applicable,Neutral,"Yes, occasionally",I still mainly use private buses,Lower / zero travel cost,,Slight impact,Male passengers — due to increased overcrowding,,Always,Both morning and evening peaks,"Yes, very frequently",More overcrowding; More delays,Better coordination between KSRTC and private buses,
PS-45A218,2026-09-17T00:40:34.380453+00:00,18–25,Male,Malappuram,Rural,Student,,Several times a week,Not applicable,Strongly agree,"Yes, occasionally","Yes, significantly",Other,Safe travel for women commuters,Moderate loss of passengers and revenue,Private bus operators — due to loss of passengers and revenue,,Always,Evening peak hours,Never,Increased pressure on KSRTC,Extra buses during peak hours,
PS-DS0AJ3,2026-09-17T00:40:51.798199+00:00,18–25,Male,Malappuram,Urban,Homemaker,,Rarely,No reduction,Agree,"Yes, regularly",No change,Route availability,,Significant loss of passengers and revenue,Other regular KSRTC passengers — due to overcrowding and delays,,Always,Both morning and evening peaks,"Yes, very frequently",Increased pressure on KSRTC; Lower travel comfort; More delays,Extra buses during peak hours; Special services for students and workers; Demand-based route planning; Smart pass / better verification,
PS-T5F0HG,2026-09-17T00:57:17.356950+00:00,18–25,Female,Malappuram,Rural,Student,,Rarely,Slightly reduced,Disagree,Rarely,I still mainly use private buses,Better access to education/work,,No significant impact,Private bus operators — due to loss of passengers and revenue,,Sometimes,Evening peak hours,"Yes, sometimes",More overcrowding,Extra buses during peak hours; Special services for students and workers,
PS-9YMD35,2026-09-17T01:06:24.363475+00:00,18–25,Female,Kasaragod,Semi-urban,Student,,Daily,Moderately reduced,Strongly disagree,"Yes, occasionally",No change,Scheme benefits,,Significant loss of passengers and revenue,Private bus operators — due to loss of passengers and revenue,,Never,Throughout the day,Rarely,Increased pressure on KSRTC,Demand-based route planning; Better coordination between KSRTC and private buses; Other,
PS-TN45OL,2026-09-17T01:09:58.290676+00:00,56 and above,Female,Kozhikode,Rural,Student,,Daily,Significantly reduced,Strongly agree,"Yes, occasionally",I still mainly use private buses,Better reliability,,Significant loss of passengers and revenue,Male passengers — due to increased overcrowding,,Often,Both morning and evening peaks,"Yes, sometimes",More overcrowding; Lower travel comfort,Extra buses during peak hours; Other,
PS-HNHU9Q,2026-09-17T01:13:46.115895+00:00,56 and above,Male,Pathanamthitta,Semi-urban,Student,,Rarely,Significantly reduced,Strongly agree,"Yes, regularly",No change,Other,Not applicable,Significant loss of passengers and revenue,Private bus operators — due to loss of passengers and revenue,,Never,Both morning and evening peaks,"Yes, sometimes",Increased pressure on KSRTC; Continued challenges for private bus operators; More delays,Special services for students and workers; Demand-based route planning; Other,
PS-NS6X15,2026-09-17T01:23:43.483165+00:00,26–35,Other / Prefer not to say,Kannur,Semi-urban,Student,,Occasionally,Significantly reduced,Strongly agree,"Yes, regularly",I still mainly use private buses,Route availability,,No significant impact,Private bus operators — due to loss of passengers and revenue,,Always,Both morning and evening peaks,Rarely,Lower travel comfort; More delays,Special services for students and workers; Demand-based route planning,
PS-93X5G2,2026-09-17T01:25:02.816983+00:00,18–25,Male,Kasaragod,Semi-urban,Working,,Occasionally,No reduction,Strongly disagree,Rarely,"Yes, significantly",Scheme benefits,,Not sure,KSRTC staff / conductors — due to increased passenger pressure,,Always,Both morning and evening peaks,"Yes, very frequently",Increased pressure on KSRTC; More delays,Special services for students and workers; Demand-based route planning,
PS-WORM2J,2026-09-17T01:41:57.131957+00:00,18–25,Female,Kasaragod,Urban,Student,,Rarely,Not applicable,Strongly agree,Not applicable,I did not use private buses previously,Lower / zero travel cost,,No significant impact,KSRTC staff / conductors — due to increased passenger pressure,,Often,Both morning and evening peaks,Never,More overcrowding; Continued challenges for private bus operators; Lower travel comfort,Special services for students and workers,
PS-9ZFGJS,2026-09-17T01:45:38.872188+00:00,18–25,Male,Kozhikode,Urban,Student,,Occasionally,Not applicable,Strongly agree,Rarely,No change,Other,Not applicable,Slight impact,Other,,Often,Evening peak hours,Rarely,More overcrowding; Continued challenges for private bus operators,Special services for students and workers,
PS-FMTT62,2026-09-17T01:50:55.959543+00:00,56 and above,Female,Wayanad,Semi-urban,Self-employed,,Several times a week,Slightly reduced,Disagree,"Yes, occasionally","Yes, to some extent",Other,Direct bus route available without changing buses,Significant loss of passengers and revenue,Private bus operators — due to loss of passengers and revenue,,Always,Throughout the day,"Yes, very frequently",Other,Extra buses during peak hours; Smart pass / better verification,
PS-UZ0JPQ,2026-09-17T01:55:56.232715+00:00,18–25,Female,Kannur,Rural,Student,,Several times a week,Slightly reduced,Strongly agree,"Yes, regularly","Yes, significantly",Lower / zero travel cost,,Significant loss of passengers and revenue,Private bus operators — due to loss of passengers and revenue,,Often,Evening peak hours,"Yes, sometimes",Increased pressure on KSRTC; Greater passenger dissatisfaction,Extra buses during peak hours,
PS-ZCHOKR,2026-09-17T02:10:49.424883+00:00,18–25,Female,Kozhikode,Semi-urban,Student,,Rarely,Not applicable,Strongly agree,Rarely,I still mainly use private buses,Better reliability,,Moderate loss of passengers and revenue,Private bus operators — due to loss of passengers and revenue,,Sometimes,Both morning and evening peaks,Rarely,More delays; Positive improvements if the government acts,Extra buses during peak hours,
PS-SNBELO,2026-09-17T02:11:19.973449+00:00,18–25,Male,Kasaragod,Rural,Student,,Daily,Slightly reduced,Neutral,"No, I mainly used KSRTC",Not applicable,Other,Iam always travelling through ksrtc before the priyadharshini scheme,Significant loss of passengers and revenue,Private bus operators — due to loss of passengers and revenue,,Often,Both morning and evening peaks,Never,Greater passenger dissatisfaction,Extra buses during peak hours,
PS-QZ38ZO,2026-09-17T02:18:21.522945+00:00,18–25,Female,Wayanad,Rural,Student,,Daily,Moderately reduced,Neutral,"Yes, regularly","Yes, significantly",Lower / zero travel cost,,Moderate loss of passengers and revenue,Private bus operators — due to loss of passengers and revenue,,Always,Throughout the day,"Yes, very frequently",Increased pressure on KSRTC; Continued challenges for private bus operators,Special services for students and workers; Better coordination between KSRTC and private buses,
PS-JQZI6M,2026-09-17T02:21:37.974254+00:00,18–25,Male,Kannur,Semi-urban,Working,,Occasionally,Moderately reduced,Agree,"Yes, regularly","Yes, significantly",Lower / zero travel cost,,Moderate loss of passengers and revenue,Private bus operators — due to loss of passengers and revenue,,Often,Evening peak hours,"Yes, sometimes",More overcrowding; More delays,Better coordination between KSRTC and private buses,
PS-0LQ3VK,2026-09-17T02:36:25.754130+00:00,18–25,Female,Kozhikode,Rural,Student,,Daily,Slightly reduced,Agree,Rarely,"Yes, significantly",Lower / zero travel cost,,Significant loss of passengers and revenue,Other regular KSRTC passengers — due to overcrowding and delays,,Always,Throughout the day,"Yes, sometimes",Continued challenges for private bus operators,Extra buses during peak hours; Special services for students and workers; Demand-based route planning,
PS-H42B0T,2026-09-17T02:45:05.651156+00:00,18–25,Female,Malappuram,Semi-urban,Student,,Several times a week,Not applicable,Strongly disagree,"Yes, regularly","Yes, significantly",Lower / zero travel cost,,Slight impact,Private bus operators — due to loss of passengers and revenue,,Always,Both morning and evening peaks,"Yes, sometimes",Increased pressure on KSRTC; Greater passenger dissatisfaction; More delays,Special services for students and workers; Demand-based route planning; Better coordination between KSRTC and private buses,
PS-D92XZZ,2026-09-17T02:51:16.922910+00:00,18–25,Female,Malappuram,Urban,Student,,Occasionally,Moderately reduced,Neutral,Rarely,"Yes, to some extent",Scheme benefits,,Moderate loss of passengers and revenue,Male passengers — due to increased overcrowding,,Always,Evening peak hours,"Yes, very frequently",Continued challenges for private bus operators; More delays,Special services for students and workers; Demand-based route planning; Smart pass / better verification,
PS-4TN4TY,2026-09-17T02:57:22.863651+00:00,18–25,Female,Kozhikode,Rural,Student,,Rarely,No reduction,Disagree,"Yes, regularly",No change,Other,Safe travel for women commuters,Moderate loss of passengers and revenue,Private bus operators — due to loss of passengers and revenue,,Always,Evening peak hours,Never,More overcrowding; Lower travel comfort,Extra buses during peak hours,
PS-SZS2VC,2026-09-17T03:12:01.408532+00:00,18–25,Male,Kollam,Semi-urban,Student,,Occasionally,No reduction,Agree,"Yes, regularly",No change,Route availability,,Significant loss of passengers and revenue,Private bus operators — due to loss of passengers and revenue,,Rarely,Both morning and evening peaks,"Yes, very frequently",Greater passenger dissatisfaction; Lower travel comfort,Special services for students and workers; Demand-based route planning,
PS-3MSEYS,2026-09-17T03:22:25.257325+00:00,18–25,Female,Kozhikode,Rural,Student,,Several times a week,Significantly reduced,Strongly agree,"Yes, occasionally","Yes, significantly",Better access to education/work,,No significant impact,No one is significantly negatively affected,,Always,Both morning and evening peaks,"Yes, sometimes",More overcrowding,Special services for students and workers; Demand-based route planning; Better coordination between KSRTC and private buses; Smart pass / better verification,
PS-A7K20B,2026-09-17T03:39:43.814107+00:00,18–25,Male,Kasaragod,Rural,Working,,Daily,Not applicable,Strongly agree,"Yes, occasionally",I still mainly use private buses,Route availability,,Significant loss of passengers and revenue,Male passengers — due to increased overcrowding,,Always,Both morning and evening peaks,"Yes, sometimes",Increased pressure on KSRTC; Continued challenges for private bus operators; Lower travel comfort,Extra buses during peak hours,
PS-CZLLL6,2026-09-17T03:44:38.368337+00:00,18–25,Male,Kasaragod,Rural,Student,,Rarely,No reduction,Strongly agree,"Yes, regularly",I did not use private buses previously,Other,Safe travel for women commuters,Not sure,Male passengers — due to increased overcrowding,,Always,Both morning and evening peaks,"Yes, very frequently",Increased pressure on KSRTC,Extra buses during peak hours; Special services for students and workers; Better coordination between KSRTC and private buses,
PS-1HYTBK,2026-09-17T04:00:08.206734+00:00,26–35,Male,Kozhikode,Urban,Student,,Occasionally,No reduction,Neutral,"Yes, occasionally",No change,Other,Direct bus route available without changing buses,Significant loss of passengers and revenue,Private bus operators — due to loss of passengers and revenue,,Often,Morning peak hours,"Yes, very frequently",More overcrowding; Increased pressure on KSRTC,Special services for students and workers; Other,
PS-L1G7I6,2026-09-17T04:03:14.729994+00:00,18–25,Female,Kasaragod,Urban,Student,,Several times a week,Slightly reduced,Agree,Not applicable,"Yes, significantly",Lower / zero travel cost,,Moderate loss of passengers and revenue,Private bus operators — due to loss of passengers and revenue,,Sometimes,Rarely face overcrowding,Rarely,Lower travel comfort,Extra buses during peak hours; Special services for students and workers; Better coordination between KSRTC and private buses; Smart pass / better verification,
PS-5HGM85,2026-09-17T04:12:22.624606+00:00,36–45,Male,Kasaragod,Urban,Working,,Daily,Not applicable,Disagree,"Yes, occasionally",No change,Other,Direct bus route available without changing buses,Moderate loss of passengers and revenue,Private bus operators — due to loss of passengers and revenue,,Never,Throughout the day,Rarely,Increased pressure on KSRTC; More delays,Extra buses during peak hours; Special services for students and workers,
PS-EBFXY2,2026-09-17T04:17:49.436433+00:00,18–25,Female,Malappuram,Urban,Student,,Several times a week,No reduction,Agree,Not applicable,Not applicable,Route availability,,Significant loss of passengers and revenue,Private bus operators — due to loss of passengers and revenue,,Sometimes,Rarely face overcrowding,"Yes, very frequently",More overcrowding; Continued challenges for private bus operators; Positive improvements if the government acts,Special services for students and workers,
PS-FWX0G5,2026-09-17T04:32:53.334588+00:00,18–25,Male,Wayanad,Rural,Student,,Several times a week,Slightly reduced,Neutral,"Yes, occasionally",I did not use private buses previously,Route availability,,Significant loss of passengers and revenue,Other regular KSRTC passengers — due to overcrowding and delays,,Always,Both morning and evening peaks,"Yes, very frequently",More overcrowding; Increased pressure on KSRTC; Greater passenger dissatisfaction; Continued challenges for private bus operators; Lower travel comfort,Demand-based route planning; Other,
PS-W1FXNX,2026-09-17T04:35:15.815511+00:00,18–25,Male,Malappuram,Rural,Student,,Occasionally,Not applicable,Agree,"Yes, regularly",No change,Better reliability,,Moderate loss of passengers and revenue,Other regular KSRTC passengers — due to overcrowding and delays,,Often,Both morning and evening peaks,Rarely,More overcrowding; Lower travel comfort,Demand-based route planning,
PS-HYWAPD,2026-09-17T05:10:44.574531+00:00,18–25,Female,Kannur,Semi-urban,Student,,Several times a week,Moderately reduced,Neutral,"Yes, regularly","Yes, to some extent",Route availability,,Moderate loss of passengers and revenue,Male passengers — due to increased overcrowding,,Often,Morning peak hours,"Yes, sometimes",Greater passenger dissatisfaction,Demand-based route planning; Better coordination between KSRTC and private buses,
PS-CWK6EN,2026-09-17T05:24:32.590957+00:00,18–25,Male,Kannur,Semi-urban,Student,,Daily,Moderately reduced,Neutral,"Yes, occasionally",No change,Other,No change,Moderate loss of passengers and revenue,Other regular KSRTC passengers — due to overcrowding and delays,,Never,Morning peak hours,"Yes, sometimes",Continued challenges for private bus operators,Special services for students and workers,
PS-5FZ336,2026-09-17T05:31:28.447477+00:00,18–25,Female,Wayanad,Rural,Student,,Several times a week,Not applicable,Neutral,Rarely,"Yes, significantly",Better access to education/work,,Significant loss of passengers and revenue,Private bus operators — due to loss of passengers and revenue,,Always,Both morning and evening peaks,"Yes, very frequently",Increased pressure on KSRTC,Special services for students and workers,
PS-U6FAWD,2026-09-17T05:40:18.909201+00:00,Below 18,Female,Kollam,Rural,Student,,Rarely,Slightly reduced,Strongly agree,Rarely,"Yes, to some extent",Route availability,,Significant loss of passengers and revenue,Other regular KSRTC passengers — due to overcrowding and delays,,Rarely,Evening peak hours,"Yes, very frequently",Lower travel comfort,Extra buses during peak hours; Special services for students and workers; Demand-based route planning,
PS-M40NR5,2026-09-17T05:48:54.882944+00:00,18–25,Female,Kannur,Semi-urban,Student,,Occasionally,No reduction,Agree,Rarely,"Yes, to some extent",Lower / zero travel cost,,Not sure,Male passengers — due to increased overcrowding,,Often,Both morning and evening peaks,Rarely,More overcrowding; Continued challenges for private bus operators; Lower travel comfort; More delays,Better coordination between KSRTC and private buses,
PS-Y9TTE3,2026-09-17T05:57:16.146555+00:00,56 and above,Male,Malappuram,Semi-urban,Working,,Occasionally,Not applicable,Strongly agree,Not applicable,Not applicable,Other,Direct bus route available without changing buses,Significant loss of passengers and revenue,Private bus operators — due to loss of passengers and revenue,,Often,Evening peak hours,"Yes, sometimes",More overcrowding; Lower travel comfort,Special services for students and workers; Demand-based route planning; Better coordination between KSRTC and private buses,
PS-ANVTBW,2026-09-17T06:07:06.931430+00:00,18–25,Female,Malappuram,Rural,Student,,Daily,Moderately reduced,Agree,"Yes, regularly","Yes, to some extent",Better access to education/work,,Significant loss of passengers and revenue,Private bus operators — due to loss of passengers and revenue,,Often,Both morning and evening peaks,Rarely,Increased pressure on KSRTC; Greater passenger dissatisfaction,Extra buses during peak hours; Special services for students and workers; Demand-based route planning,
PS-JW2569,2026-09-17T06:07:19.508574+00:00,26–35,Male,Malappuram,Rural,Working,,Several times a week,Significantly reduced,Agree,Rarely,Not applicable,Better access to education/work,,Slight impact,Private bus operators — due to loss of passengers and revenue,,Often,Both morning and evening peaks,Rarely,More overcrowding; Increased pressure on KSRTC; Continued challenges for private bus operators,Special services for students and workers; Increase overall KSRTC fleet capacity,
PS-UGGGZT,2026-09-17T06:14:18.265347+00:00,18–25,Male,Kasaragod,Rural,Student,,Daily,Moderately reduced,Disagree,"Yes, occasionally","Yes, to some extent",Lower / zero travel cost,,Moderate loss of passengers and revenue,Private bus operators — due to loss of passengers and revenue,,Often,Throughout the day,"Yes, sometimes",More overcrowding,Special services for students and workers,
PS-XC4CD6,2026-09-17T06:16:05.402001+00:00,18–25,Male,Ernakulam,Urban,Student,,Rarely,Slightly reduced,Agree,Rarely,No change,Better reliability,,Moderate loss of passengers and revenue,Male passengers — due to increased overcrowding,,Always,Evening peak hours,Rarely,More overcrowding; Positive improvements if the government acts,Special services for students and workers; Smart pass / better verification; Increase overall KSRTC fleet capacity,
PS-LVLQAX,2026-09-17T06:34:16.572488+00:00,18–25,Female,Wayanad,Rural,Student,,Rarely,Slightly reduced,Neutral,"Yes, regularly",No change,Route availability,,Moderate loss of passengers and revenue,Private bus operators — due to loss of passengers and revenue,,Never,Throughout the day,Rarely,Positive improvements if the government acts,Extra buses during peak hours,
PS-FSG9FJ,2026-09-17T06:37:06.495236+00:00,18–25,Female,Kasaragod,Semi-urban,Student,,Several times a week,Moderately reduced,Neutral,"Yes, occasionally",I still mainly use private buses,Lower / zero travel cost,,Slight impact,Male passengers — due to increased overcrowding,,Often,Evening peak hours,"Yes, sometimes",More overcrowding; More delays; Positive improvements if the government acts,Extra buses during peak hours; Demand-based route planning; Better coordination between KSRTC and private buses,
PS-2P6KOK,2026-09-17T06:42:30.607845+00:00,18–25,Female,Malappuram,Rural,Student,,Occasionally,Significantly reduced,Agree,"No, I mainly used KSRTC","Yes, significantly",Lower / zero travel cost,,Significant loss of passengers and revenue,Private bus operators — due to loss of passengers and revenue,,Sometimes,Rarely face overcrowding,"Yes, sometimes",Continued challenges for private bus operators; Lower travel comfort,Increase overall KSRTC fleet capacity,
PS-EXVPCL,2026-09-17T06:45:41.951170+00:00,18–25,Female,Malappuram,Rural,Student,,Rarely,Moderately reduced,Agree,Not applicable,No change,Better access to education/work,,Significant loss of passengers and revenue,Private bus operators — due to loss of passengers and revenue,,Always,Evening peak hours,"Yes, very frequently",More delays,Special services for students and workers; Smart pass / better verification,
PS-4HIZHX,2026-09-17T06:57:14.575290+00:00,18–25,Female,Malappuram,Semi-urban,Student,,Occasionally,Slightly reduced,Neutral,"Yes, occasionally",No change,Lower / zero travel cost,,Moderate loss of passengers and revenue,Private bus operators — due to loss of passengers and revenue,,Often,Evening peak hours,"Yes, sometimes",Increased pressure on KSRTC; Greater passenger dissatisfaction; Lower travel comfort,Extra buses during peak hours,
PS-EK9RDP,2026-09-17T07:01:51.288957+00:00,18–25,Male,Kollam,Semi-urban,Student,,Rarely,No reduction,Strongly agree,"Yes, occasionally",No change,Route availability,,Moderate loss of passengers and revenue,Private bus operators — due to loss of passengers and revenue,,Always,Throughout the day,"Yes, sometimes",More overcrowding; Greater passenger dissatisfaction; Continued challenges for private bus operators; More delays,Extra buses during peak hours; Special services for students and workers; Better coordination between KSRTC and private buses; Smart pass / better verification,
PS-1II757,2026-09-17T07:04:42.784191+00:00,18–25,Female,Kasaragod,Rural,Student,,Daily,Moderately reduced,Disagree,"Yes, occasionally","Yes, to some extent",Better access to education/work,,No significant impact,Other regular KSRTC passengers — due to overcrowding and delays,,Always,Both morning and evening peaks,"Yes, sometimes",More overcrowding; Continued challenges for private bus operators,Extra buses during peak hours; Special services for students and workers,
PS-1G49WE,2026-09-17T07:08:11.500594+00:00,Below 18,Female,Malappuram,Semi-urban,Student,,Occasionally,Moderately reduced,Neutral,Rarely,"Yes, to some extent",Lower / zero travel cost,,Significant loss of passengers and revenue,Private bus operators — due to loss of passengers and revenue,,Often,Rarely face overcrowding,"Yes, very frequently",Greater passenger dissatisfaction,Special services for students and workers,
PS-S2O010,2026-09-17T07:13:26.293301+00:00,Below 18,Female,Wayanad,Semi-urban,Student,,Occasionally,Significantly reduced,Strongly agree,"No, I mainly used KSRTC","Yes, significantly",Route availability,,No significant impact,KSRTC staff / conductors — due to increased passenger pressure,,Often,Both morning and evening peaks,Rarely,More overcrowding,Extra buses during peak hours,
PS-HCKUHT,2026-09-17T07:23:40.746868+00:00,Below 18,Female,Wayanad,Semi-urban,Student,,Rarely,Slightly reduced,Neutral,Rarely,"Yes, significantly",Lower / zero travel cost,,Moderate loss of passengers and revenue,Private bus operators — due to loss of passengers and revenue,,Always,Both morning and evening peaks,"Yes, very frequently",More overcrowding,Extra buses during peak hours; Special services for students and workers; Demand-based route planning,
PS-HVSNTB,2026-09-17T07:24:04.412900+00:00,18–25,Female,Kannur,Semi-urban,Student,,Occasionally,Significantly reduced,Agree,"Yes, occasionally","Yes, significantly",Lower / zero travel cost,,Significant loss of passengers and revenue,Other,,Often,Both morning and evening peaks,Rarely,More overcrowding; Increased pressure on KSRTC; Lower travel comfort,Extra buses during peak hours; Special services for students and workers; Demand-based route planning,
PS-BIX4C8,2026-09-17T07:33:34.896308+00:00,18–25,Female,Kannur,Semi-urban,Student,,Rarely,Slightly reduced,Neutral,Not applicable,No change,Better reliability,,Moderate loss of passengers and revenue,Private bus operators — due to loss of passengers and revenue,,Sometimes,Evening peak hours,Rarely,More overcrowding; Increased pressure on KSRTC; More delays,Special services for students and workers,
PS-WLVWT7,2026-09-17T07:34:47.315528+00:00,Below 18,Male,Wayanad,Semi-urban,Student,,Occasionally,No reduction,Neutral,"No, I mainly used KSRTC","Yes, significantly",Lower / zero travel cost,,Significant loss of passengers and revenue,Other regular KSRTC passengers — due to overcrowding and delays,,Sometimes,Evening peak hours,"Yes, very frequently",Increased pressure on KSRTC; Lower travel comfort,Extra buses during peak hours; Special services for students and workers; Better coordination between KSRTC and private buses; Increase overall KSRTC fleet capacity,
PS-15J4UK,2026-09-17T07:39:34.699295+00:00,18–25,Female,Malappuram,Rural,Student,,Several times a week,Moderately reduced,Strongly agree,Not applicable,I still mainly use private buses,Route availability,,Moderate loss of passengers and revenue,Male passengers — due to increased overcrowding,,Always,Throughout the day,Rarely,More overcrowding; Increased pressure on KSRTC; Lower travel comfort,Extra buses during peak hours; Special services for students and workers,
PS-A7I1FM,2026-09-17T07:40:18.898775+00:00,Below 18,Other / Prefer not to say,Thiruvananthapuram,Rural,Self-employed,,Several times a week,Slightly reduced,Neutral,"No, I mainly used KSRTC",No change,Route availability,,Significant loss of passengers and revenue,Private bus operators — due to loss of passengers and revenue,,Always,Throughout the day,"Yes, sometimes",Increased pressure on KSRTC; Continued challenges for private bus operators; Lower travel comfort,Special services for students and workers,
PS-FJ6Z6U,2026-09-17T07:45:54.676339+00:00,Below 18,Male,Kasaragod,Rural,Working,,Occasionally,Moderately reduced,Strongly disagree,"Yes, occasionally",No change,Other,Not applicable,Significant loss of passengers and revenue,KSRTC staff / conductors — due to increased passenger pressure,,Always,Throughout the day,"Yes, sometimes",Greater passenger dissatisfaction; Continued challenges for private bus operators,Extra buses during peak hours; Demand-based route planning,
PS-15FZ74,2026-09-17T07:46:22.286085+00:00,36–45,Female,Malappuram,Semi-urban,Student,,Occasionally,Slightly reduced,Agree,Not applicable,No change,Route availability,,Slight impact,Private bus operators — due to loss of passengers and revenue,,Always,Both morning and evening peaks,Rarely,Lower travel comfort; Positive improvements if the government acts,Extra buses during peak hours; Better coordination between KSRTC and private buses,
PS-33D78P,2026-09-17T08:02:30.461316+00:00,18–25,Male,Malappuram,Semi-urban,Student,,Occasionally,No reduction,Strongly disagree,Rarely,Not applicable,Lower / zero travel cost,,Significant loss of passengers and revenue,Other,,Often,Throughout the day,"Yes, sometimes",More overcrowding,Extra buses during peak hours; Special services for students and workers,
PS-4SHVOY,2026-09-17T08:18:05.163418+00:00,18–25,Female,Malappuram,Rural,Student,,Daily,Moderately reduced,Neutral,"No, I mainly used KSRTC","Yes, significantly",Better access to education/work,,Slight impact,Private bus operators — due to loss of passengers and revenue,,Often,Both morning and evening peaks,Rarely,More overcrowding; Lower travel comfort; More delays,Better coordination between KSRTC and private buses,
PS-4XJU0U,2026-09-17T08:19:08.889445+00:00,36–45,Male,Kozhikode,Rural,Self-employed,,Occasionally,Not applicable,Neutral,"Yes, regularly",I still mainly use private buses,Route availability,,Slight impact,Other regular KSRTC passengers — due to overcrowding and delays,,Always,Morning peak hours,"Yes, very frequently",Lower travel comfort; More delays,Extra buses during peak hours; Special services for students and workers; Better coordination between KSRTC and private buses; Increase overall KSRTC fleet capacity,
PS-T5Z2UY,2026-09-17T08:21:54.324350+00:00,18–25,Female,Ernakulam,Semi-urban,Working,,Rarely,Slightly reduced,Agree,"Yes, regularly","Yes, significantly",Lower / zero travel cost,,Significant loss of passengers and revenue,Private bus operators — due to loss of passengers and revenue,,Sometimes,Both morning and evening peaks,"Yes, sometimes",Lower travel comfort,Extra buses during peak hours; Smart pass / better verification; Other,
PS-CKV4DD,2026-09-17T08:22:58.643982+00:00,18–25,Male,Malappuram,Rural,Student,,Rarely,Slightly reduced,Agree,Not applicable,No change,Other,Direct bus route available without changing buses,Slight impact,Male passengers — due to increased overcrowding,,Sometimes,Evening peak hours,"Yes, very frequently",Lower travel comfort,Better coordination between KSRTC and private buses,
PS-3FPVLB,2026-09-17T08:36:18.297290+00:00,18–25,Male,Kasaragod,Semi-urban,Student,,Several times a week,No reduction,Neutral,Rarely,No change,Route availability,,No significant impact,Male passengers — due to increased overcrowding,,Often,Throughout the day,"Yes, sometimes",Increased pressure on KSRTC; Continued challenges for private bus operators; Lower travel comfort; Other,Special services for students and workers,
PS-GJNZOJ,2026-09-17T08:42:42.798583+00:00,Below 18,Female,Kozhikode,Rural,Student,,Occasionally,No reduction,Neutral,Not applicable,I still mainly use private buses,Lower / zero travel cost,,Significant loss of passengers and revenue,Private bus operators — due to loss of passengers and revenue,,Often,Rarely face overcrowding,"Yes, sometimes",More delays,Special services for students and workers; Demand-based route planning; Increase overall KSRTC fleet capacity,
PS-W40XNJ,2026-09-17T08:56:19.560213+00:00,18–25,Male,Wayanad,Semi-urban,Student,,Rarely,Not applicable,Agree,Rarely,"Yes, significantly",Lower / zero travel cost,,Moderate loss of passengers and revenue,Male passengers — due to increased overcrowding,,Never,Rarely face overcrowding,"Yes, sometimes",Increased pressure on KSRTC; Continued challenges for private bus operators; More delays,Special services for students and workers; Better coordination between KSRTC and private buses; Smart pass / better verification,
PS-6XZ7SX,2026-09-17T09:09:05.578965+00:00,18–25,Female,Kozhikode,Urban,Student,,Rarely,Significantly reduced,Strongly agree,"No, I mainly used KSRTC",No change,Scheme benefits,,Significant loss of passengers and revenue,Private bus operators — due to loss of passengers and revenue,,Rarely,Throughout the day,Rarely,Lower travel comfort; More delays; Positive improvements if the government acts,Special services for students and workers,
PS-M0LWI9,2026-09-17T09:10:20.673585+00:00,18–25,Female,Pathanamthitta,Rural,Student,,Rarely,Slightly reduced,Agree,"Yes, occasionally","Yes, to some extent",Route availability,,Significant loss of passengers and revenue,Private bus operators — due to loss of passengers and revenue,,Never,Both morning and evening peaks,"Yes, sometimes",Greater passenger dissatisfaction,Extra buses during peak hours; Special services for students and workers; Better coordination between KSRTC and private buses,
PS-PJGIRT,2026-09-17T09:12:43.282198+00:00,18–25,Female,Kasaragod,Rural,Student,,Occasionally,No reduction,Strongly disagree,"Yes, occasionally","Yes, to some extent",Lower / zero travel cost,,Significant loss of passengers and revenue,Private bus operators — due to loss of passengers and revenue,,Rarely,Morning peak hours,"Yes, very frequently",Lower travel comfort; More delays; Positive improvements if the government acts,Extra buses during peak hours; Special services for students and workers; Increase overall KSRTC fleet capacity,
PS-B2JKE4,2026-09-17T09:14:48.695451+00:00,Below 18,Female,Malappuram,Rural,Student,,Rarely,Slightly reduced,Strongly agree,"Yes, regularly","Yes, significantly",Better access to education/work,,Moderate loss of passengers and revenue,Other,,Always,Both morning and evening peaks,Rarely,More overcrowding,Extra buses during peak hours; Demand-based route planning,
PS-IJTUZH,2026-09-17T09:23:20.396732+00:00,18–25,Male,Wayanad,Semi-urban,Student,,Occasionally,Not applicable,Agree,Not applicable,Not applicable,Better reliability,,Significant loss of passengers and revenue,Male passengers — due to increased overcrowding,,Always,Both morning and evening peaks,"Yes, very frequently",More overcrowding; Continued challenges for private bus operators; More delays,Special services for students and workers,
PS-HCTUIA,2026-09-17T09:35:16.974619+00:00,18–25,Female,Kannur,Semi-urban,Student,,Rarely,Slightly reduced,Neutral,"Yes, regularly",Not applicable,Other,Safe travel for women commuters,No significant impact,KSRTC staff / conductors — due to increased passenger pressure,,Often,Both morning and evening peaks,Never,More overcrowding,Extra buses during peak hours; Special services for students and workers,
PS-ZL3PIN,2026-09-17T09:44:42.353628+00:00,46–55,Other / Prefer not to say,Ernakulam,Semi-urban,Student,,Several times a week,Significantly reduced,Strongly agree,"Yes, regularly",No change,Lower / zero travel cost,,Significant loss of passengers and revenue,Private bus operators — due to loss of passengers and revenue,,Always,Both morning and evening peaks,"Yes, sometimes",More overcrowding; Lower travel comfort; More delays,Special services for students and workers; Smart pass / better verification; Increase overall KSRTC fleet capacity,
PS-U6RY11,2026-09-17T09:58:41.827858+00:00,26–35,Female,Kozhikode,Semi-urban,Working,,Occasionally,Not applicable,Disagree,Not applicable,Not applicable,Other,Iam always travelling through ksrtc before the priyadharshini scheme,No significant impact,KSRTC staff / conductors — due to increased passenger pressure,,Always,Evening peak hours,Rarely,More overcrowding,Demand-based route planning; Smart pass / better verification,
PS-S4DN14,2026-09-17T10:04:37.843755+00:00,18–25,Male,Kannur,Urban,Student,,Daily,Slightly reduced,Neutral,"Yes, occasionally",No change,Route availability,,Slight impact,Private bus operators — due to loss of passengers and revenue,,Never,Both morning and evening peaks,"Yes, sometimes",Lower travel comfort,Special services for students and workers; Better coordination between KSRTC and private buses,
PS-P791S9,2026-09-17T10:05:10.731388+00:00,18–25,Female,Malappuram,Rural,Student,,Rarely,Slightly reduced,Disagree,Not applicable,"Yes, to some extent",Route availability,,No significant impact,KSRTC staff / conductors — due to increased passenger pressure,,Sometimes,Evening peak hours,Rarely,Greater passenger dissatisfaction,Better coordination between KSRTC and private buses,
PS-V7H3VX,2026-09-17T10:06:27.712540+00:00,18–25,Male,Wayanad,Rural,Student,,Rarely,Significantly reduced,Strongly agree,Rarely,"Yes, to some extent",Better reliability,,No significant impact,Male passengers — due to increased overcrowding,,Often,Both morning and evening peaks,"Yes, sometimes",Increased pressure on KSRTC; Lower travel comfort; More delays,Increase overall KSRTC fleet capacity,
PS-Z4ST2F,2026-09-17T10:13:15.874287+00:00,18–25,Male,Kozhikode,Urban,Student,,Occasionally,Slightly reduced,Agree,Rarely,I still mainly use private buses,Route availability,,Significant loss of passengers and revenue,Private bus operators — due to loss of passengers and revenue,,Always,Both morning and evening peaks,"Yes, very frequently",Continued challenges for private bus operators; Positive improvements if the government acts,Demand-based route planning; Smart pass / better verification,
PS-E2N3UF,2026-09-17T10:40:07.586527+00:00,26–35,Female,Kasaragod,Semi-urban,Self-employed,,Several times a week,Slightly reduced,Agree,"Yes, regularly",I still mainly use private buses,Lower / zero travel cost,,Significant loss of passengers and revenue,Male passengers — due to increased overcrowding,,Always,Evening peak hours,"Yes, sometimes",Continued challenges for private bus operators,Extra buses during peak hours; Better coordination between KSRTC and private buses; Increase overall KSRTC fleet capacity,
PS-U0PT5E,2026-09-17T10:41:52.511147+00:00,26–35,Female,Kozhikode,Urban,Student,,Several times a week,Significantly reduced,Neutral,Rarely,"Yes, significantly",Better access to education/work,,Moderate loss of passengers and revenue,Private bus operators — due to loss of passengers and revenue,,Always,Evening peak hours,"Yes, sometimes",More overcrowding; Increased pressure on KSRTC; Lower travel comfort,Extra buses during peak hours; Special services for students and workers,
PS-4WHEHG,2026-09-17T10:43:56.135540+00:00,36–45,Male,Palakkad,Semi-urban,Student,,Several times a week,Moderately reduced,Agree,"Yes, regularly",No change,Better access to education/work,,Significant loss of passengers and revenue,Private bus operators — due to loss of passengers and revenue,,Always,Both morning and evening peaks,"Yes, very frequently",More overcrowding; Increased pressure on KSRTC,Smart pass / better verification,
PS-13Y57O,2026-09-17T10:47:32.806499+00:00,Below 18,Female,Ernakulam,Urban,Student,,Occasionally,Moderately reduced,Strongly agree,Not applicable,I did not use private buses previously,Lower / zero travel cost,,Moderate loss of passengers and revenue,Male passengers — due to increased overcrowding,,Often,Evening peak hours,"Yes, very frequently",Increased pressure on KSRTC; Lower travel comfort,Extra buses during peak hours; Special services for students and workers; Demand-based route planning; Smart pass / better verification,
PS-2JNEGC,2026-09-17T10:49:33.390363+00:00,18–25,Female,Malappuram,Rural,Self-employed,,Several times a week,No reduction,Disagree,"Yes, regularly","Yes, to some extent",Scheme benefits,,Slight impact,Private bus operators — due to loss of passengers and revenue,,Always,Both morning and evening peaks,"Yes, sometimes",More overcrowding; Lower travel comfort,Extra buses during peak hours; Better coordination between KSRTC and private buses; Smart pass / better verification; Increase overall KSRTC fleet capacity,
PS-XC2IVH,2026-09-17T11:01:55.929211+00:00,18–25,Female,Malappuram,Semi-urban,Student,,Rarely,Moderately reduced,Agree,Not applicable,No change,Lower / zero travel cost,,Significant loss of passengers and revenue,Private bus operators — due to loss of passengers and revenue,,Always,Morning peak hours,"Yes, very frequently",More overcrowding; Greater passenger dissatisfaction; More delays; Other,Extra buses during peak hours; Special services for students and workers,
PS-DRPVSG,2026-09-17T11:08:00.696799+00:00,26–35,Female,Malappuram,Urban,Working,,Rarely,Not applicable,Strongly agree,"Yes, regularly","Yes, to some extent",Better access to education/work,,No significant impact,KSRTC staff / conductors — due to increased passenger pressure,,Never,Evening peak hours,"Yes, sometimes",Increased pressure on KSRTC; More delays; Other,Special services for students and workers; Better coordination between KSRTC and private buses,
PS-BYLLLL,2026-09-17T11:11:56.405758+00:00,18–25,Female,Kasaragod,Semi-urban,Student,,Occasionally,Significantly reduced,Strongly agree,Rarely,"Yes, significantly",Scheme benefits,,Significant loss of passengers and revenue,Other,,Always,Both morning and evening peaks,"Yes, sometimes",Lower travel comfort,Extra buses during peak hours; Special services for students and workers; Demand-based route planning; Better coordination between KSRTC and private buses,
PS-3URBDD,2026-09-17T11:14:23.747150+00:00,18–25,Female,Malappuram,Rural,Student,,Several times a week,Significantly reduced,Strongly agree,Rarely,"Yes, significantly",Better access to education/work,,Moderate loss of passengers and revenue,Private bus operators — due to loss of passengers and revenue,,Always,Evening peak hours,Rarely,Greater passenger dissatisfaction; Continued challenges for private bus operators,Special services for students and workers; Demand-based route planning,
PS-XLXZ0V,2026-09-17T11:20:08.929511+00:00,26–35,Female,Kannur,Rural,Business,,Occasionally,No reduction,Strongly disagree,"Yes, regularly",No change,Route availability,,Significant loss of passengers and revenue,Male passengers — due to increased overcrowding,,Often,Both morning and evening peaks,Rarely,More delays,Extra buses during peak hours; Special services for students and workers; Demand-based route planning; Smart pass / better verification,
PS-SZ2QGM,2026-09-17T11:23:07.928337+00:00,56 and above,Female,Kasaragod,Rural,Student,,Occasionally,Moderately reduced,Strongly agree,Rarely,I still mainly use private buses,Lower / zero travel cost,,Slight impact,Private bus operators — due to loss of passengers and revenue,,Always,Morning peak hours,Rarely,More overcrowding; Increased pressure on KSRTC,Demand-based route planning,
PS-AQRP76,2026-09-17T11:27:12.207801+00:00,18–25,Male,Wayanad,Rural,Working,,Occasionally,Moderately reduced,Agree,"Yes, occasionally",No change,Better reliability,,Slight impact,No one is significantly negatively affected,,Often,Both morning and evening peaks,Rarely,Greater passenger dissatisfaction; Lower travel comfort,Special services for students and workers; Demand-based route planning,
PS-LYLVDQ,2026-09-17T11:30:55.687175+00:00,18–25,Female,Malappuram,Rural,Student,,Rarely,Slightly reduced,Disagree,Rarely,I still mainly use private buses,Scheme benefits,,Significant loss of passengers and revenue,Male passengers — due to increased overcrowding,,Rarely,Morning peak hours,"Yes, sometimes",Lower travel comfort,Special services for students and workers,
PS-H68KGK,2026-09-17T11:55:45.552461+00:00,18–25,Male,Ernakulam,Semi-urban,Student,,Occasionally,No reduction,Strongly disagree,"Yes, occasionally",No change,Better reliability,,No significant impact,Other regular KSRTC passengers — due to overcrowding and delays,,Always,Both morning and evening peaks,"Yes, very frequently",Greater passenger dissatisfaction; Continued challenges for private bus operators; Lower travel comfort; More delays,Extra buses during peak hours,
PS-O55RLN,2026-09-17T12:02:54.467030+00:00,18–25,Female,Kasaragod,Semi-urban,Student,,Several times a week,No reduction,Disagree,"Yes, occasionally",No change,Other,Iam always travelling through ksrtc before the priyadharshini scheme,Moderate loss of passengers and revenue,Private bus operators — due to loss of passengers and revenue,,Never,Evening peak hours,"Yes, very frequently",Greater passenger dissatisfaction; Lower travel comfort; Positive improvements if the government acts,Extra buses during peak hours; Demand-based route planning; Other,
PS-DNMIYL,2026-09-17T12:06:11.718095+00:00,18–25,Female,Kasaragod,Rural,Student,,Several times a week,Slightly reduced,Agree,"Yes, regularly",I still mainly use private buses,Lower / zero travel cost,,Significant loss of passengers and revenue,Private bus operators — due to loss of passengers and revenue,,Always,Both morning and evening peaks,"Yes, sometimes",More overcrowding,Extra buses during peak hours,
PS-7AQZGM,2026-09-17T12:08:15.517950+00:00,18–25,Female,Kasaragod,Semi-urban,Student,,Rarely,Slightly reduced,Agree,"No, I mainly used KSRTC",I still mainly use private buses,Better access to education/work,,Significant loss of passengers and revenue,Private bus operators — due to loss of passengers and revenue,,Often,Morning peak hours,"Yes, sometimes",More overcrowding; Lower travel comfort,Extra buses during peak hours,
PS-6QQZDE,2026-09-17T12:21:03.144754+00:00,18–25,Female,Kasaragod,Rural,Student,,Daily,Significantly reduced,Agree,"Yes, occasionally","Yes, to some extent",Better access to education/work,,Significant loss of passengers and revenue,Private bus operators — due to loss of passengers and revenue,,Often,Throughout the day,Rarely,More overcrowding; Continued challenges for private bus operators; More delays,Demand-based route planning; Better coordination between KSRTC and private buses,
PS-B46AE2,2026-09-17T12:28:36.187933+00:00,18–25,Female,Kannur,Rural,Student,,Rarely,Slightly reduced,Neutral,"Yes, regularly",I still mainly use private buses,Better reliability,,Slight impact,Male passengers — due to increased overcrowding,,Always,Both morning and evening peaks,"Yes, very frequently",More overcrowding; More delays,Special services for students and workers; Smart pass / better verification,
PS-736EBB,2026-09-17T12:34:12.340890+00:00,18–25,Male,Kozhikode,Rural,Student,,Daily,Slightly reduced,Neutral,"No, I mainly used KSRTC",I did not use private buses previously,Better access to education/work,,Moderate loss of passengers and revenue,Private bus operators — due to loss of passengers and revenue,,Rarely,Throughout the day,Never,Lower travel comfort,Special services for students and workers; Better coordination between KSRTC and private buses,
PS-WSNDPH,2026-09-17T12:42:42.189604+00:00,18–25,Female,Malappuram,Semi-urban,Student,,Daily,Slightly reduced,Strongly agree,"No, I mainly used KSRTC","Yes, significantly",Lower / zero travel cost,,Moderate loss of passengers and revenue,Private bus operators — due to loss of passengers and revenue,,Never,Rarely face overcrowding,Rarely,Increased pressure on KSRTC; Greater passenger dissatisfaction,Extra buses during peak hours; Increase overall KSRTC fleet capacity,
PS-T8V2GI,2026-09-17T12:47:36.451121+00:00,18–25,Male,Malappuram,Rural,Working,,Occasionally,No reduction,Neutral,"Yes, regularly","Yes, to some extent",Lower / zero travel cost,,Moderate loss of passengers and revenue,Private bus operators — due to loss of passengers and revenue,,Often,Throughout the day,"Yes, sometimes",More overcrowding; Increased pressure on KSRTC; More delays,Special services for students and workers; Demand-based route planning,
PS-OQL1G8,2026-09-17T12:55:00.767985+00:00,26–35,Female,Malappuram,Rural,Student,,Occasionally,Significantly reduced,Agree,Rarely,No change,Lower / zero travel cost,,Moderate loss of passengers and revenue,Private bus operators — due to loss of passengers and revenue,,Rarely,Throughout the day,Rarely,Increased pressure on KSRTC; More delays; Positive improvements if the government acts,Special services for students and workers,
PS-CTS2AR,2026-09-17T12:56:32.885138+00:00,18–25,Female,Kannur,Semi-urban,Student,,Rarely,No reduction,Agree,Rarely,I still mainly use private buses,Lower / zero travel cost,,Moderate loss of passengers and revenue,Private bus operators — due to loss of passengers and revenue,,Sometimes,Both morning and evening peaks,Rarely,Lower travel comfort; More delays,Smart pass / better verification,
PS-RGILWI,2026-09-17T13:01:41.173521+00:00,18–25,Female,Wayanad,Semi-urban,Student,,Daily,Significantly reduced,Strongly agree,"No, I mainly used KSRTC","Yes, significantly",Route availability,,Significant loss of passengers and revenue,Private bus operators — due to loss of passengers and revenue,,Never,Rarely face overcrowding,"Yes, very frequently",Increased pressure on KSRTC; Lower travel comfort; More delays,Extra buses during peak hours; Special services for students and workers; Better coordination between KSRTC and private buses,
PS-0HLTP9,2026-09-17T13:12:06.410911+00:00,18–25,Male,Thiruvananthapuram,Rural,Student,,Rarely,Slightly reduced,Agree,Rarely,"Yes, to some extent",Route availability,,No significant impact,Other regular KSRTC passengers — due to overcrowding and delays,,Rarely,Evening peak hours,"Yes, sometimes",Lower travel comfort,Special services for students and workers; Better coordination between KSRTC and private buses,
PS-MQQ4VG,2026-09-17T13:17:08.146163+00:00,26–35,Female,Malappuram,Semi-urban,Student,,Occasionally,Significantly reduced,Agree,Not applicable,"Yes, significantly",Lower / zero travel cost,,Moderate loss of passengers and revenue,Private bus operators — due to loss of passengers and revenue,,Always,Both morning and evening peaks,Rarely,Continued challenges for private bus operators; Lower travel comfort; More delays,Better coordination between KSRTC and private buses; Smart pass / better verification,
PS-UNMXGG,2026-09-17T13:22:19.515475+00:00,18–25,Female,Malappuram,Semi-urban,Student,,Several times a week,Slightly reduced,Strongly agree,"Yes, occasionally","Yes, significantly",Route availability,,Significant loss of passengers and revenue,Private bus operators — due to loss of passengers and revenue,,Always,Both morning and evening peaks,Rarely,More overcrowding; More delays,Extra buses during peak hours; Special services for students and workers,
PS-LB1LMG,2026-09-17T13:24:43.992016+00:00,18–25,Male,Wayanad,Semi-urban,Working,,Occasionally,No reduction,Neutral,"Yes, regularly",No change,Lower / zero travel cost,,Moderate loss of passengers and revenue,Other regular KSRTC passengers — due to overcrowding and delays,,Always,Throughout the day,"Yes, sometimes",Continued challenges for private bus operators; Lower travel comfort,Extra buses during peak hours; Demand-based route planning,
PS-7EXPWU,2026-09-17T13:26:51.709238+00:00,18–25,Female,Malappuram,Urban,Student,,Rarely,Slightly reduced,Agree,Not applicable,Not applicable,Lower / zero travel cost,,Significant loss of passengers and revenue,Private bus operators — due to loss of passengers and revenue,,Always,Throughout the day,"Yes, sometimes",Increased pressure on KSRTC,Extra buses during peak hours,
PS-OU7VX0,2026-09-17T13:28:16.510275+00:00,18–25,Male,Kasaragod,Rural,Working,,Occasionally,Not applicable,Strongly agree,"Yes, occasionally",I still mainly use private buses,Other,Not applicable,Significant loss of passengers and revenue,Other regular KSRTC passengers — due to overcrowding and delays,,Often,Morning peak hours,"Yes, very frequently",Increased pressure on KSRTC,Extra buses during peak hours; Other,
PS-94MLNZ,2026-09-17T13:37:36.296976+00:00,18–25,Male,Malappuram,Rural,Working,,Daily,Moderately reduced,Strongly disagree,"Yes, regularly",No change,Other,Iam always travelling through ksrtc before the priyadharshini scheme,Significant loss of passengers and revenue,Male passengers — due to increased overcrowding,,Always,Throughout the day,"Yes, sometimes",More overcrowding,Better coordination between KSRTC and private buses; Other,
PS-QKNUJN,2026-09-17T13:39:32.598290+00:00,18–25,Female,Malappuram,Semi-urban,Student,,Several times a week,Significantly reduced,Agree,"Yes, regularly","Yes, significantly",Lower / zero travel cost,,Slight impact,Other,,Always,Morning peak hours,"Yes, very frequently",Lower travel comfort; More delays,Smart pass / better verification; Increase overall KSRTC fleet capacity,
PS-VBFJG0,2026-09-17T13:56:07.258823+00:00,18–25,Female,Malappuram,Rural,Student,,Occasionally,Not applicable,Strongly agree,"Yes, regularly","Yes, to some extent",Lower / zero travel cost,,Moderate loss of passengers and revenue,Private bus operators — due to loss of passengers and revenue,,Often,Both morning and evening peaks,Rarely,Lower travel comfort,Extra buses during peak hours; Better coordination between KSRTC and private buses; Increase overall KSRTC fleet capacity,
PS-2E2T6H,2026-09-17T13:56:15.764755+00:00,18–25,Female,Kozhikode,Semi-urban,Student,,Occasionally,Moderately reduced,Agree,Rarely,I still mainly use private buses,Scheme benefits,,Significant loss of passengers and revenue,Private bus operators — due to loss of passengers and revenue,,Always,Both morning and evening peaks,"Yes, sometimes",Greater passenger dissatisfaction; More delays,Better coordination between KSRTC and private buses,
PS-4ABTUH,2026-09-17T14:04:41.201664+00:00,Below 18,Female,Kannur,Semi-urban,Student,,Rarely,Slightly reduced,Disagree,"Yes, regularly",I still mainly use private buses,Route availability,,Significant loss of passengers and revenue,Private bus operators — due to loss of passengers and revenue,,Always,Both morning and evening peaks,"Yes, very frequently",More overcrowding; Greater passenger dissatisfaction; Lower travel comfort,Extra buses during peak hours; Special services for students and workers; Smart pass / better verification,
PS-IWBEFZ,2026-09-17T14:07:38.379999+00:00,18–25,Female,Kozhikode,Semi-urban,Student,,Daily,Significantly reduced,Strongly agree,"No, I mainly used KSRTC","Yes, significantly",Lower / zero travel cost,,Significant loss of passengers and revenue,No one is significantly negatively affected,,Never,Both morning and evening peaks,"Yes, sometimes",Lower travel comfort,Special services for students and workers,
PS-NPB1MV,2026-09-17T14:22:41.296550+00:00,18–25,Male,Wayanad,Semi-urban,Working,,Several times a week,Not applicable,Strongly disagree,Not applicable,Not applicable,Other,Direct bus route available without changing buses,No significant impact,Other regular KSRTC passengers — due to overcrowding and delays,,Always,Both morning and evening peaks,"Yes, sometimes",More overcrowding; Increased pressure on KSRTC,Demand-based route planning,
PS-QO0JR6,2026-09-17T14:40:09.347108+00:00,26–35,Female,Malappuram,Urban,Business,,Rarely,Significantly reduced,Agree,Not applicable,"Yes, significantly",Better reliability,,Significant loss of passengers and revenue,Male passengers — due to increased overcrowding,,Rarely,Evening peak hours,"Yes, very frequently",Lower travel comfort,Extra buses during peak hours; Special services for students and workers; Better coordination between KSRTC and private buses; Other,
PS-FLUTQI,2026-09-17T14:47:14.783359+00:00,18–25,Female,Malappuram,Semi-urban,Student,,Occasionally,No reduction,Agree,Rarely,I still mainly use private buses,Better access to education/work,,Significant loss of passengers and revenue,Male passengers — due to increased overcrowding,,Often,Morning peak hours,"Yes, sometimes",More overcrowding; Increased pressure on KSRTC; Lower travel comfort; More delays,Extra buses during peak hours; Better coordination between KSRTC and private buses,
PS-YSEYR6,2026-09-17T14:57:43.578152+00:00,18–25,Male,Kasaragod,Rural,Student,,Daily,Slightly reduced,Agree,"Yes, regularly",No change,Other,Iam always travelling through ksrtc before the priyadharshini scheme,Slight impact,Other,,Never,Throughout the day,"Yes, sometimes",More delays,Special services for students and workers,
PS-MHKBW9,2026-09-17T15:08:17.969021+00:00,18–25,Male,Kollam,Semi-urban,Student,,Occasionally,No reduction,Neutral,Rarely,Not applicable,Lower / zero travel cost,,Moderate loss of passengers and revenue,Private bus operators — due to loss of passengers and revenue,,Often,Evening peak hours,"Yes, very frequently",Continued challenges for private bus operators,Special services for students and workers,
PS-D10WGE,2026-09-17T15:10:56.957695+00:00,18–25,Male,Wayanad,Rural,Student,,Several times a week,No reduction,Agree,"Yes, regularly",No change,Better access to education/work,,Moderate loss of passengers and revenue,Other,,Always,Throughout the day,Rarely,Increased pressure on KSRTC; Continued challenges for private bus operators; Lower travel comfort,Special services for students and workers; Better coordination between KSRTC and private buses; Other,
PS-DTGNFR,2026-09-17T15:36:53.102008+00:00,Below 18,Female,Malappuram,Rural,Business,,Rarely,Slightly reduced,Agree,"Yes, occasionally","Yes, to some extent",Route availability,,No significant impact,Other regular KSRTC passengers — due to overcrowding and delays,,Rarely,Evening peak hours,Rarely,Lower travel comfort,Extra buses during peak hours; Special services for students and workers,
PS-QMKLC2,2026-09-17T15:42:27.164277+00:00,36–45,Male,Pathanamthitta,Urban,Working,,Occasionally,No reduction,Agree,"Yes, regularly",No change,Other,Direct bus route available without changing buses,Moderate loss of passengers and revenue,Private bus operators — due to loss of passengers and revenue,,Rarely,Throughout the day,Rarely,Lower travel comfort,Extra buses during peak hours; Special services for students and workers; Better coordination between KSRTC and private buses,
PS-PUQDWT,2026-09-17T15:52:35.313818+00:00,18–25,Female,Kozhikode,Rural,Student,,Daily,Slightly reduced,Agree,Rarely,"Yes, to some extent",Lower / zero travel cost,,No significant impact,KSRTC staff / conductors — due to increased passenger pressure,,Always,Both morning and evening peaks,"Yes, very frequently",More overcrowding; Increased pressure on KSRTC; Lower travel comfort,Special services for students and workers,
PS-USIWW8,2026-09-17T16:08:52.780385+00:00,18–25,Female,Malappuram,Rural,Student,,Several times a week,Significantly reduced,Agree,"Yes, occasionally","Yes, significantly",Better access to education/work,,Moderate loss of passengers and revenue,Male passengers — due to increased overcrowding,,Always,Both morning and evening peaks,"Yes, sometimes",Continued challenges for private bus operators; More delays,Better coordination between KSRTC and private buses,
PS-8BT36W,2026-09-17T16:11:05.927940+00:00,18–25,Female,Kasaragod,Rural,Self-employed,,Rarely,Significantly reduced,Strongly agree,Rarely,"Yes, to some extent",Better access to education/work,,Moderate loss of passengers and revenue,Private bus operators — due to loss of passengers and revenue,,Always,Throughout the day,"Yes, sometimes",Continued challenges for private bus operators; Lower travel comfort,Demand-based route planning; Increase overall KSRTC fleet capacity,
PS-043PRM,2026-09-17T16:14:34.167170+00:00,18–25,Male,Malappuram,Semi-urban,Student,,Occasionally,Significantly reduced,Agree,"No, I mainly used KSRTC",No change,Route availability,,Moderate loss of passengers and revenue,Male passengers — due to increased overcrowding,,Often,Both morning and evening peaks,Rarely,More overcrowding,Extra buses during peak hours; Better coordination between KSRTC and private buses,
PS-O5OQLK,2026-09-17T16:19:46.697732+00:00,18–25,Female,Kozhikode,Semi-urban,Student,,Occasionally,No reduction,Disagree,"Yes, regularly","Yes, to some extent",Lower / zero travel cost,,Slight impact,Private bus operators — due to loss of passengers and revenue,,Always,Both morning and evening peaks,"Yes, very frequently",More overcrowding,Special services for students and workers,
PS-ZG36JE,2026-09-17T16:19:58.572375+00:00,18–25,Female,Kozhikode,Semi-urban,Student,,Occasionally,Not applicable,Strongly agree,Not applicable,No change,Scheme benefits,,Moderate loss of passengers and revenue,Private bus operators — due to loss of passengers and revenue,,Often,Both morning and evening peaks,Rarely,More overcrowding,Extra buses during peak hours; Special services for students and workers,
PS-HG6S27,2026-09-17T16:38:47.967516+00:00,18–25,Female,Malappuram,Rural,Student,,Several times a week,Slightly reduced,Neutral,"No, I mainly used KSRTC","Yes, significantly",Scheme benefits,,Moderate loss of passengers and revenue,Private bus operators — due to loss of passengers and revenue,,Rarely,Morning peak hours,"Yes, sometimes",Lower travel comfort; More delays,Special services for students and workers,
PS-6ZUUWZ,2026-09-17T16:43:06.349429+00:00,18–25,Female,Wayanad,Semi-urban,Other,Unemployed,Several times a week,Significantly reduced,Agree,"Yes, regularly",No change,Lower / zero travel cost,,Moderate loss of passengers and revenue,Private bus operators — due to loss of passengers and revenue,,Always,Throughout the day,"Yes, very frequently",More overcrowding; Increased pressure on KSRTC; Lower travel comfort,Better coordination between KSRTC and private buses; Smart pass / better verification,
PS-UEGC3Z,2026-09-17T16:45:27.798432+00:00,18–25,Male,Kannur,Semi-urban,Student,,Occasionally,Not applicable,Agree,Rarely,Not applicable,Better reliability,,Slight impact,Other,,Always,Both morning and evening peaks,"Yes, very frequently",Greater passenger dissatisfaction; More delays,Extra buses during peak hours; Better coordination between KSRTC and private buses,
PS-KLEXHK,2026-09-17T16:51:46.748806+00:00,Below 18,Female,Malappuram,Rural,Student,,Rarely,Significantly reduced,Strongly agree,"Yes, occasionally",No change,Scheme benefits,,Significant loss of passengers and revenue,Male passengers — due to increased overcrowding,,Rarely,Throughout the day,"Yes, sometimes",Increased pressure on KSRTC; Lower travel comfort,Extra buses during peak hours; Special services for students and workers; Demand-based route planning; Other,
PS-ZKWT6J,2026-09-17T16:58:00.137487+00:00,26–35,Male,Kasaragod,Rural,Student,,Rarely,Significantly reduced,Agree,Rarely,No change,Scheme benefits,,Significant loss of passengers and revenue,Private bus operators — due to loss of passengers and revenue,,Always,Both morning and evening peaks,"Yes, very frequently",More overcrowding; Lower travel comfort,Extra buses during peak hours; Smart pass / better verification,
PS-LZLXFA,2026-09-17T17:03:27.759808+00:00,18–25,Female,Kozhikode,Rural,Student,,Rarely,Slightly reduced,Neutral,Rarely,"Yes, to some extent",Lower / zero travel cost,,Moderate loss of passengers and revenue,Private bus operators — due to loss of passengers and revenue,,Rarely,Evening peak hours,"Yes, sometimes",Lower travel comfort; More delays,Extra buses during peak hours; Demand-based route planning; Better coordination between KSRTC and private buses,
PS-CRP90Y,2026-09-17T17:14:25.786659+00:00,18–25,Female,Kannur,Urban,Student,,Occasionally,Not applicable,Disagree,Rarely,I still mainly use private buses,Other,No change,Significant loss of passengers and revenue,Other,,Often,Both morning and evening peaks,Rarely,More overcrowding; Greater passenger dissatisfaction,Demand-based route planning; Better coordination between KSRTC and private buses,
PS-QH7O1D,2026-09-17T17:15:15.572200+00:00,18–25,Female,Kollam,Semi-urban,Student,,Several times a week,No reduction,Disagree,Rarely,"Yes, to some extent",Route availability,,Not sure,Private bus operators — due to loss of passengers and revenue,,Always,Evening peak hours,"Yes, sometimes",Increased pressure on KSRTC,Special services for students and workers; Better coordination between KSRTC and private buses,
PS-7TVIP5,2026-09-17T17:24:30.226265+00:00,18–25,Female,Kozhikode,Urban,Student,,Rarely,Significantly reduced,Neutral,Rarely,"Yes, to some extent",Better reliability,,No significant impact,KSRTC staff / conductors — due to increased passenger pressure,,Sometimes,Both morning and evening peaks,"Yes, sometimes",Increased pressure on KSRTC,Better coordination between KSRTC and private buses,
PS-D4XMMP,2026-09-17T17:32:09.608914+00:00,18–25,Female,Kannur,Rural,Student,,Rarely,Slightly reduced,Neutral,"Yes, occasionally",I still mainly use private buses,Lower / zero travel cost,,Significant loss of passengers and revenue,Male passengers — due to increased overcrowding,,Always,Both morning and evening peaks,"Yes, sometimes",Continued challenges for private bus operators; Lower travel comfort; More delays,Extra buses during peak hours; Smart pass / better verification,
PS-49AL82,2026-09-17T17:38:50.307573+00:00,26–35,Male,Kozhikode,Semi-urban,Self-employed,,Occasionally,No reduction,Strongly disagree,"Yes, occasionally",Not applicable,Other,Safe travel for women commuters,Significant loss of passengers and revenue,Private bus operators — due to loss of passengers and revenue,,Sometimes,Both morning and evening peaks,"Yes, sometimes",More overcrowding; Positive improvements if the government acts,Special services for students and workers,
PS-W0WGE7,2026-09-17T17:50:17.654857+00:00,18–25,Female,Wayanad,Semi-urban,Student,,Occasionally,Moderately reduced,Agree,"Yes, regularly",No change,Route availability,,Significant loss of passengers and revenue,Private bus operators — due to loss of passengers and revenue,,Always,Both morning and evening peaks,"Yes, very frequently",More overcrowding; Greater passenger dissatisfaction; Lower travel comfort,Extra buses during peak hours; Better coordination between KSRTC and private buses,
PS-W5GZZJ,2026-09-17T17:50:46.971152+00:00,18–25,Female,Kannur,Semi-urban,Student,,Daily,No reduction,Neutral,"No, I mainly used KSRTC",I did not use private buses previously,Better access to education/work,,Significant loss of passengers and revenue,Private bus operators — due to loss of passengers and revenue,,Always,Evening peak hours,Never,Lower travel comfort,Special services for students and workers; Better coordination between KSRTC and private buses,
PS-H3HXY6,2026-09-17T17:52:01.834804+00:00,18–25,Female,Malappuram,Urban,Student,,Rarely,Slightly reduced,Agree,Rarely,No change,Lower / zero travel cost,,Slight impact,Male passengers — due to increased overcrowding,,Always,Both morning and evening peaks,Rarely,More overcrowding; Continued challenges for private bus operators; Lower travel comfort,Special services for students and workers; Demand-based route planning,
PS-Y36PX7,2026-09-17T17:52:18.222415+00:00,18–25,Female,Kozhikode,Rural,Student,,Daily,Slightly reduced,Disagree,"Yes, occasionally","Yes, to some extent",Better access to education/work,,No significant impact,Other regular KSRTC passengers — due to overcrowding and delays,,Always,Both morning and evening peaks,Rarely,Continued challenges for private bus operators; Lower travel comfort,Special services for students and workers,
PS-4J8TQV,2026-09-17T18:02:11.179285+00:00,36–45,Female,Malappuram,Rural,Student,,Several times a week,Significantly reduced,Strongly agree,"Yes, regularly",I still mainly use private buses,Lower / zero travel cost,,Significant loss of passengers and revenue,Male passengers — due to increased overcrowding,,Often,Both morning and evening peaks,Rarely,More overcrowding,Special services for students and workers; Better coordination between KSRTC and private buses,
PS-GFN588,2026-09-17T18:18:13.451592+00:00,18–25,Male,Kasaragod,Semi-urban,Working,,Occasionally,No reduction,Disagree,"No, I mainly used KSRTC",No change,Route availability,,Moderate loss of passengers and revenue,Private bus operators — due to loss of passengers and revenue,,Often,Evening peak hours,Rarely,Lower travel comfort; Positive improvements if the government acts,Special services for students and workers; Demand-based route planning; Better coordination between KSRTC and private buses,
PS-UKX4ZN,2026-09-17T18:21:18.747323+00:00,18–25,Male,Kannur,Semi-urban,Student,,Occasionally,No reduction,Strongly disagree,"Yes, occasionally",No change,Better reliability,,Slight impact,Other,,Often,Evening peak hours,"Yes, very frequently",Continued challenges for private bus operators; Lower travel comfort,Better coordination between KSRTC and private buses; Smart pass / better verification,
PS-9MRP0T,2026-09-17T18:21:27.355588+00:00,18–25,Male,Kannur,Semi-urban,Student,,Occasionally,No reduction,Neutral,"Yes, regularly","Yes, significantly",Lower / zero travel cost,,Moderate loss of passengers and revenue,Private bus operators — due to loss of passengers and revenue,,Always,Both morning and evening peaks,Rarely,More overcrowding,Extra buses during peak hours; Demand-based route planning; Better coordination between KSRTC and private buses,
PS-S810US,2026-09-17T18:28:43.891489+00:00,18–25,Female,Kannur,Rural,Student,,Occasionally,No reduction,Strongly disagree,Not applicable,I still mainly use private buses,Lower / zero travel cost,,Slight impact,Private bus operators — due to loss of passengers and revenue,,Always,Both morning and evening peaks,"Yes, sometimes",More overcrowding,Extra buses during peak hours; Special services for students and workers; Better coordination between KSRTC and private buses,
PS-HYR32H,2026-09-17T18:29:40.169997+00:00,18–25,Female,Kasaragod,Rural,Student,,Daily,Slightly reduced,Neutral,"Yes, regularly","Yes, significantly",Lower / zero travel cost,,Not sure,Private bus operators — due to loss of passengers and revenue,,Often,Both morning and evening peaks,Rarely,Greater passenger dissatisfaction,Special services for students and workers,
PS-WDM52E,2026-09-17T18:46:38.201456+00:00,18–25,Female,Malappuram,Rural,Student,,Occasionally,Slightly reduced,Agree,"No, I mainly used KSRTC","Yes, significantly",Lower / zero travel cost,,Significant loss of passengers and revenue,Private bus operators — due to loss of passengers and revenue,,Always,Both morning and evening peaks,"Yes, very frequently",Greater passenger dissatisfaction,Extra buses during peak hours; Special services for students and workers; Demand-based route planning; Smart pass / better verification,
PS-OJV0N2,2026-09-17T18:53:09.419103+00:00,18–25,Female,Wayanad,Rural,Student,,Several times a week,Not applicable,Agree,"Yes, regularly","Yes, significantly",Better access to education/work,,Moderate loss of passengers and revenue,Private bus operators — due to loss of passengers and revenue,,Always,Morning peak hours,"Yes, very frequently",More overcrowding; Other,Demand-based route planning; Better coordination between KSRTC and private buses,
PS-9122DT,2026-09-17T18:55:44.517438+00:00,18–25,Male,Pathanamthitta,Semi-urban,Working,,Rarely,Moderately reduced,Agree,"Yes, regularly","Yes, to some extent",Better access to education/work,,No significant impact,Private bus operators — due to loss of passengers and revenue,,Rarely,Throughout the day,"Yes, very frequently",Increased pressure on KSRTC; Greater passenger dissatisfaction; Continued challenges for private bus operators; Lower travel comfort; Other,Extra buses during peak hours; Demand-based route planning,
PS-T0XE8O,2026-09-17T18:58:39.981900+00:00,18–25,Female,Malappuram,Semi-urban,Student,,Occasionally,Significantly reduced,Agree,"Yes, occasionally","Yes, to some extent",Better access to education/work,,Slight impact,Private bus operators — due to loss of passengers and revenue,,Always,Both morning and evening peaks,"Yes, very frequently",Lower travel comfort; More delays,Extra buses during peak hours; Demand-based route planning; Increase overall KSRTC fleet capacity,
PS-CDCF43,2026-09-17T19:08:27.885804+00:00,18–25,Female,Kannur,Rural,Student,,Rarely,Significantly reduced,Strongly agree,Rarely,I still mainly use private buses,Lower / zero travel cost,,Moderate loss of passengers and revenue,Private bus operators — due to loss of passengers and revenue,,Rarely,Evening peak hours,"Yes, sometimes",More delays,Special services for students and workers,
PS-BIFU5X,2026-09-17T19:08:43.266970+00:00,18–25,Female,Kasaragod,Rural,Student,,Daily,No reduction,Disagree,"No, I mainly used KSRTC",Not applicable,Lower / zero travel cost,,Significant loss of passengers and revenue,Private bus operators — due to loss of passengers and revenue,,Often,Evening peak hours,Rarely,More overcrowding; Lower travel comfort,Extra buses during peak hours; Special services for students and workers; Demand-based route planning; Better coordination between KSRTC and private buses; Smart pass / better verification,
PS-4VBMK0,2026-09-17T19:09:33.289676+00:00,18–25,Female,Kollam,Rural,Student,,Daily,Significantly reduced,Strongly agree,"Yes, regularly","Yes, significantly",Route availability,,Moderate loss of passengers and revenue,Male passengers — due to increased overcrowding,,Often,Morning peak hours,"Yes, sometimes",Greater passenger dissatisfaction; More delays,Special services for students and workers,
PS-PAMHKV,2026-09-17T19:16:00.636913+00:00,18–25,Male,Kasaragod,Rural,Student,,Daily,No reduction,Disagree,"Yes, occasionally",No change,Other,Not applicable,Significant loss of passengers and revenue,Male passengers — due to increased overcrowding,,Always,Both morning and evening peaks,Rarely,Greater passenger dissatisfaction,Special services for students and workers,
PS-IFDNEG,2026-09-17T19:20:09.284791+00:00,18–25,Female,Kozhikode,Semi-urban,Student,,Several times a week,Slightly reduced,Neutral,"No, I mainly used KSRTC",Not applicable,Better access to education/work,,No significant impact,Other regular KSRTC passengers — due to overcrowding and delays,,Always,Evening peak hours,"Yes, sometimes",Lower travel comfort; Other,Extra buses during peak hours; Better coordination between KSRTC and private buses; Smart pass / better verification; Increase overall KSRTC fleet capacity,
PS-9OJJBM,2026-09-17T19:23:51.826430+00:00,36–45,Male,Kozhikode,Urban,Other,Freelancer,Occasionally,Not applicable,Strongly disagree,"Yes, regularly",No change,Route availability,,Moderate loss of passengers and revenue,Private bus operators — due to loss of passengers and revenue,,Always,Evening peak hours,Never,More overcrowding; Increased pressure on KSRTC; Greater passenger dissatisfaction; Lower travel comfort,Extra buses during peak hours; Special services for students and workers; Demand-based route planning,
PS-AIUJEO,2026-09-17T19:40:06.751552+00:00,18–25,Female,Kozhikode,Rural,Student,,Occasionally,Significantly reduced,Strongly agree,"Yes, occasionally","Yes, significantly",Lower / zero travel cost,,Slight impact,Private bus operators — due to loss of passengers and revenue,,Always,Both morning and evening peaks,Rarely,Continued challenges for private bus operators,Special services for students and workers,
PS-2BV53X,2026-09-17T19:46:25.595989+00:00,18–25,Female,Kozhikode,Semi-urban,Student,,Occasionally,Significantly reduced,Agree,Not applicable,"Yes, to some extent",Lower / zero travel cost,,Significant loss of passengers and revenue,Private bus operators — due to loss of passengers and revenue,,Always,Both morning and evening peaks,"Yes, very frequently",Increased pressure on KSRTC,Extra buses during peak hours; Other,
PS-PJ4UNH,2026-09-17T20:01:22.857044+00:00,18–25,Male,Pathanamthitta,Urban,Working,,Occasionally,Slightly reduced,Disagree,Not applicable,I still mainly use private buses,Better reliability,,No significant impact,Other regular KSRTC passengers — due to overcrowding and delays,,Often,Evening peak hours,"Yes, sometimes",Continued challenges for private bus operators; Lower travel comfort,Better coordination between KSRTC and private buses,
PS-D8ZBDR,2026-09-17T20:15:22.371481+00:00,18–25,Male,Pathanamthitta,Urban,Student,,Rarely,Slightly reduced,Agree,"No, I mainly used KSRTC","Yes, significantly",Other,No change,Significant loss of passengers and revenue,Private bus operators — due to loss of passengers and revenue,,Rarely,Both morning and evening peaks,"Yes, sometimes",Lower travel comfort,Extra buses during peak hours; Demand-based route planning,
PS-T08LL7,2026-09-17T20:26:17.569338+00:00,18–25,Male,Kollam,Rural,Student,,Daily,No reduction,Disagree,"Yes, occasionally",No change,Route availability,,Moderate loss of passengers and revenue,Private bus operators — due to loss of passengers and revenue,,Never,Throughout the day,"Yes, sometimes",Increased pressure on KSRTC; More delays,Special services for students and workers; Better coordination between KSRTC and private buses,
PS-PS2K36,2026-09-17T20:30:34.778520+00:00,18–25,Male,Wayanad,Semi-urban,Student,,Occasionally,No reduction,Disagree,"Yes, occasionally",No change,Route availability,,Moderate loss of passengers and revenue,Male passengers — due to increased overcrowding,,Always,Morning peak hours,"Yes, very frequently",More overcrowding; Greater passenger dissatisfaction; Lower travel comfort; More delays,Better coordination between KSRTC and private buses,
PS-U730TX,2026-09-17T20:41:56.460483+00:00,Below 18,Female,Wayanad,Rural,Student,,Several times a week,Slightly reduced,Neutral,"Yes, occasionally","Yes, to some extent",Better access to education/work,,Significant loss of passengers and revenue,Private bus operators — due to loss of passengers and revenue,,Sometimes,Rarely face overcrowding,"Yes, sometimes",Lower travel comfort,Special services for students and workers,
PS-1LI12R,2026-09-17T20:47:25.280948+00:00,18–25,Male,Kollam,Rural,Student,,Occasionally,Moderately reduced,Disagree,"Yes, regularly",No change,Lower / zero travel cost,,Moderate loss of passengers and revenue,Private bus operators — due to loss of passengers and revenue,,Always,Both morning and evening peaks,Rarely,More overcrowding; Increased pressure on KSRTC,Extra buses during peak hours; Better coordination between KSRTC and private buses,
PS-QZ75P0,2026-09-17T20:51:20.978020+00:00,18–25,Female,Kozhikode,Rural,Student,,Several times a week,Significantly reduced,Strongly agree,"Yes, regularly","Yes, significantly",Lower / zero travel cost,,Significant loss of passengers and revenue,Private bus operators — due to loss of passengers and revenue,,Often,Both morning and evening peaks,"Yes, sometimes",Greater passenger dissatisfaction; Lower travel comfort; More delays,Special services for students and workers; Better coordination between KSRTC and private buses; Smart pass / better verification,
PS-AKLXLY,2026-09-17T20:55:28.872554+00:00,18–25,Female,Kozhikode,Semi-urban,Student,,Occasionally,Significantly reduced,Strongly agree,"Yes, occasionally","Yes, significantly",Route availability,,Significant loss of passengers and revenue,Private bus operators — due to loss of passengers and revenue,,Sometimes,Both morning and evening peaks,"Yes, very frequently",Increased pressure on KSRTC,Better coordination between KSRTC and private buses; Smart pass / better verification,
PS-D58I8K,2026-09-17T20:57:14.365441+00:00,18–25,Male,Wayanad,Rural,Student,,Occasionally,No reduction,Agree,"No, I mainly used KSRTC",No change,Route availability,,Significant loss of passengers and revenue,Male passengers — due to increased overcrowding,,Often,Evening peak hours,Rarely,More overcrowding; Lower travel comfort; More delays; Positive improvements if the government acts,Special services for students and workers; Demand-based route planning,
PS-1UTSSY,2026-09-17T20:59:30.133658+00:00,18–25,Female,Wayanad,Rural,Student,,Several times a week,Significantly reduced,Strongly agree,"Yes, regularly","Yes, to some extent",Better access to education/work,,Slight impact,KSRTC staff / conductors — due to increased passenger pressure,,Sometimes,Rarely face overcrowding,"Yes, sometimes",More overcrowding; Increased pressure on KSRTC; Lower travel comfort; Positive improvements if the government acts,Special services for students and workers,
PS-NQM02K,2026-09-17T21:08:14.340417+00:00,Below 18,Male,Kannur,Rural,Student,,Daily,No reduction,Neutral,"Yes, occasionally","Yes, to some extent",Better access to education/work,,Moderate loss of passengers and revenue,Private bus operators — due to loss of passengers and revenue,,Often,Evening peak hours,"Yes, sometimes",Greater passenger dissatisfaction; Lower travel comfort,Special services for students and workers; Demand-based route planning,
PS-UK36P4,2026-09-17T21:17:21.298008+00:00,18–25,Female,Kozhikode,Urban,Student,,Rarely,Slightly reduced,Agree,"Yes, occasionally",I still mainly use private buses,Lower / zero travel cost,,Significant loss of passengers and revenue,Male passengers — due to increased overcrowding,,Always,Both morning and evening peaks,Rarely,Lower travel comfort,Extra buses during peak hours; Special services for students and workers; Better coordination between KSRTC and private buses,
PS-I5H7PP,2026-09-17T21:29:01.589020+00:00,Below 18,Female,Malappuram,Semi-urban,Student,,Occasionally,No reduction,Neutral,"Yes, occasionally",I still mainly use private buses,Better access to education/work,,Significant loss of passengers and revenue,Other regular KSRTC passengers — due to overcrowding and delays,,Always,Throughout the day,"Yes, very frequently",More overcrowding; Continued challenges for private bus operators,Extra buses during peak hours; Special services for students and workers; Smart pass / better verification,
PS-JLYTWD,2026-09-17T21:29:21.899931+00:00,56 and above,Male,Kozhikode,Rural,Student,,Occasionally,Not applicable,Agree,Rarely,Not applicable,Lower / zero travel cost,,No significant impact,Private bus operators — due to loss of passengers and revenue,,Always,Throughout the day,"Yes, sometimes",More delays,Extra buses during peak hours; Special services for students and workers; Better coordination between KSRTC and private buses,
PS-568UAJ,2026-09-17T21:29:31.107919+00:00,18–25,Male,Kasaragod,Urban,Student,,Rarely,Moderately reduced,Strongly agree,"Yes, regularly",I still mainly use private buses,Better access to education/work,,Significant loss of passengers and revenue,Private bus operators — due to loss of passengers and revenue,,Always,Both morning and evening peaks,"Yes, very frequently",More overcrowding; Increased pressure on KSRTC,Special services for students and workers; Better coordination between KSRTC and private buses,
PS-2FC8JZ,2026-09-17T21:31:37.857765+00:00,18–25,Male,Thiruvananthapuram,Semi-urban,Working,,Several times a week,No reduction,Disagree,Not applicable,Not applicable,Other,Iam always travelling through ksrtc before the priyadharshini scheme,Significant loss of passengers and revenue,Private bus operators — due to loss of passengers and revenue,,Always,Both morning and evening peaks,"Yes, very frequently",More overcrowding; Increased pressure on KSRTC,Extra buses during peak hours; Demand-based route planning; Other,
PS-ORUXLY,2026-09-17T21:34:01.304179+00:00,18–25,Male,Malappuram,Semi-urban,Student,,Several times a week,Not applicable,Disagree,"Yes, regularly",I still mainly use private buses,Scheme benefits,,Significant loss of passengers and revenue,Male passengers — due to increased overcrowding,,Always,Evening peak hours,"Yes, sometimes",Positive improvements if the government acts,Special services for students and workers,
PS-H28B6Q,2026-09-17T21:36:32.196003+00:00,18–25,Female,Pathanamthitta,Rural,Student,,Rarely,Moderately reduced,Neutral,"No, I mainly used KSRTC","Yes, significantly",Scheme benefits,,Significant loss of passengers and revenue,Private bus operators — due to loss of passengers and revenue,,Sometimes,Morning peak hours,Rarely,More overcrowding,Demand-based route planning; Increase overall KSRTC fleet capacity,
PS-FQ2TPP,2026-09-17T21:44:03.381188+00:00,18–25,Female,Thiruvananthapuram,Semi-urban,Student,,Occasionally,Moderately reduced,Agree,"Yes, regularly",I did not use private buses previously,Lower / zero travel cost,,Moderate loss of passengers and revenue,Private bus operators — due to loss of passengers and revenue,,Always,Throughout the day,"Yes, sometimes",Lower travel comfort,Special services for students and workers,
PS-5QMWFF,2026-09-17T22:05:12.749574+00:00,18–25,Female,Malappuram,Urban,Student,,Occasionally,Moderately reduced,Agree,Not applicable,No change,Other,Not applicable,Significant loss of passengers and revenue,Private bus operators — due to loss of passengers and revenue,,Often,Both morning and evening peaks,Never,Greater passenger dissatisfaction; Continued challenges for private bus operators; Lower travel comfort; More delays,Extra buses during peak hours; Special services for students and workers,
PS-EF0HC4,2026-09-17T22:09:24.450022+00:00,18–25,Male,Kozhikode,Semi-urban,Student,,Occasionally,No reduction,Disagree,"No, I mainly used KSRTC",No change,Route availability,,Significant loss of passengers and revenue,Private bus operators — due to loss of passengers and revenue,,Sometimes,Evening peak hours,Rarely,Greater passenger dissatisfaction,Extra buses during peak hours; Special services for students and workers; Smart pass / better verification,
PS-27LMNB,2026-09-17T22:17:50.242269+00:00,18–25,Female,Malappuram,Rural,Student,,Rarely,Significantly reduced,Agree,Rarely,Not applicable,Better reliability,,Significant loss of passengers and revenue,Private bus operators — due to loss of passengers and revenue,,Always,Evening peak hours,Rarely,Lower travel comfort; More delays,Special services for students and workers,
PS-4B4GQ8,2026-09-17T22:30:16.262299+00:00,36–45,Male,Kannur,Semi-urban,Working,,Occasionally,Moderately reduced,Neutral,Rarely,"Yes, to some extent",Other,Direct bus route available without changing buses,No significant impact,Private bus operators — due to loss of passengers and revenue,,Often,Morning peak hours,"Yes, very frequently",Increased pressure on KSRTC; Greater passenger dissatisfaction; Lower travel comfort,Better coordination between KSRTC and private buses; Increase overall KSRTC fleet capacity,
PS-YPGBXL,2026-09-17T22:32:54.802928+00:00,18–25,Female,Malappuram,Semi-urban,Student,,Several times a week,Slightly reduced,Neutral,Rarely,"Yes, to some extent",Lower / zero travel cost,,Significant loss of passengers and revenue,Private bus operators — due to loss of passengers and revenue,,Often,Morning peak hours,"Yes, sometimes",More overcrowding,Extra buses during peak hours; Demand-based route planning,
PS-5Z7TIZ,2026-09-17T22:32:55.234821+00:00,26–35,Female,Kannur,Semi-urban,Homemaker,,Occasionally,No reduction,Neutral,"Yes, occasionally",Not applicable,Lower / zero travel cost,,Not sure,Male passengers — due to increased overcrowding,,Always,Throughout the day,"Yes, very frequently",More delays,Extra buses during peak hours; Demand-based route planning; Smart pass / better verification; Increase overall KSRTC fleet capacity,
PS-52UUUZ,2026-09-17T22:33:02.813379+00:00,18–25,Male,Malappuram,Rural,Student,,Occasionally,Not applicable,Neutral,Rarely,I did not use private buses previously,Lower / zero travel cost,,Significant loss of passengers and revenue,Other,,Often,Evening peak hours,"Yes, sometimes",More overcrowding; Continued challenges for private bus operators; Lower travel comfort; More delays,Better coordination between KSRTC and private buses; Increase overall KSRTC fleet capacity,
PS-2GY3GB,2026-09-17T22:36:13.455105+00:00,18–25,Female,Kasaragod,Rural,Student,,Occasionally,Significantly reduced,Agree,"No, I mainly used KSRTC","Yes, to some extent",Better access to education/work,,Significant loss of passengers and revenue,Male passengers — due to increased overcrowding,,Always,Morning peak hours,"Yes, very frequently",More overcrowding; Increased pressure on KSRTC; Lower travel comfort,Special services for students and workers; Demand-based route planning,
PS-JR9GLJ,2026-09-17T22:48:33.878757+00:00,18–25,Female,Kannur,Urban,Student,,Rarely,Slightly reduced,Agree,Rarely,"Yes, to some extent",Other,No change,Not sure,KSRTC staff / conductors — due to increased passenger pressure,,Rarely,Evening peak hours,"Yes, very frequently",More overcrowding; More delays,Extra buses during peak hours; Special services for students and workers,
PS-Z6N02U,2026-09-17T22:55:05.819846+00:00,18–25,Female,Kannur,Urban,Student,,Rarely,Slightly reduced,Neutral,"Yes, regularly","Yes, to some extent",Better access to education/work,,Significant loss of passengers and revenue,Male passengers — due to increased overcrowding,,Rarely,Evening peak hours,Rarely,More overcrowding; Lower travel comfort,Special services for students and workers; Better coordination between KSRTC and private buses,
PS-3ZD75S,2026-09-17T22:56:51.612383+00:00,46–55,Other / Prefer not to say,Ernakulam,Rural,Working,,Rarely,Slightly reduced,Neutral,"Yes, occasionally",I still mainly use private buses,Lower / zero travel cost,,Slight impact,Private bus operators — due to loss of passengers and revenue,,Often,Both morning and evening peaks,"Yes, sometimes",Increased pressure on KSRTC; Lower travel comfort,Special services for students and workers; Demand-based route planning; Other,
PS-JDHOIZ,2026-09-17T23:05:02.139873+00:00,26–35,Male,Malappuram,Urban,Student,,Occasionally,Moderately reduced,Agree,"Yes, regularly","Yes, to some extent",Better access to education/work,,Moderate loss of passengers and revenue,Other regular KSRTC passengers — due to overcrowding and delays,,Often,Morning peak hours,"Yes, sometimes",Greater passenger dissatisfaction; More delays,Extra buses during peak hours; Demand-based route planning; Better coordination between KSRTC and private buses,
PS-MSNXA2,2026-09-17T23:07:54.292401+00:00,26–35,Female,Malappuram,Rural,Student,,Several times a week,Slightly reduced,Agree,"Yes, regularly",No change,Scheme benefits,,Slight impact,Private bus operators — due to loss of passengers and revenue,,Always,Throughout the day,"Yes, very frequently",Increased pressure on KSRTC; Continued challenges for private bus operators,Extra buses during peak hours; Demand-based route planning; Smart pass / better verification,
PS-KSPLAM,2026-09-17T23:12:04.319625+00:00,18–25,Female,Kozhikode,Semi-urban,Student,,Daily,Moderately reduced,Neutral,Rarely,"Yes, significantly",Lower / zero travel cost,,Significant loss of passengers and revenue,Private bus operators — due to loss of passengers and revenue,,Often,Both morning and evening peaks,"Yes, sometimes",More delays,Better coordination between KSRTC and private buses,
PS-WLT934,2026-09-17T23:14:38.880826+00:00,18–25,Female,Kannur,Semi-urban,Student,,Several times a week,Slightly reduced,Disagree,Not applicable,"Yes, to some extent",Lower / zero travel cost,,Significant loss of passengers and revenue,Other regular KSRTC passengers — due to overcrowding and delays,,Sometimes,Both morning and evening peaks,"Yes, sometimes",Greater passenger dissatisfaction; Lower travel comfort,Special services for students and workers,
PS-C2SQ1J,2026-09-17T23:16:12.450758+00:00,26–35,Male,Kannur,Urban,Student,,Rarely,No reduction,Neutral,Not applicable,No change,Other,Safe travel for women commuters,Slight impact,Male passengers — due to increased overcrowding,,Sometimes,Rarely face overcrowding,Rarely,More delays; Positive improvements if the government acts,Extra buses during peak hours; Special services for students and workers,
PS-DN4GHX,2026-09-17T23:22:01.130184+00:00,26–35,Female,Kannur,Urban,Student,,Occasionally,Significantly reduced,Agree,"Yes, regularly","Yes, to some extent",Lower / zero travel cost,,Significant loss of passengers and revenue,Other regular KSRTC passengers — due to overcrowding and delays,,Often,Evening peak hours,Rarely,More overcrowding; Greater passenger dissatisfaction; More delays,Extra buses during peak hours; Increase overall KSRTC fleet capacity,
PS-OMHMJJ,2026-09-17T23:32:25.998354+00:00,Below 18,Female,Kannur,Rural,Student,,Rarely,Moderately reduced,Strongly agree,"Yes, regularly",No change,Lower / zero travel cost,,Slight impact,Private bus operators — due to loss of passengers and revenue,,Never,Throughout the day,"Yes, sometimes",More delays; Positive improvements if the government acts,Smart pass / better verification,
PS-KTQMN3,2026-09-17T23:33:29.383922+00:00,18–25,Female,Wayanad,Semi-urban,Student,,Rarely,Moderately reduced,Agree,Rarely,"Yes, to some extent",Route availability,,Moderate loss of passengers and revenue,Private bus operators — due to loss of passengers and revenue,,Sometimes,Both morning and evening peaks,"Yes, very frequently",Lower travel comfort,Extra buses during peak hours; Special services for students and workers,
PS-WF7YMV,2026-09-17T23:35:23.760063+00:00,18–25,Female,Kasaragod,Rural,Student,,Daily,Significantly reduced,Neutral,"No, I mainly used KSRTC",No change,Better reliability,,Moderate loss of passengers and revenue,Male passengers — due to increased overcrowding,,Always,Both morning and evening peaks,"Yes, very frequently",Lower travel comfort; More delays,Extra buses during peak hours; Better coordination between KSRTC and private buses; Smart pass / better verification,
PS-95VKJD,2026-09-17T23:43:24.223041+00:00,26–35,Female,Kozhikode,Semi-urban,Student,,Several times a week,Slightly reduced,Neutral,Not applicable,"Yes, to some extent",Better access to education/work,,Significant loss of passengers and revenue,Private bus operators — due to loss of passengers and revenue,,Always,Both morning and evening peaks,"Yes, sometimes",Increased pressure on KSRTC; Lower travel comfort,Extra buses during peak hours; Special services for students and workers; Better coordination between KSRTC and private buses; Smart pass / better verification,
PS-B8RGYO,2026-09-18T00:12:42.493816+00:00,18–25,Male,Kannur,Semi-urban,Student,,Occasionally,Not applicable,Disagree,Rarely,I did not use private buses previously,Other,Safe travel for women commuters,Significant loss of passengers and revenue,Private bus operators — due to loss of passengers and revenue,,Always,Both morning and evening peaks,"Yes, very frequently",Lower travel comfort; More delays,Extra buses during peak hours; Special services for students and workers; Better coordination between KSRTC and private buses,
PS-8LDJ2Z,2026-09-18T00:12:56.867222+00:00,Below 18,Female,Kasaragod,Semi-urban,Student,,Occasionally,Slightly reduced,Agree,"Yes, occasionally","Yes, to some extent",Better access to education/work,,Slight impact,Male passengers — due to increased overcrowding,,Sometimes,Both morning and evening peaks,"Yes, sometimes",Increased pressure on KSRTC; Continued challenges for private bus operators,Extra buses during peak hours,
PS-CCY77K,2026-09-18T00:17:17.601271+00:00,36–45,Female,Kozhikode,Rural,Student,,Daily,Significantly reduced,Strongly agree,"No, I mainly used KSRTC","Yes, significantly",Lower / zero travel cost,,Significant loss of passengers and revenue,Private bus operators — due to loss of passengers and revenue,,Often,Both morning and evening peaks,Rarely,Continued challenges for private bus operators,Extra buses during peak hours; Better coordination between KSRTC and private buses; Smart pass / better verification,
PS-QU4T4B,2026-09-18T00:21:37.649528+00:00,18–25,Female,Malappuram,Semi-urban,Student,,Occasionally,Significantly reduced,Strongly agree,"Yes, regularly","Yes, significantly",Lower / zero travel cost,,Significant loss of passengers and revenue,Private bus operators — due to loss of passengers and revenue,,Often,Both morning and evening peaks,Never,More overcrowding,Better coordination between KSRTC and private buses; Smart pass / better verification,
PS-5GM9KS,2026-09-18T00:22:36.279019+00:00,26–35,Male,Kasaragod,Rural,Student,,Rarely,Moderately reduced,Strongly agree,Rarely,No change,Other,No change,No significant impact,Other,,Always,Both morning and evening peaks,Rarely,More delays,Extra buses during peak hours; Smart pass / better verification; Increase overall KSRTC fleet capacity,
PS-BSJ4M1,2026-09-18T00:36:28.727549+00:00,26–35,Female,Kannur,Rural,Student,,Occasionally,Moderately reduced,Agree,"Yes, regularly","Yes, significantly",Lower / zero travel cost,,Slight impact,Private bus operators — due to loss of passengers and revenue,,Often,Throughout the day,"Yes, very frequently",More overcrowding; Increased pressure on KSRTC; Greater passenger dissatisfaction,Demand-based route planning; Increase overall KSRTC fleet capacity,
PS-8AHNCV,2026-09-18T00:42:22.540562+00:00,18–25,Male,Kottayam,Semi-urban,Student,,Rarely,No reduction,Agree,"Yes, regularly",No change,Other,No change,No significant impact,Male passengers — due to increased overcrowding,,Rarely,Both morning and evening peaks,"Yes, very frequently",More delays,Special services for students and workers; Better coordination between KSRTC and private buses,
PS-SEPPIW,2026-09-18T00:48:23.718181+00:00,56 and above,Male,Kasaragod,Rural,Student,,Rarely,No reduction,Strongly disagree,"Yes, regularly",No change,Other,No change,Significant loss of passengers and revenue,Private bus operators — due to loss of passengers and revenue,,Rarely,Evening peak hours,Rarely,Continued challenges for private bus operators,Extra buses during peak hours; Special services for students and workers; Better coordination between KSRTC and private buses; Increase overall KSRTC fleet capacity,
PS-EPNSQ5,2026-09-18T01:04:36.515773+00:00,18–25,Female,Kasaragod,Urban,Student,,Several times a week,Moderately reduced,Neutral,Rarely,I still mainly use private buses,Other,Iam always travelling through ksrtc before the priyadharshini scheme,Significant loss of passengers and revenue,Male passengers — due to increased overcrowding,,Always,Morning peak hours,"Yes, sometimes",More overcrowding; Positive improvements if the government acts,Demand-based route planning; Increase overall KSRTC fleet capacity,
PS-JZJ4B4,2026-09-18T01:06:02.896663+00:00,26–35,Female,Wayanad,Rural,Student,,Rarely,No reduction,Strongly agree,"Yes, occasionally","Yes, to some extent",Better access to education/work,,Significant loss of passengers and revenue,Private bus operators — due to loss of passengers and revenue,,Often,Evening peak hours,"Yes, very frequently",More overcrowding; Greater passenger dissatisfaction; Continued challenges for private bus operators; Lower travel comfort; Other,Demand-based route planning; Better coordination between KSRTC and private buses,
PS-UEPGAJ,2026-09-18T01:10:18.235648+00:00,18–25,Female,Malappuram,Rural,Student,,Several times a week,No reduction,Disagree,"Yes, regularly",I still mainly use private buses,Lower / zero travel cost,,Significant loss of passengers and revenue,Private bus operators — due to loss of passengers and revenue,,Always,Both morning and evening peaks,"Yes, very frequently",Increased pressure on KSRTC; More delays,Special services for students and workers,
PS-EH36T2,2026-09-18T01:18:39.898414+00:00,56 and above,Male,Malappuram,Semi-urban,Student,,Daily,Slightly reduced,Agree,"Yes, regularly",No change,Other,Safe travel for women commuters,Slight impact,Male passengers — due to increased overcrowding,,Never,Rarely face overcrowding,"Yes, very frequently",Lower travel comfort,Extra buses during peak hours; Special services for students and workers; Better coordination between KSRTC and private buses; Smart pass / better verification,
PS-YJXCKS,2026-09-18T01:25:43.419029+00:00,18–25,Male,Kozhikode,Semi-urban,Student,,Occasionally,No reduction,Strongly disagree,"Yes, occasionally",No change,Lower / zero travel cost,,Significant loss of passengers and revenue,Other regular KSRTC passengers — due to overcrowding and delays,,Always,Morning peak hours,"Yes, very frequently",More overcrowding; Continued challenges for private bus operators; More delays,Better coordination between KSRTC and private buses; Smart pass / better verification,
PS-WNU3NS,2026-09-18T01:43:51.294930+00:00,18–25,Male,Kozhikode,Rural,Other,Self-study,Occasionally,No reduction,Neutral,"Yes, regularly",No change,Scheme benefits,,Slight impact,Male passengers — due to increased overcrowding,,Always,Morning peak hours,"Yes, sometimes",Lower travel comfort,Demand-based route planning; Better coordination between KSRTC and private buses; Smart pass / better verification; Other,
PS-DVNXG7,2026-09-18T02:01:23.230125+00:00,56 and above,Female,Malappuram,Semi-urban,Student,,Rarely,Significantly reduced,Agree,"Yes, regularly",No change,Route availability,,Moderate loss of passengers and revenue,Private bus operators — due to loss of passengers and revenue,,Always,Both morning and evening peaks,"Yes, sometimes",More overcrowding; Continued challenges for private bus operators; Lower travel comfort,Extra buses during peak hours; Special services for students and workers; Better coordination between KSRTC and private buses; Smart pass / better verification,
PS-8WBABU,2026-09-18T02:03:05.188183+00:00,18–25,Female,Malappuram,Semi-urban,Student,,Several times a week,Significantly reduced,Agree,"Yes, regularly","Yes, significantly",Better access to education/work,,Significant loss of passengers and revenue,Male passengers — due to increased overcrowding,,Always,Morning peak hours,"Yes, sometimes",Lower travel comfort,Special services for students and workers; Better coordination between KSRTC and private buses; Smart pass / better verification,
PS-P3HT7C,2026-09-18T02:13:34.654776+00:00,18–25,Male,Malappuram,Semi-urban,Student,,Daily,Moderately reduced,Disagree,"Yes, regularly","Yes, significantly",Better access to education/work,,Significant loss of passengers and revenue,Private bus operators — due to loss of passengers and revenue,,Always,Both morning and evening peaks,"Yes, very frequently",More overcrowding; Continued challenges for private bus operators; Lower travel comfort,Demand-based route planning; Better coordination between KSRTC and private buses,
PS-ZZYMSQ,2026-09-18T02:14:02.945548+00:00,Below 18,Female,Kannur,Semi-urban,Student,,Daily,Significantly reduced,Agree,Rarely,"Yes, significantly",Better access to education/work,,Significant loss of passengers and revenue,Private bus operators — due to loss of passengers and revenue,,Sometimes,Both morning and evening peaks,"Yes, sometimes",Lower travel comfort; Positive improvements if the government acts,Other,
PS-OGWDZI,2026-09-18T02:24:15.620701+00:00,Below 18,Female,Kozhikode,Urban,Student,,Rarely,Moderately reduced,Disagree,"No, I mainly used KSRTC","Yes, significantly",Better access to education/work,,Slight impact,Other regular KSRTC passengers — due to overcrowding and delays,,Often,Morning peak hours,"Yes, very frequently",More overcrowding; Lower travel comfort; More delays,Special services for students and workers,
PS-X5PJ1E,2026-09-18T02:30:41.599460+00:00,18–25,Male,Kozhikode,Urban,Working,,Occasionally,No reduction,Disagree,"Yes, occasionally",I still mainly use private buses,Better access to education/work,,Moderate loss of passengers and revenue,Other,,Always,Both morning and evening peaks,"Yes, sometimes",More overcrowding,Extra buses during peak hours; Better coordination between KSRTC and private buses,
PS-Y86VNB,2026-09-18T02:32:21.450721+00:00,18–25,Male,Wayanad,Semi-urban,Student,,Rarely,No reduction,Neutral,Rarely,"Yes, significantly",Lower / zero travel cost,,Moderate loss of passengers and revenue,Other regular KSRTC passengers — due to overcrowding and delays,,Often,Morning peak hours,"Yes, very frequently",More delays,Extra buses during peak hours,
PS-BCYZXK,2026-09-18T02:37:46.543758+00:00,18–25,Female,Malappuram,Rural,Student,,Rarely,Significantly reduced,Agree,"Yes, regularly",I still mainly use private buses,Route availability,,Significant loss of passengers and revenue,Private bus operators — due to loss of passengers and revenue,,Rarely,Both morning and evening peaks,"Yes, sometimes",Lower travel comfort,Extra buses during peak hours; Better coordination between KSRTC and private buses; Increase overall KSRTC fleet capacity,
PS-5EN28F,2026-09-18T02:38:25.385775+00:00,18–25,Male,Kozhikode,Urban,Student,,Rarely,Significantly reduced,Strongly agree,Rarely,"Yes, to some extent",Other,Safe travel for women commuters,Moderate loss of passengers and revenue,Private bus operators — due to loss of passengers and revenue,,Sometimes,Both morning and evening peaks,"Yes, sometimes",More overcrowding; Positive improvements if the government acts,Extra buses during peak hours,
PS-U18PWM,2026-09-18T02:56:29.435206+00:00,18–25,Male,Kannur,Semi-urban,Student,,Occasionally,No reduction,Agree,"Yes, occasionally",No change,Lower / zero travel cost,,Slight impact,Other regular KSRTC passengers — due to overcrowding and delays,,Always,Throughout the day,"Yes, very frequently",More overcrowding; Increased pressure on KSRTC; Lower travel comfort,Extra buses during peak hours; Demand-based route planning; Better coordination between KSRTC and private buses,
PS-LJXW5N,2026-09-18T03:00:18.268126+00:00,18–25,Male,Malappuram,Semi-urban,Student,,Occasionally,No reduction,Neutral,"Yes, occasionally",No change,Other,Iam always travelling through ksrtc before the priyadharshini scheme,Moderate loss of passengers and revenue,Private bus operators — due to loss of passengers and revenue,,Always,Both morning and evening peaks,Rarely,Continued challenges for private bus operators; Positive improvements if the government acts,Special services for students and workers,
PS-MQ7J46,2026-09-18T03:09:15.277787+00:00,26–35,Female,Kannur,Semi-urban,Other,Freelancer,Rarely,No reduction,Agree,"No, I mainly used KSRTC",No change,Lower / zero travel cost,,Significant loss of passengers and revenue,Private bus operators — due to loss of passengers and revenue,,Sometimes,Throughout the day,"Yes, very frequently",More overcrowding; Increased pressure on KSRTC,Special services for students and workers; Demand-based route planning; Better coordination between KSRTC and private buses; Other,
PS-8Y9D4K,2026-09-18T03:15:46.159061+00:00,26–35,Female,Kottayam,Urban,Working,,Several times a week,Slightly reduced,Neutral,"Yes, occasionally","Yes, to some extent",Route availability,,Moderate loss of passengers and revenue,Private bus operators — due to loss of passengers and revenue,,Always,Throughout the day,"Yes, very frequently",Increased pressure on KSRTC; Lower travel comfort; More delays,Increase overall KSRTC fleet capacity; Other,
PS-HNLH41,2026-09-18T03:16:11.970309+00:00,26–35,Male,Kannur,Semi-urban,Business,,Occasionally,Moderately reduced,Strongly disagree,"Yes, regularly",I still mainly use private buses,Route availability,,Significant loss of passengers and revenue,Male passengers — due to increased overcrowding,,Always,Morning peak hours,"Yes, very frequently",More overcrowding; Increased pressure on KSRTC; Lower travel comfort,Special services for students and workers; Demand-based route planning; Better coordination between KSRTC and private buses,
PS-KTUKXA,2026-09-18T03:21:17.814363+00:00,18–25,Female,Malappuram,Rural,Student,,Occasionally,Significantly reduced,Strongly agree,"No, I mainly used KSRTC","Yes, significantly",Route availability,,Significant loss of passengers and revenue,Private bus operators — due to loss of passengers and revenue,,Always,Both morning and evening peaks,"Yes, very frequently",More overcrowding; Greater passenger dissatisfaction; More delays,Extra buses during peak hours,
PS-EVELEK,2026-09-18T03:25:32.250544+00:00,18–25,Female,Kasaragod,Rural,Student,,Rarely,Slightly reduced,Neutral,Rarely,I still mainly use private buses,Lower / zero travel cost,,Moderate loss of passengers and revenue,Private bus operators — due to loss of passengers and revenue,,Always,Evening peak hours,"Yes, very frequently",More overcrowding,Extra buses during peak hours; Special services for students and workers,
PS-1B7CA8,2026-09-18T03:26:45.323262+00:00,18–25,Female,Kozhikode,Urban,Student,,Several times a week,Significantly reduced,Strongly agree,Rarely,"Yes, significantly",Lower / zero travel cost,,Not sure,Male passengers — due to increased overcrowding,,Sometimes,Rarely face overcrowding,"Yes, sometimes",Lower travel comfort,Special services for students and workers,
PS-2SWV3V,2026-09-18T03:27:44.815648+00:00,18–25,Female,Wayanad,Rural,Student,,Several times a week,Not applicable,Strongly agree,Rarely,"Yes, to some extent",Better access to education/work,,Not sure,Private bus operators — due to loss of passengers and revenue,,Always,Evening peak hours,"Yes, very frequently",More overcrowding; More delays,Special services for students and workers,
PS-1N5J5H,2026-09-18T03:37:07.555813+00:00,18–25,Male,Kasaragod,Urban,Student,,Several times a week,Not applicable,Strongly disagree,Not applicable,Not applicable,Other,Not applicable,Slight impact,Other regular KSRTC passengers — due to overcrowding and delays,,Sometimes,Evening peak hours,Rarely,Increased pressure on KSRTC; Greater passenger dissatisfaction; More delays; Positive improvements if the government acts,Special services for students and workers; Better coordination between KSRTC and private buses,
PS-HDTH37,2026-09-18T03:41:02.473982+00:00,56 and above,Other / Prefer not to say,Kozhikode,Semi-urban,Student,,Daily,Moderately reduced,Strongly disagree,"Yes, regularly",Not applicable,Lower / zero travel cost,,No significant impact,Private bus operators — due to loss of passengers and revenue,,Sometimes,Throughout the day,Rarely,Increased pressure on KSRTC,Extra buses during peak hours; Demand-based route planning; Better coordination between KSRTC and private buses,
PS-LD6QRM,2026-09-18T03:41:12.563941+00:00,18–25,Female,Kozhikode,Semi-urban,Student,,Daily,Moderately reduced,Agree,Rarely,"Yes, to some extent",Lower / zero travel cost,,Significant loss of passengers and revenue,Male passengers — due to increased overcrowding,,Never,Rarely face overcrowding,"Yes, sometimes",Lower travel comfort,Special services for students and workers,
PS-I81DAK,2026-09-18T03:42:32.167363+00:00,18–25,Female,Kannur,Rural,Student,,Rarely,No reduction,Strongly disagree,Not applicable,Not applicable,Other,Safe travel for women commuters,Slight impact,Male passengers — due to increased overcrowding,,Always,Throughout the day,"Yes, sometimes",Increased pressure on KSRTC; Greater passenger dissatisfaction,Extra buses during peak hours; Special services for students and workers,
PS-MTX7K6,2026-09-18T03:44:53.387836+00:00,18–25,Female,Malappuram,Rural,Student,,Several times a week,No reduction,Agree,Rarely,Not applicable,Lower / zero travel cost,,Significant loss of passengers and revenue,Private bus operators — due to loss of passengers and revenue,,Always,Both morning and evening peaks,"Yes, sometimes",More overcrowding; Greater passenger dissatisfaction; Continued challenges for private bus operators; Lower travel comfort,Special services for students and workers,
PS-XVWY4C,2026-09-18T03:45:35.822901+00:00,26–35,Male,Kannur,Urban,Working,,Occasionally,No reduction,Disagree,"Yes, regularly",No change,Better reliability,,Slight impact,Male passengers — due to increased overcrowding,,Often,Both morning and evening peaks,Rarely,Lower travel comfort; More delays,Extra buses during peak hours; Demand-based route planning; Smart pass / better verification,
PS-6DZLHZ,2026-09-18T03:55:21.477993+00:00,18–25,Male,Kozhikode,Rural,Student,,Occasionally,Significantly reduced,Agree,"Yes, occasionally",Not applicable,Better access to education/work,,Slight impact,Private bus operators — due to loss of passengers and revenue,,Always,Both morning and evening peaks,"Yes, sometimes",More delays,Special services for students and workers; Other,
PS-TRUYBH,2026-09-18T03:55:45.587447+00:00,18–25,Female,Malappuram,Semi-urban,Student,,Several times a week,Not applicable,Agree,"Yes, regularly",I still mainly use private buses,Better access to education/work,,Significant loss of passengers and revenue,Private bus operators — due to loss of passengers and revenue,,Always,Both morning and evening peaks,"Yes, very frequently",Continued challenges for private bus operators; Lower travel comfort; More delays,Special services for students and workers,
PS-MIBK0V,2026-09-18T04:03:51.893022+00:00,18–25,Male,Malappuram,Rural,Student,,Daily,Significantly reduced,Strongly agree,"No, I mainly used KSRTC",Not applicable,Better access to education/work,,Significant loss of passengers and revenue,Other regular KSRTC passengers — due to overcrowding and delays,,Always,Evening peak hours,"Yes, sometimes",More overcrowding; Increased pressure on KSRTC; Continued challenges for private bus operators; Lower travel comfort,Extra buses during peak hours; Special services for students and workers; Better coordination between KSRTC and private buses; Smart pass / better verification,
PS-GE3WLS,2026-09-18T04:08:52.984903+00:00,18–25,Male,Malappuram,Rural,Working,,Occasionally,Slightly reduced,Neutral,"Yes, regularly",No change,Better reliability,,Moderate loss of passengers and revenue,Private bus operators — due to loss of passengers and revenue,,Rarely,Both morning and evening peaks,"Yes, very frequently",More delays,Other,
PS-A5NRPY,2026-09-18T04:08:59.573857+00:00,18–25,Male,Kasaragod,Rural,Student,,Rarely,Slightly reduced,Neutral,Rarely,I did not use private buses previously,Better access to education/work,,Not sure,Private bus operators — due to loss of passengers and revenue,,Often,Throughout the day,"Yes, very frequently",Lower travel comfort; More delays,Special services for students and workers,
PS-LRG5S6,2026-09-18T04:11:56.179123+00:00,26–35,Male,Ernakulam,Semi-urban,Self-employed,,Rarely,Significantly reduced,Strongly agree,Rarely,"Yes, to some extent",Better access to education/work,,Significant loss of passengers and revenue,Other regular KSRTC passengers — due to overcrowding and delays,,Rarely,Both morning and evening peaks,"Yes, sometimes",Lower travel comfort,Extra buses during peak hours; Special services for students and workers; Demand-based route planning; Better coordination between KSRTC and private buses,
PS-A3KV50,2026-09-18T04:18:04.962160+00:00,18–25,Female,Malappuram,Urban,Student,,Rarely,No reduction,Neutral,Rarely,No change,Scheme benefits,,Significant loss of passengers and revenue,Private bus operators — due to loss of passengers and revenue,,Sometimes,Evening peak hours,Rarely,Lower travel comfort,Extra buses during peak hours; Demand-based route planning,
PS-O6NE8L,2026-09-18T04:28:41.567232+00:00,18–25,Male,Kozhikode,Rural,Student,,Occasionally,Moderately reduced,Strongly agree,Rarely,I still mainly use private buses,Lower / zero travel cost,,Significant loss of passengers and revenue,Male passengers — due to increased overcrowding,,Always,Both morning and evening peaks,"Yes, sometimes",Increased pressure on KSRTC; Continued challenges for private bus operators,Extra buses during peak hours; Other,
PS-K17DG2,2026-09-18T04:30:28.425087+00:00,18–25,Female,Pathanamthitta,Semi-urban,Student,,Rarely,Significantly reduced,Agree,"Yes, regularly","Yes, significantly",Better access to education/work,,Significant loss of passengers and revenue,Private bus operators — due to loss of passengers and revenue,,Always,Both morning and evening peaks,"Yes, very frequently",Greater passenger dissatisfaction,Extra buses during peak hours; Special services for students and workers; Demand-based route planning,
PS-TKFXKM,2026-09-18T04:30:31.433878+00:00,Below 18,Male,Pathanamthitta,Semi-urban,Working,,Rarely,Not applicable,Strongly agree,"Yes, regularly","Yes, significantly",Lower / zero travel cost,,No significant impact,Other regular KSRTC passengers — due to overcrowding and delays,,Always,Both morning and evening peaks,Rarely,More overcrowding,Demand-based route planning; Other,
PS-8H0B7L,2026-09-18T04:31:40.963524+00:00,18–25,Male,Thiruvananthapuram,Semi-urban,Working,,Occasionally,Significantly reduced,Strongly agree,Rarely,"Yes, to some extent",Route availability,,Slight impact,Private bus operators — due to loss of passengers and revenue,,Always,Both morning and evening peaks,Rarely,More overcrowding; Lower travel comfort; More delays,Demand-based route planning; Better coordination between KSRTC and private buses,
PS-K1OZIT,2026-09-18T04:33:22.484360+00:00,18–25,Male,Kozhikode,Semi-urban,Student,,Rarely,Slightly reduced,Neutral,"Yes, regularly","Yes, to some extent",Other,Not applicable,Significant loss of passengers and revenue,Other regular KSRTC passengers — due to overcrowding and delays,,Often,Evening peak hours,"Yes, very frequently",More overcrowding,Extra buses during peak hours; Demand-based route planning; Better coordination between KSRTC and private buses,
PS-3Z0VO6,2026-09-18T04:42:35.175859+00:00,26–35,Female,Kollam,Semi-urban,Working,,Occasionally,Slightly reduced,Disagree,"Yes, regularly","Yes, to some extent",Better access to education/work,,Moderate loss of passengers and revenue,Private bus operators — due to loss of passengers and revenue,,Always,Both morning and evening peaks,"Yes, very frequently",More overcrowding; Increased pressure on KSRTC; More delays,Special services for students and workers; Demand-based route planning,
PS-TZ7GBE,2026-09-18T04:52:57.604176+00:00,Below 18,Female,Malappuram,Rural,Student,,Daily,No reduction,Strongly disagree,"Yes, regularly",I did not use private buses previously,Other,Not applicable,Significant loss of passengers and revenue,Male passengers — due to increased overcrowding,,Always,Both morning and evening peaks,Rarely,Lower travel comfort,Extra buses during peak hours; Special services for students and workers,
PS-U6ZB4Y,2026-09-18T05:16:31.366117+00:00,Below 18,Female,Kozhikode,Semi-urban,Student,,Daily,Moderately reduced,Agree,Rarely,No change,Route availability,,Significant loss of passengers and revenue,Private bus operators — due to loss of passengers and revenue,,Sometimes,Morning peak hours,Rarely,More overcrowding; Greater passenger dissatisfaction; Lower travel comfort,Extra buses during peak hours; Better coordination between KSRTC and private buses; Smart pass / better verification,
PS-VGPT5T,2026-09-18T05:16:46.142144+00:00,26–35,Other / Prefer not to say,Kasaragod,Rural,Student,,Occasionally,Moderately reduced,Agree,"Yes, occasionally","Yes, to some extent",Other,Not applicable,Significant loss of passengers and revenue,Private bus operators — due to loss of passengers and revenue,,Always,Both morning and evening peaks,"Yes, very frequently",More overcrowding; Greater passenger dissatisfaction,Better coordination between KSRTC and private buses,
PS-VHKPMS,2026-09-18T05:19:18.523387+00:00,18–25,Male,Thiruvananthapuram,Urban,Student,,Rarely,Not applicable,Strongly agree,Not applicable,Not applicable,Other,Safe travel for women commuters,Significant loss of passengers and revenue,Other regular KSRTC passengers — due to overcrowding and delays,,Often,Both morning and evening peaks,"Yes, sometimes",Increased pressure on KSRTC,Extra buses during peak hours,
PS-Q5UGK5,2026-09-18T05:22:10.289898+00:00,18–25,Female,Wayanad,Rural,Working,,Several times a week,Significantly reduced,Strongly agree,"Yes, regularly","Yes, significantly",Route availability,,Significant loss of passengers and revenue,Private bus operators — due to loss of passengers and revenue,,Always,Both morning and evening peaks,"Yes, sometimes",Increased pressure on KSRTC; Lower travel comfort,Other,
PS-WYGY2B,2026-09-18T05:41:51.963827+00:00,26–35,Female,Kozhikode,Rural,Student,,Several times a week,Slightly reduced,Neutral,"No, I mainly used KSRTC","Yes, significantly",Route availability,,Significant loss of passengers and revenue,Private bus operators — due to loss of passengers and revenue,,Always,Both morning and evening peaks,"Yes, sometimes",More overcrowding; Increased pressure on KSRTC,Extra buses during peak hours; Special services for students and workers; Demand-based route planning; Other,
PS-MGG31U,2026-09-18T05:47:08.538981+00:00,18–25,Female,Kannur,Semi-urban,Student,,Several times a week,Not applicable,Disagree,"Yes, regularly",Not applicable,Lower / zero travel cost,,Significant loss of passengers and revenue,Private bus operators — due to loss of passengers and revenue,,Always,Evening peak hours,"Yes, very frequently",Lower travel comfort,Extra buses during peak hours; Smart pass / better verification,
PS-BEO21V,2026-09-18T05:48:05.460647+00:00,18–25,Male,Kottayam,Semi-urban,Self-employed,,Occasionally,Slightly reduced,Agree,Rarely,"Yes, to some extent",Better reliability,,Not sure,Other regular KSRTC passengers — due to overcrowding and delays,,Sometimes,Both morning and evening peaks,"Yes, sometimes",More overcrowding,Better coordination between KSRTC and private buses,
PS-0RR2EG,2026-09-18T06:15:40.902770+00:00,56 and above,Other / Prefer not to say,Pathanamthitta,Semi-urban,Self-employed,,Occasionally,Significantly reduced,Strongly agree,Rarely,No change,Other,Direct bus route available without changing buses,Moderate loss of passengers and revenue,Other regular KSRTC passengers — due to overcrowding and delays,,Always,Morning peak hours,"Yes, very frequently",Increased pressure on KSRTC; Positive improvements if the government acts,Special services for students and workers; Smart pass / better verification; Increase overall KSRTC fleet capacity,
PS-IF5HI4,2026-09-18T06:24:34.780270+00:00,18–25,Female,Wayanad,Rural,Business,,Occasionally,Slightly reduced,Disagree,"Yes, occasionally","Yes, significantly",Lower / zero travel cost,,Slight impact,Private bus operators — due to loss of passengers and revenue,,Always,Rarely face overcrowding,"Yes, sometimes",More overcrowding; Increased pressure on KSRTC; Lower travel comfort,Special services for students and workers; Demand-based route planning; Smart pass / better verification; Increase overall KSRTC fleet capacity,
PS-OUUEEE,2026-09-18T06:29:12.644085+00:00,18–25,Female,Kasaragod,Semi-urban,Working,,Daily,Moderately reduced,Neutral,"Yes, regularly","Yes, to some extent",Better access to education/work,,Moderate loss of passengers and revenue,Private bus operators — due to loss of passengers and revenue,,Always,Both morning and evening peaks,"Yes, very frequently",More overcrowding,Extra buses during peak hours; Demand-based route planning,
PS-QJTZBC,2026-09-18T06:31:26.509778+00:00,18–25,Male,Kannur,Rural,Working,,Daily,Significantly reduced,Agree,"Yes, occasionally",No change,Scheme benefits,,Slight impact,Male passengers — due to increased overcrowding,,Always,Throughout the day,"Yes, sometimes",More overcrowding,Extra buses during peak hours; Special services for students and workers,
PS-Z7CZFT,2026-09-18T06:32:43.822620+00:00,18–25,Male,Wayanad,Semi-urban,Working,,Rarely,Not applicable,Agree,"Yes, regularly",No change,Lower / zero travel cost,,Not sure,Private bus operators — due to loss of passengers and revenue,,Always,Both morning and evening peaks,Rarely,More overcrowding; Increased pressure on KSRTC; Lower travel comfort; More delays,Demand-based route planning,
PS-CFY1S0,2026-09-18T06:32:56.199483+00:00,18–25,Female,Kozhikode,Semi-urban,Student,,Several times a week,No reduction,Neutral,Rarely,Not applicable,Lower / zero travel cost,,Significant loss of passengers and revenue,Male passengers — due to increased overcrowding,,Always,Both morning and evening peaks,"Yes, very frequently",Increased pressure on KSRTC; Lower travel comfort,Extra buses during peak hours; Demand-based route planning; Smart pass / better verification,
PS-RZFH3K,2026-09-18T06:38:48.776579+00:00,18–25,Female,Malappuram,Rural,Student,,Daily,No reduction,Agree,"Yes, occasionally","Yes, to some extent",Route availability,,Slight impact,Private bus operators — due to loss of passengers and revenue,,Always,Both morning and evening peaks,"Yes, sometimes",More overcrowding; Increased pressure on KSRTC; Greater passenger dissatisfaction; More delays,Extra buses during peak hours; Better coordination between KSRTC and private buses,
PS-HHVED2,2026-09-18T06:44:29.510467+00:00,18–25,Female,Wayanad,Rural,Student,,Daily,Slightly reduced,Neutral,"Yes, occasionally","Yes, to some extent",Better access to education/work,,Moderate loss of passengers and revenue,Other,,Always,Both morning and evening peaks,"Yes, very frequently",More overcrowding; Continued challenges for private bus operators; Lower travel comfort; More delays,Extra buses during peak hours,
PS-MF5U67,2026-09-18T06:48:24.854641+00:00,18–25,Female,Kannur,Rural,Student,,Several times a week,Moderately reduced,Strongly agree,"No, I mainly used KSRTC","Yes, significantly",Lower / zero travel cost,,Significant loss of passengers and revenue,Other regular KSRTC passengers — due to overcrowding and delays,,Always,Both morning and evening peaks,Rarely,Lower travel comfort,Extra buses during peak hours; Special services for students and workers,
PS-Y8NXKR,2026-09-18T06:50:31.605227+00:00,26–35,Female,Malappuram,Semi-urban,Student,,Occasionally,Significantly reduced,Agree,"Yes, occasionally","Yes, to some extent",Better access to education/work,,Significant loss of passengers and revenue,Private bus operators — due to loss of passengers and revenue,,Always,Both morning and evening peaks,"Yes, very frequently",More overcrowding; Greater passenger dissatisfaction; More delays,Better coordination between KSRTC and private buses,
PS-KLKY3B,2026-09-18T06:53:26.198298+00:00,18–25,Male,Kannur,Semi-urban,Student,,Several times a week,No reduction,Neutral,"Yes, regularly",No change,Other,Not applicable,Significant loss of passengers and revenue,Private bus operators — due to loss of passengers and revenue,,Always,Morning peak hours,"Yes, sometimes",Continued challenges for private bus operators; Lower travel comfort,Special services for students and workers,
PS-PG47WX,2026-09-18T06:53:32.120024+00:00,Below 18,Male,Kottayam,Semi-urban,Student,,Rarely,Significantly reduced,Strongly agree,"Yes, occasionally","Yes, to some extent",Better access to education/work,,Significant loss of passengers and revenue,Private bus operators — due to loss of passengers and revenue,,Sometimes,Morning peak hours,"Yes, very frequently",More overcrowding; More delays,Extra buses during peak hours,
PS-H82YO1,2026-09-18T07:10:22.141625+00:00,18–25,Male,Pathanamthitta,Semi-urban,Student,,Several times a week,Slightly reduced,Agree,"Yes, regularly","Yes, significantly",Lower / zero travel cost,,Significant loss of passengers and revenue,Private bus operators — due to loss of passengers and revenue,,Always,Both morning and evening peaks,Rarely,More overcrowding; Continued challenges for private bus operators; Lower travel comfort,Extra buses during peak hours; Special services for students and workers; Smart pass / better verification,
PS-WDQEW6,2026-09-18T07:12:16.929464+00:00,18–25,Male,Kozhikode,Urban,Other,Retired Teacher,Occasionally,No reduction,Disagree,"Yes, regularly",No change,Other,Direct bus route available without changing buses,Significant loss of passengers and revenue,Other regular KSRTC passengers — due to overcrowding and delays,,Often,Evening peak hours,"Yes, sometimes",More overcrowding,Extra buses during peak hours; Special services for students and workers,
PS-DKQ10N,2026-09-18T07:22:37.739758+00:00,36–45,Female,Wayanad,Rural,Student,,Several times a week,Not applicable,Disagree,"No, I mainly used KSRTC",I did not use private buses previously,Scheme benefits,,Significant loss of passengers and revenue,No one is significantly negatively affected,,Always,Throughout the day,"Yes, very frequently",Continued challenges for private bus operators; More delays,Extra buses during peak hours,
PS-EVX83P,2026-09-18T07:28:26.399209+00:00,18–25,Female,Malappuram,Urban,Student,,Rarely,Slightly reduced,Neutral,"No, I mainly used KSRTC","Yes, to some extent",Scheme benefits,,Significant loss of passengers and revenue,Private bus operators — due to loss of passengers and revenue,,Often,Both morning and evening peaks,Rarely,More overcrowding; Lower travel comfort; More delays,Increase overall KSRTC fleet capacity,
PS-DHLYYR,2026-09-18T07:30:14.632326+00:00,Below 18,Female,Kollam,Rural,Student,,Several times a week,Slightly reduced,Neutral,"Yes, occasionally","Yes, to some extent",Better access to education/work,,No significant impact,Male passengers — due to increased overcrowding,,Always,Both morning and evening peaks,Rarely,Lower travel comfort,Extra buses during peak hours; Special services for students and workers,
PS-OLZZJL,2026-09-18T07:35:41.686337+00:00,18–25,Female,Kasaragod,Rural,Student,,Rarely,Slightly reduced,Disagree,Rarely,"Yes, to some extent",Other,Iam always travelling through ksrtc before the priyadharshini scheme,Slight impact,Other regular KSRTC passengers — due to overcrowding and delays,,Always,Both morning and evening peaks,"Yes, sometimes",More overcrowding; Increased pressure on KSRTC,Special services for students and workers; Better coordination between KSRTC and private buses,
PS-DMQ2AM,2026-09-18T07:37:07.292948+00:00,Below 18,Female,Kottayam,Rural,Student,,Daily,Significantly reduced,Strongly agree,"No, I mainly used KSRTC","Yes, to some extent",Better access to education/work,,Significant loss of passengers and revenue,Private bus operators — due to loss of passengers and revenue,,Always,Both morning and evening peaks,"Yes, very frequently",Increased pressure on KSRTC,Extra buses during peak hours; Special services for students and workers,
PS-IAK4M2,2026-09-18T07:42:16.997895+00:00,18–25,Male,Kottayam,Semi-urban,Student,,Occasionally,No reduction,Neutral,Rarely,Not applicable,Better access to education/work,,Moderate loss of passengers and revenue,Private bus operators — due to loss of passengers and revenue,,Always,Both morning and evening peaks,"Yes, sometimes",More overcrowding; Continued challenges for private bus operators; More delays,Extra buses during peak hours; Better coordination between KSRTC and private buses,
PS-AABMIF,2026-09-18T07:58:25.582672+00:00,56 and above,Female,Kannur,Rural,Student,,Rarely,Significantly reduced,Strongly agree,Rarely,"Yes, significantly",Better access to education/work,,Significant loss of passengers and revenue,Private bus operators — due to loss of passengers and revenue,,Sometimes,Both morning and evening peaks,Rarely,More overcrowding; Greater passenger dissatisfaction; More delays,Better coordination between KSRTC and private buses,
PS-1NO249,2026-09-18T08:04:11.250906+00:00,18–25,Female,Kozhikode,Rural,Student,,Several times a week,Significantly reduced,Strongly agree,Rarely,Not applicable,Scheme benefits,,Moderate loss of passengers and revenue,Male passengers — due to increased overcrowding,,Always,Evening peak hours,Rarely,More overcrowding; Increased pressure on KSRTC; Greater passenger dissatisfaction; Lower travel comfort,Demand-based route planning,
PS-HN7RDO,2026-09-18T08:08:27.421646+00:00,Below 18,Female,Kozhikode,Urban,Student,,Rarely,No reduction,Disagree,"Yes, regularly",I still mainly use private buses,Scheme benefits,,Moderate loss of passengers and revenue,Private bus operators — due to loss of passengers and revenue,,Always,Both morning and evening peaks,"Yes, very frequently",More overcrowding; Continued challenges for private bus operators,Extra buses during peak hours; Better coordination between KSRTC and private buses,
PS-QVTGVF,2026-09-18T08:09:33.351957+00:00,18–25,Female,Malappuram,Semi-urban,Student,,Rarely,Not applicable,Strongly agree,"Yes, occasionally","Yes, to some extent",Better access to education/work,,No significant impact,Private bus operators — due to loss of passengers and revenue,,Rarely,Evening peak hours,"Yes, sometimes",More delays,Extra buses during peak hours; Demand-based route planning,
PS-P41EI5,2026-09-18T08:13:15.728182+00:00,18–25,Female,Malappuram,Semi-urban,Student,,Daily,Moderately reduced,Neutral,Rarely,Not applicable,Better reliability,,Moderate loss of passengers and revenue,Private bus operators — due to loss of passengers and revenue,,Sometimes,Both morning and evening peaks,Never,Lower travel comfort,Better coordination between KSRTC and private buses,
PS-SRE9VA,2026-09-18T08:26:29.418669+00:00,Below 18,Female,Malappuram,Rural,Student,,Several times a week,Significantly reduced,Strongly agree,"Yes, regularly","Yes, significantly",Better access to education/work,,Significant loss of passengers and revenue,Private bus operators — due to loss of passengers and revenue,,Always,Both morning and evening peaks,"Yes, very frequently",More overcrowding; Increased pressure on KSRTC; Lower travel comfort,Better coordination between KSRTC and private buses; Smart pass / better verification,
PS-M93GTJ,2026-09-18T08:42:51.679750+00:00,18–25,Male,Ernakulam,Rural,Student,,Rarely,Significantly reduced,Strongly agree,"Yes, occasionally",No change,Other,Direct bus route available without changing buses,Moderate loss of passengers and revenue,Private bus operators — due to loss of passengers and revenue,,Always,Both morning and evening peaks,"Yes, very frequently",Increased pressure on KSRTC; Continued challenges for private bus operators; Lower travel comfort; Positive improvements if the government acts,Extra buses during peak hours; Demand-based route planning; Smart pass / better verification,
PS-03EGC7,2026-09-18T08:57:55.858749+00:00,18–25,Female,Kasaragod,Rural,Student,,Several times a week,Moderately reduced,Agree,"Yes, regularly","Yes, significantly",Lower / zero travel cost,,Moderate loss of passengers and revenue,Private bus operators — due to loss of passengers and revenue,,Sometimes,Evening peak hours,Rarely,More overcrowding; Greater passenger dissatisfaction,Extra buses during peak hours,
PS-6CEBIX,2026-09-18T08:59:49.931465+00:00,18–25,Female,Malappuram,Semi-urban,Student,,Several times a week,Slightly reduced,Disagree,"Yes, regularly",I still mainly use private buses,Lower / zero travel cost,,Moderate loss of passengers and revenue,Other regular KSRTC passengers — due to overcrowding and delays,,Always,Throughout the day,"Yes, very frequently",More overcrowding; Continued challenges for private bus operators; Lower travel comfort,Special services for students and workers; Better coordination between KSRTC and private buses; Increase overall KSRTC fleet capacity,
PS-LJZV00,2026-09-18T09:01:23.805471+00:00,18–25,Male,Kozhikode,Urban,Student,,Daily,Slightly reduced,Agree,"No, I mainly used KSRTC",No change,Route availability,,Moderate loss of passengers and revenue,Private bus operators — due to loss of passengers and revenue,,Always,Both morning and evening peaks,"Yes, very frequently",More overcrowding; Greater passenger dissatisfaction,Extra buses during peak hours,
PS-WVRVIP,2026-09-18T09:01:32.295160+00:00,18–25,Female,Ernakulam,Semi-urban,Student,,Several times a week,Not applicable,Strongly agree,"Yes, regularly",I still mainly use private buses,Lower / zero travel cost,,No significant impact,KSRTC staff / conductors — due to increased passenger pressure,,Always,Both morning and evening peaks,"Yes, sometimes",More overcrowding,Extra buses during peak hours; Better coordination between KSRTC and private buses,
PS-CUV9LZ,2026-09-18T09:12:32.814110+00:00,18–25,Female,Malappuram,Rural,Student,,Daily,Slightly reduced,Disagree,Rarely,I still mainly use private buses,Scheme benefits,,Significant loss of passengers and revenue,Male passengers — due to increased overcrowding,,Rarely,Evening peak hours,"Yes, sometimes",More delays,Extra buses during peak hours; Demand-based route planning; Increase overall KSRTC fleet capacity,
PS-BFYLXH,2026-09-18T09:17:23.226425+00:00,56 and above,Male,Pathanamthitta,Semi-urban,Self-employed,,Occasionally,Slightly reduced,Neutral,"Yes, regularly","Yes, to some extent",Other,Direct bus route available without changing buses,Slight impact,KSRTC staff / conductors — due to increased passenger pressure,,Rarely,Throughout the day,"Yes, very frequently",More overcrowding; Increased pressure on KSRTC; Positive improvements if the government acts,Special services for students and workers,
PS-C7DSYB,2026-09-18T09:23:02.141523+00:00,18–25,Female,Malappuram,Rural,Student,,Rarely,Slightly reduced,Neutral,"Yes, regularly",I still mainly use private buses,Lower / zero travel cost,,Slight impact,Other,,Sometimes,Morning peak hours,Rarely,More overcrowding,Extra buses during peak hours; Special services for students and workers,
PS-4IVTUK,2026-09-18T09:25:47.346484+00:00,18–25,Male,Kannur,Semi-urban,Other,Daily wage earner,Daily,No reduction,Neutral,"Yes, regularly",No change,Route availability,,Slight impact,Male passengers — due to increased overcrowding,,Always,Both morning and evening peaks,"Yes, sometimes",Greater passenger dissatisfaction; More delays,Better coordination between KSRTC and private buses; Increase overall KSRTC fleet capacity,
PS-TGYCOF,2026-09-18T09:31:35.598741+00:00,Below 18,Female,Malappuram,Semi-urban,Student,,Several times a week,Moderately reduced,Agree,Rarely,"Yes, significantly",Lower / zero travel cost,,Moderate loss of passengers and revenue,Private bus operators — due to loss of passengers and revenue,,Sometimes,Both morning and evening peaks,Rarely,More delays,Extra buses during peak hours; Better coordination between KSRTC and private buses; Smart pass / better verification,
PS-NSWO9K,2026-09-18T09:39:20.927638+00:00,56 and above,Other / Prefer not to say,Malappuram,Semi-urban,Student,,Daily,No reduction,Strongly disagree,Not applicable,"Yes, significantly",Lower / zero travel cost,,No significant impact,Other regular KSRTC passengers — due to overcrowding and delays,,Always,Both morning and evening peaks,"Yes, very frequently",More delays,Special services for students and workers; Demand-based route planning,
PS-KE3767,2026-09-18T09:44:01.408742+00:00,18–25,Female,Malappuram,Rural,Student,,Daily,Slightly reduced,Neutral,Rarely,I still mainly use private buses,Lower / zero travel cost,,Moderate loss of passengers and revenue,Private bus operators — due to loss of passengers and revenue,,Always,Both morning and evening peaks,"Yes, sometimes",Greater passenger dissatisfaction; Continued challenges for private bus operators,Demand-based route planning; Better coordination between KSRTC and private buses; Smart pass / better verification,
PS-3LIBWL,2026-09-18T09:44:41.352043+00:00,18–25,Female,Malappuram,Rural,Student,,Rarely,Slightly reduced,Neutral,Rarely,"Yes, to some extent",Scheme benefits,,Significant loss of passengers and revenue,Private bus operators — due to loss of passengers and revenue,,Often,Throughout the day,"Yes, sometimes",More delays,Extra buses during peak hours; Smart pass / better verification,
PS-C166Q7,2026-09-18T09:45:05.902689+00:00,18–25,Female,Malappuram,Urban,Student,,Rarely,Significantly reduced,Agree,Not applicable,"Yes, significantly",Better access to education/work,,Moderate loss of passengers and revenue,Private bus operators — due to loss of passengers and revenue,,Often,Evening peak hours,Rarely,More overcrowding; Continued challenges for private bus operators,Special services for students and workers,
PS-836TDX,2026-09-18T09:47:44.948742+00:00,18–25,Female,Kozhikode,Rural,Student,,Several times a week,No reduction,Neutral,"Yes, occasionally",No change,Better access to education/work,,Significant loss of passengers and revenue,Male passengers — due to increased overcrowding,,Always,Evening peak hours,"Yes, sometimes",Increased pressure on KSRTC; More delays,Special services for students and workers,
PS-RJOD8I,2026-09-18T09:51:32.387124+00:00,18–25,Male,Kannur,Rural,Student,,Several times a week,No reduction,Agree,Rarely,No change,Other,No change,Moderate loss of passengers and revenue,Other regular KSRTC passengers — due to overcrowding and delays,,Always,Both morning and evening peaks,"Yes, very frequently",More overcrowding; Increased pressure on KSRTC; Lower travel comfort; More delays,Extra buses during peak hours; Special services for students and workers; Better coordination between KSRTC and private buses,
PS-IKQDE3,2026-09-18T09:51:38.225433+00:00,18–25,Male,Malappuram,Rural,Student,,Several times a week,Not applicable,Neutral,"Yes, regularly","Yes, to some extent",Route availability,,No significant impact,Male passengers — due to increased overcrowding,,Sometimes,Both morning and evening peaks,"Yes, sometimes",More delays,Special services for students and workers,
PS-3OKBH9,2026-09-18T09:52:21.609151+00:00,18–25,Female,Malappuram,Rural,Student,,Occasionally,Significantly reduced,Agree,"No, I mainly used KSRTC","Yes, significantly",Lower / zero travel cost,,Slight impact,Other regular KSRTC passengers — due to overcrowding and delays,,Always,Morning peak hours,"Yes, very frequently",Lower travel comfort; More delays,Special services for students and workers,
PS-NY8D0M,2026-09-18T09:59:05.937978+00:00,18–25,Female,Malappuram,Rural,Student,,Daily,Significantly reduced,Strongly agree,"Yes, regularly","Yes, significantly",Route availability,,Significant loss of passengers and revenue,Private bus operators — due to loss of passengers and revenue,,Always,Both morning and evening peaks,"Yes, sometimes",More overcrowding; Lower travel comfort,Special services for students and workers,
PS-LW8T1S,2026-09-18T10:04:03.940542+00:00,Below 18,Female,Kannur,Urban,Student,,Daily,Significantly reduced,Strongly agree,"Yes, regularly",I still mainly use private buses,Lower / zero travel cost,,Significant loss of passengers and revenue,Other regular KSRTC passengers — due to overcrowding and delays,,Sometimes,Throughout the day,"Yes, very frequently",More delays,Extra buses during peak hours,
PS-HYZCTO,2026-09-18T10:04:07.778261+00:00,Below 18,Male,Kasaragod,Rural,Working,,Occasionally,No reduction,Disagree,"Yes, occasionally",No change,Better reliability,,Significant loss of passengers and revenue,Other regular KSRTC passengers — due to overcrowding and delays,,Always,Both morning and evening peaks,Rarely,More overcrowding; More delays; Positive improvements if the government acts,Special services for students and workers; Better coordination between KSRTC and private buses,
PS-5MA4R9,2026-09-18T10:20:18.698648+00:00,18–25,Female,Wayanad,Rural,Student,,Several times a week,Significantly reduced,Strongly agree,"Yes, regularly","Yes, significantly",Lower / zero travel cost,,Slight impact,KSRTC staff / conductors — due to increased passenger pressure,,Always,Both morning and evening peaks,"Yes, sometimes",Continued challenges for private bus operators; More delays,Extra buses during peak hours; Special services for students and workers,
PS-PU8OL6,2026-09-18T10:21:07.712628+00:00,18–25,Female,Malappuram,Semi-urban,Student,,Occasionally,No reduction,Strongly disagree,Rarely,I still mainly use private buses,Other,Not applicable,Significant loss of passengers and revenue,Private bus operators — due to loss of passengers and revenue,,Often,Evening peak hours,"Yes, very frequently",More overcrowding,Extra buses during peak hours; Special services for students and workers,
PS-LJLBKM,2026-09-18T10:28:16.750548+00:00,18–25,Female,Wayanad,Semi-urban,Student,,Rarely,Significantly reduced,Agree,"Yes, occasionally","Yes, significantly",Better access to education/work,,Slight impact,Private bus operators — due to loss of passengers and revenue,,Often,Both morning and evening peaks,"Yes, very frequently",Continued challenges for private bus operators; More delays,Extra buses during peak hours; Demand-based route planning; Smart pass / better verification; Other,
PS-BQFZTQ,2026-09-18T10:34:18.931741+00:00,26–35,Male,Pathanamthitta,Urban,Student,,Rarely,No reduction,Strongly agree,Rarely,Not applicable,Better reliability,,No significant impact,Male passengers — due to increased overcrowding,,Rarely,Both morning and evening peaks,"Yes, sometimes",More overcrowding; Increased pressure on KSRTC; Greater passenger dissatisfaction; Lower travel comfort; More delays,Extra buses during peak hours; Special services for students and workers; Better coordination between KSRTC and private buses,
PS-3JV9QW,2026-09-18T10:35:08.401054+00:00,18–25,Female,Malappuram,Semi-urban,Student,,Daily,No reduction,Agree,Rarely,No change,Better access to education/work,,Significant loss of passengers and revenue,Private bus operators — due to loss of passengers and revenue,,Always,Both morning and evening peaks,"Yes, sometimes",More overcrowding,Special services for students and workers,
PS-D9PE3A,2026-09-18T10:36:44.960818+00:00,18–25,Male,Malappuram,Rural,Working,,Daily,Moderately reduced,Agree,"Yes, occasionally","Yes, significantly",Other,Safe travel for women commuters,Significant loss of passengers and revenue,Private bus operators — due to loss of passengers and revenue,,Rarely,Morning peak hours,Never,Lower travel comfort,Extra buses during peak hours; Special services for students and workers,
PS-B4DYYE,2026-09-18T10:44:32.159394+00:00,Below 18,Female,Wayanad,Semi-urban,Student,,Several times a week,No reduction,Agree,"Yes, occasionally","Yes, to some extent",Route availability,,Not sure,Other,,Always,Both morning and evening peaks,"Yes, very frequently",Greater passenger dissatisfaction; Continued challenges for private bus operators,Smart pass / better verification,
PS-902OF6,2026-09-18T10:49:04.195419+00:00,26–35,Male,Malappuram,Rural,Student,,Several times a week,Not applicable,Strongly agree,"Yes, occasionally",No change,Other,No change,Slight impact,Male passengers — due to increased overcrowding,,Always,Both morning and evening peaks,"Yes, sometimes",More overcrowding,Extra buses during peak hours; Special services for students and workers; Better coordination between KSRTC and private buses,
PS-Y73BHM,2026-09-18T10:52:24.582640+00:00,Below 18,Female,Malappuram,Urban,Student,,Several times a week,Not applicable,Disagree,Not applicable,"Yes, to some extent",Scheme benefits,,Slight impact,Other regular KSRTC passengers — due to overcrowding and delays,,Always,Both morning and evening peaks,"Yes, sometimes",More delays,Special services for students and workers,
PS-B54C9K,2026-09-18T10:54:08.914429+00:00,18–25,Female,Kannur,Semi-urban,Student,,Daily,Slightly reduced,Neutral,Rarely,I still mainly use private buses,Better access to education/work,,Significant loss of passengers and revenue,Private bus operators — due to loss of passengers and revenue,,Never,Evening peak hours,Rarely,More delays,Special services for students and workers,
PS-AN3XYV,2026-09-18T10:57:07.936707+00:00,18–25,Female,Kozhikode,Urban,Student,,Several times a week,Significantly reduced,Strongly agree,"No, I mainly used KSRTC","Yes, significantly",Route availability,,Significant loss of passengers and revenue,Private bus operators — due to loss of passengers and revenue,,Always,Throughout the day,"Yes, very frequently",More overcrowding; Increased pressure on KSRTC,Extra buses during peak hours; Special services for students and workers,
PS-NV99KI,2026-09-18T11:12:16.917569+00:00,18–25,Male,Malappuram,Semi-urban,Student,,Occasionally,Not applicable,Agree,"No, I mainly used KSRTC",I still mainly use private buses,Route availability,,Significant loss of passengers and revenue,Private bus operators — due to loss of passengers and revenue,,Sometimes,Evening peak hours,"Yes, sometimes",More delays,Extra buses during peak hours,
PS-S7BINT,2026-09-18T11:16:27.728892+00:00,Below 18,Female,Kasaragod,Rural,Student,,Daily,Slightly reduced,Neutral,Not applicable,I still mainly use private buses,Lower / zero travel cost,,Significant loss of passengers and revenue,Private bus operators — due to loss of passengers and revenue,,Often,Evening peak hours,"Yes, sometimes",More overcrowding,Extra buses during peak hours; Better coordination between KSRTC and private buses,
PS-JLX3NK,2026-09-18T11:34:18.764435+00:00,36–45,Male,Kasaragod,Rural,Self-employed,,Several times a week,Moderately reduced,Agree,"No, I mainly used KSRTC",No change,Route availability,,Significant loss of passengers and revenue,Other regular KSRTC passengers — due to overcrowding and delays,,Always,Both morning and evening peaks,"Yes, sometimes",More overcrowding,Special services for students and workers; Increase overall KSRTC fleet capacity,
PS-MPBY6F,2026-09-18T11:34:34.797016+00:00,18–25,Female,Kollam,Urban,Student,,Occasionally,Significantly reduced,Strongly agree,Not applicable,No change,Lower / zero travel cost,,Moderate loss of passengers and revenue,Private bus operators — due to loss of passengers and revenue,,Rarely,Rarely face overcrowding,Rarely,Increased pressure on KSRTC; Lower travel comfort; More delays,Special services for students and workers,
PS-IM49OF,2026-09-18T11:43:29.900049+00:00,18–25,Female,Kasaragod,Urban,Working,,Rarely,Slightly reduced,Agree,"Yes, regularly","Yes, to some extent",Route availability,,Significant loss of passengers and revenue,Private bus operators — due to loss of passengers and revenue,,Often,Evening peak hours,"Yes, sometimes",More overcrowding; Greater passenger dissatisfaction; More delays,Extra buses during peak hours,
PS-VQHS63,2026-09-18T11:52:53.960874+00:00,18–25,Male,Kasaragod,Rural,Other,Freelancer,Occasionally,Significantly reduced,Agree,"No, I mainly used KSRTC",No change,Route availability,,Moderate loss of passengers and revenue,Private bus operators — due to loss of passengers and revenue,,Often,Morning peak hours,"Yes, very frequently",More overcrowding,Other,
PS-S70F3U,2026-09-18T11:59:19.548658+00:00,26–35,Female,Kozhikode,Semi-urban,Working,,Occasionally,Moderately reduced,Strongly agree,"Yes, occasionally",No change,Route availability,,Significant loss of passengers and revenue,Private bus operators — due to loss of passengers and revenue,,Often,Both morning and evening peaks,"Yes, sometimes",More overcrowding; Continued challenges for private bus operators; More delays,Special services for students and workers; Better coordination between KSRTC and private buses,
PS-F9LRE5,2026-09-18T12:08:42.857653+00:00,Below 18,Female,Wayanad,Rural,Student,,Several times a week,No reduction,Strongly disagree,Rarely,Not applicable,Lower / zero travel cost,,Not sure,Other regular KSRTC passengers — due to overcrowding and delays,,Always,Both morning and evening peaks,"Yes, sometimes",Increased pressure on KSRTC; Lower travel comfort,Extra buses during peak hours,
PS-IRQFNB,2026-09-18T12:08:57.481106+00:00,18–25,Female,Kozhikode,Rural,Student,,Occasionally,Not applicable,Disagree,"Yes, regularly","Yes, significantly",Better access to education/work,,Significant loss of passengers and revenue,Male passengers — due to increased overcrowding,,Often,Evening peak hours,"Yes, very frequently",Increased pressure on KSRTC; Greater passenger dissatisfaction; Continued challenges for private bus operators; More delays,Better coordination between KSRTC and private buses,
PS-SE6ZLU,2026-09-18T12:12:14.195280+00:00,18–25,Male,Kasaragod,Rural,Student,,Several times a week,No reduction,Strongly agree,"Yes, occasionally",No change,Other,Direct bus route available without changing buses,Significant loss of passengers and revenue,Private bus operators — due to loss of passengers and revenue,,Always,Both morning and evening peaks,"Yes, sometimes",More overcrowding; Lower travel comfort,Extra buses during peak hours; Special services for students and workers; Better coordination between KSRTC and private buses; Smart pass / better verification,
PS-8BO82L,2026-09-18T12:14:39.216915+00:00,18–25,Female,Kannur,Rural,Student,,Daily,Significantly reduced,Agree,Rarely,"Yes, significantly",Lower / zero travel cost,,Moderate loss of passengers and revenue,Private bus operators — due to loss of passengers and revenue,,Never,Evening peak hours,Rarely,Increased pressure on KSRTC; Continued challenges for private bus operators; More delays,Special services for students and workers; Better coordination between KSRTC and private buses,
PS-L8I84L,2026-09-18T12:24:03.818714+00:00,Below 18,Female,Malappuram,Semi-urban,Student,,Rarely,Significantly reduced,Strongly agree,Rarely,"Yes, significantly",Lower / zero travel cost,,Moderate loss of passengers and revenue,Private bus operators — due to loss of passengers and revenue,,Rarely,Throughout the day,"Yes, very frequently",Increased pressure on KSRTC,Smart pass / better verification; Increase overall KSRTC fleet capacity,
PS-V2FYT9,2026-09-18T12:33:53.721205+00:00,36–45,Female,Kozhikode,Rural,Student,,Occasionally,Slightly reduced,Neutral,Rarely,"Yes, to some extent",Route availability,,Not sure,Male passengers — due to increased overcrowding,,Rarely,Evening peak hours,"Yes, sometimes",Other,Demand-based route planning; Other,
PS-XLI6G8,2026-09-18T12:36:07.209501+00:00,36–45,Male,Pathanamthitta,Urban,Working,,Occasionally,Significantly reduced,Agree,"Yes, regularly","Yes, to some extent",Route availability,,No significant impact,KSRTC staff / conductors — due to increased passenger pressure,,Rarely,Throughout the day,Rarely,Continued challenges for private bus operators,Extra buses during peak hours,
PS-0TY9KO,2026-09-18T12:39:39.601051+00:00,18–25,Male,Malappuram,Rural,Working,,Occasionally,No reduction,Disagree,"No, I mainly used KSRTC",No change,Better access to education/work,,No significant impact,Other regular KSRTC passengers — due to overcrowding and delays,,Often,Both morning and evening peaks,"Yes, very frequently",Greater passenger dissatisfaction,Special services for students and workers; Demand-based route planning,
PS-5HXM49,2026-09-18T12:39:59.175471+00:00,18–25,Male,Pathanamthitta,Semi-urban,Student,,Occasionally,Significantly reduced,Agree,"Yes, regularly",No change,Route availability,,Slight impact,Private bus operators — due to loss of passengers and revenue,,Often,Evening peak hours,Rarely,More overcrowding; Increased pressure on KSRTC; Continued challenges for private bus operators,Special services for students and workers,
PS-8QG91N,2026-09-18T12:46:18.730006+00:00,18–25,Male,Kasaragod,Rural,Student,,Several times a week,Not applicable,Disagree,"Yes, occasionally",No change,Route availability,,Slight impact,Private bus operators — due to loss of passengers and revenue,,Always,Both morning and evening peaks,"Yes, very frequently",Increased pressure on KSRTC; Lower travel comfort,Special services for students and workers; Better coordination between KSRTC and private buses,
PS-YJDS6Z,2026-09-18T12:52:21.378022+00:00,18–25,Female,Malappuram,Rural,Student,,Occasionally,Moderately reduced,Agree,Rarely,"Yes, significantly",Lower / zero travel cost,,Slight impact,Private bus operators — due to loss of passengers and revenue,,Often,Evening peak hours,"Yes, very frequently",More overcrowding; Continued challenges for private bus operators; More delays,Special services for students and workers,
PS-3N2728,2026-09-18T12:55:07.569622+00:00,36–45,Male,Kasaragod,Rural,Working,,Occasionally,No reduction,Neutral,"Yes, regularly",No change,Better reliability,,Slight impact,Other regular KSRTC passengers — due to overcrowding and delays,,Rarely,Throughout the day,"Yes, sometimes",Lower travel comfort,Extra buses during peak hours; Demand-based route planning,
PS-A1BE1O,2026-09-18T12:56:13.945236+00:00,26–35,Female,Wayanad,Rural,Other,Self-study,Occasionally,No reduction,Strongly disagree,Rarely,"Yes, to some extent",Better access to education/work,,No significant impact,Other regular KSRTC passengers — due to overcrowding and delays,,Rarely,Both morning and evening peaks,Never,More delays,Extra buses during peak hours; Better coordination between KSRTC and private buses; Smart pass / better verification; Other,
PS-N65SAG,2026-09-18T13:01:16.843966+00:00,Below 18,Female,Malappuram,Semi-urban,Self-employed,,Occasionally,Significantly reduced,Agree,"Yes, regularly","Yes, significantly",Better access to education/work,,No significant impact,Other regular KSRTC passengers — due to overcrowding and delays,,Rarely,Throughout the day,Rarely,More delays,Demand-based route planning,
PS-POVA8Z,2026-09-18T13:13:20.542243+00:00,Below 18,Female,Kollam,Rural,Student,,Several times a week,Slightly reduced,Disagree,"Yes, occasionally","Yes, to some extent",Lower / zero travel cost,,No significant impact,Other regular KSRTC passengers — due to overcrowding and delays,,Always,Evening peak hours,Never,More overcrowding; Continued challenges for private bus operators; More delays,Extra buses during peak hours; Smart pass / better verification,
PS-7ITT4N,2026-09-18T13:16:36.980988+00:00,18–25,Female,Kasaragod,Rural,Student,,Several times a week,Slightly reduced,Neutral,"Yes, regularly","Yes, to some extent",Lower / zero travel cost,,Slight impact,Private bus operators — due to loss of passengers and revenue,,Sometimes,Both morning and evening peaks,"Yes, sometimes",Lower travel comfort; More delays; Positive improvements if the government acts,Special services for students and workers,
PS-QFBA83,2026-09-18T13:19:07.558717+00:00,26–35,Female,Kasaragod,Rural,Working,,Occasionally,Significantly reduced,Strongly agree,"No, I mainly used KSRTC","Yes, to some extent",Scheme benefits,,Significant loss of passengers and revenue,Private bus operators — due to loss of passengers and revenue,,Sometimes,Rarely face overcrowding,"Yes, sometimes",More overcrowding; Increased pressure on KSRTC; Continued challenges for private bus operators; Lower travel comfort; More delays; Positive improvements if the government acts,Demand-based route planning; Increase overall KSRTC fleet capacity,
PS-22ZQTM,2026-09-18T13:21:56.354338+00:00,Below 18,Female,Malappuram,Semi-urban,Student,,Several times a week,Significantly reduced,Strongly agree,"Yes, regularly","Yes, significantly",Lower / zero travel cost,,No significant impact,Other regular KSRTC passengers — due to overcrowding and delays,,Always,Both morning and evening peaks,"Yes, sometimes",Increased pressure on KSRTC,Extra buses during peak hours; Special services for students and workers; Demand-based route planning,
PS-GOLDSM,2026-09-18T13:35:21.170936+00:00,36–45,Male,Kasaragod,Urban,Other,Unemployed,Rarely,No reduction,Neutral,"Yes, regularly",No change,Lower / zero travel cost,,Significant loss of passengers and revenue,Male passengers — due to increased overcrowding,,Often,Morning peak hours,"Yes, sometimes",Greater passenger dissatisfaction; Lower travel comfort; More delays,Extra buses during peak hours; Special services for students and workers; Better coordination between KSRTC and private buses,
PS-OJ3VAC,2026-09-18T13:38:01.329982+00:00,18–25,Other / Prefer not to say,Malappuram,Rural,Working,,Daily,Significantly reduced,Neutral,"No, I mainly used KSRTC",No change,Other,Iam always travelling through ksrtc before the priyadharshini scheme,Significant loss of passengers and revenue,Other,,Often,Both morning and evening peaks,Rarely,More overcrowding; Continued challenges for private bus operators,Extra buses during peak hours; Better coordination between KSRTC and private buses,
PS-EYB6X2,2026-09-18T13:38:07.980983+00:00,18–25,Male,Kasaragod,Rural,Student,,Several times a week,No reduction,Disagree,Rarely,Not applicable,Other,Safe travel for women commuters,Significant loss of passengers and revenue,Private bus operators — due to loss of passengers and revenue,,Always,Morning peak hours,"Yes, very frequently",Lower travel comfort; More delays,Extra buses during peak hours,
PS-9OSWJ3,2026-09-18T13:38:08.168645+00:00,18–25,Male,Malappuram,Rural,Student,,Rarely,Not applicable,Agree,Rarely,I did not use private buses previously,Scheme benefits,,Significant loss of passengers and revenue,Private bus operators — due to loss of passengers and revenue,,Sometimes,Evening peak hours,"Yes, very frequently",More overcrowding; Continued challenges for private bus operators,Demand-based route planning; Better coordination between KSRTC and private buses; Smart pass / better verification,
PS-0H4X1C,2026-09-18T13:39:54.182285+00:00,Below 18,Female,Malappuram,Urban,Student,,Rarely,Moderately reduced,Agree,"Yes, regularly","Yes, significantly",Lower / zero travel cost,,Significant loss of passengers and revenue,Private bus operators — due to loss of passengers and revenue,,Often,Both morning and evening peaks,Rarely,More overcrowding,Extra buses during peak hours,
PS-O3NPNB,2026-09-18T13:40:39.538652+00:00,18–25,Male,Pathanamthitta,Rural,Self-employed,,Several times a week,No reduction,Agree,Rarely,Not applicable,Lower / zero travel cost,,Slight impact,KSRTC staff / conductors — due to increased passenger pressure,,Never,Rarely face overcrowding,"Yes, very frequently",Increased pressure on KSRTC; More delays,Special services for students and workers; Demand-based route planning; Increase overall KSRTC fleet capacity,
PS-V7LUAB,2026-09-18T13:41:28.852765+00:00,18–25,Male,Pathanamthitta,Rural,Student,,Rarely,No reduction,Neutral,Rarely,Not applicable,Other,Iam always travelling through ksrtc before the priyadharshini scheme,Significant loss of passengers and revenue,Private bus operators — due to loss of passengers and revenue,,Sometimes,Both morning and evening peaks,"Yes, sometimes",Greater passenger dissatisfaction,Special services for students and workers; Better coordination between KSRTC and private buses,
PS-SXTZB0,2026-09-18T13:50:32.163235+00:00,18–25,Female,Kasaragod,Rural,Student,,Several times a week,Slightly reduced,Agree,"No, I mainly used KSRTC","Yes, to some extent",Route availability,,Significant loss of passengers and revenue,Private bus operators — due to loss of passengers and revenue,,Always,Both morning and evening peaks,"Yes, sometimes",Greater passenger dissatisfaction; Lower travel comfort,Special services for students and workers,
PS-XFUWY7,2026-09-18T13:57:19.729935+00:00,18–25,Female,Kannur,Rural,Student,,Several times a week,Slightly reduced,Disagree,"Yes, occasionally","Yes, to some extent",Lower / zero travel cost,,Slight impact,Other regular KSRTC passengers — due to overcrowding and delays,,Sometimes,Both morning and evening peaks,Rarely,More overcrowding; Continued challenges for private bus operators,Special services for students and workers; Demand-based route planning; Smart pass / better verification,
PS-395XQ6,2026-09-18T14:01:34.366185+00:00,18–25,Male,Malappuram,Rural,Student,,Rarely,No reduction,Agree,Rarely,I still mainly use private buses,Better access to education/work,,Slight impact,Other,,Often,Both morning and evening peaks,Rarely,More overcrowding; Greater passenger dissatisfaction; Lower travel comfort; More delays,Special services for students and workers; Demand-based route planning; Increase overall KSRTC fleet capacity,
PS-S09C42,2026-09-18T14:02:39.371320+00:00,18–25,Female,Kozhikode,Semi-urban,Student,,Rarely,Moderately reduced,Strongly disagree,"Yes, regularly",Not applicable,Better reliability,,Moderate loss of passengers and revenue,Private bus operators — due to loss of passengers and revenue,,Never,Both morning and evening peaks,"Yes, sometimes",Increased pressure on KSRTC; Positive improvements if the government acts,Special services for students and workers; Better coordination between KSRTC and private buses,
PS-X84ID7,2026-09-18T14:22:36.412420+00:00,18–25,Female,Kozhikode,Rural,Student,,Occasionally,Significantly reduced,Strongly agree,"Yes, occasionally","Yes, significantly",Better access to education/work,,Moderate loss of passengers and revenue,Private bus operators — due to loss of passengers and revenue,,Always,Both morning and evening peaks,Rarely,Continued challenges for private bus operators; Lower travel comfort; More delays,Special services for students and workers; Better coordination between KSRTC and private buses,
PS-C9WQR5,2026-09-18T14:24:09.402908+00:00,18–25,Female,Kannur,Semi-urban,Student,,Several times a week,No reduction,Agree,"Yes, regularly",Not applicable,Other,Direct bus route available without changing buses,Significant loss of passengers and revenue,Private bus operators — due to loss of passengers and revenue,,Always,Both morning and evening peaks,"Yes, very frequently",More overcrowding,Extra buses during peak hours; Special services for students and workers; Better coordination between KSRTC and private buses,
PS-YZDZNE,2026-09-18T14:27:00.600202+00:00,26–35,Female,Kasaragod,Rural,Student,,Several times a week,Slightly reduced,Agree,"Yes, occasionally","Yes, to some extent",Better access to education/work,,Significant loss of passengers and revenue,Male passengers — due to increased overcrowding,,Often,Evening peak hours,"Yes, sometimes",More overcrowding,Extra buses during peak hours,
PS-YJ2ZWC,2026-09-18T14:28:35.966496+00:00,18–25,Female,Kannur,Rural,Student,,Daily,Slightly reduced,Neutral,"No, I mainly used KSRTC","Yes, significantly",Better access to education/work,,Significant loss of passengers and revenue,Male passengers — due to increased overcrowding,,Sometimes,Both morning and evening peaks,"Yes, very frequently",More delays,Special services for students and workers; Better coordination between KSRTC and private buses; Other,
PS-67UY3M,2026-09-18T14:29:38.884464+00:00,36–45,Male,Wayanad,Semi-urban,Self-employed,,Occasionally,Not applicable,Agree,Rarely,Not applicable,Better reliability,,Slight impact,KSRTC staff / conductors — due to increased passenger pressure,,Always,Evening peak hours,Never,Lower travel comfort; More delays,Extra buses during peak hours,
PS-5027LS,2026-09-18T14:30:34.735757+00:00,18–25,Female,Kasaragod,Rural,Student,,Several times a week,Slightly reduced,Agree,"Yes, occasionally","Yes, to some extent",Lower / zero travel cost,,Moderate loss of passengers and revenue,Other regular KSRTC passengers — due to overcrowding and delays,,Always,Evening peak hours,Rarely,More overcrowding,Better coordination between KSRTC and private buses; Smart pass / better verification,
PS-FRGL72,2026-09-18T14:32:16.916461+00:00,18–25,Female,Malappuram,Semi-urban,Student,,Daily,Significantly reduced,Agree,"Yes, regularly","Yes, significantly",Lower / zero travel cost,,Significant loss of passengers and revenue,Male passengers — due to increased overcrowding,,Always,Both morning and evening peaks,Rarely,Lower travel comfort; More delays,Special services for students and workers; Increase overall KSRTC fleet capacity,
PS-PA9ID7,2026-09-18T14:32:33.955612+00:00,46–55,Male,Kannur,Semi-urban,Student,,Daily,Slightly reduced,Strongly agree,"Yes, regularly",I still mainly use private buses,Other,Iam always travelling through ksrtc before the priyadharshini scheme,Moderate loss of passengers and revenue,Other,,Often,Morning peak hours,"Yes, sometimes",More overcrowding,Extra buses during peak hours; Special services for students and workers; Demand-based route planning; Increase overall KSRTC fleet capacity,
PS-U8XDPZ,2026-09-18T14:36:28.300832+00:00,18–25,Female,Malappuram,Rural,Student,,Rarely,Slightly reduced,Neutral,Not applicable,"Yes, significantly",Better access to education/work,,Slight impact,KSRTC staff / conductors — due to increased passenger pressure,,Sometimes,Evening peak hours,"Yes, very frequently",Lower travel comfort,Special services for students and workers; Demand-based route planning; Increase overall KSRTC fleet capacity,
PS-8BZXIA,2026-09-18T14:55:43.915078+00:00,18–25,Female,Kollam,Urban,Student,,Occasionally,Not applicable,Neutral,Not applicable,No change,Better reliability,,Slight impact,Male passengers — due to increased overcrowding,,Often,Evening peak hours,Rarely,More overcrowding; Increased pressure on KSRTC; Lower travel comfort,Better coordination between KSRTC and private buses; Smart pass / better verification,
PS-60A4VD,2026-09-18T15:07:06.822922+00:00,18–25,Female,Wayanad,Rural,Student,,Rarely,No reduction,Neutral,Not applicable,No change,Lower / zero travel cost,,Significant loss of passengers and revenue,Private bus operators — due to loss of passengers and revenue,,Rarely,Both morning and evening peaks,"Yes, sometimes",More delays,Extra buses during peak hours; Demand-based route planning; Smart pass / better verification,
PS-RGKUOJ,2026-09-18T15:19:00.656489+00:00,26–35,Male,Wayanad,Semi-urban,Self-employed,,Occasionally,No reduction,Strongly disagree,"Yes, regularly",I still mainly use private buses,Lower / zero travel cost,,Moderate loss of passengers and revenue,Male passengers — due to increased overcrowding,,Often,Both morning and evening peaks,Never,More delays,Smart pass / better verification,
PS-JUP5V4,2026-09-18T15:19:26.508770+00:00,18–25,Female,Kollam,Rural,Working,,Daily,Not applicable,Strongly disagree,"Yes, regularly","Yes, significantly",Lower / zero travel cost,,Significant loss of passengers and revenue,Private bus operators — due to loss of passengers and revenue,,Always,Morning peak hours,"Yes, very frequently",More overcrowding,Demand-based route planning; Other,
PS-D9Z0XL,2026-09-18T15:28:44.700513+00:00,18–25,Female,Wayanad,Semi-urban,Student,,Rarely,Significantly reduced,Strongly agree,"Yes, regularly",Not applicable,Better access to education/work,,Significant loss of passengers and revenue,Private bus operators — due to loss of passengers and revenue,,Rarely,Throughout the day,"Yes, very frequently",More overcrowding,Demand-based route planning,
PS-Z5SCDY,2026-09-18T15:33:33.563770+00:00,18–25,Male,Wayanad,Rural,Student,,Rarely,No reduction,Agree,Rarely,No change,Route availability,,Not sure,Male passengers — due to increased overcrowding,,Rarely,Both morning and evening peaks,"Yes, sometimes",Lower travel comfort,Extra buses during peak hours; Better coordination between KSRTC and private buses; Increase overall KSRTC fleet capacity,
PS-MM353G,2026-09-18T15:34:43.865419+00:00,18–25,Male,Pathanamthitta,Semi-urban,Student,,Occasionally,No reduction,Agree,"Yes, occasionally",Not applicable,Other,No change,Slight impact,Other,,Often,Both morning and evening peaks,"Yes, sometimes",Lower travel comfort,Special services for students and workers,
PS-7UXH86,2026-09-18T15:39:56.582207+00:00,18–25,Female,Pathanamthitta,Semi-urban,Student,,Occasionally,No reduction,Neutral,"Yes, occasionally","Yes, to some extent",Better access to education/work,,Slight impact,Private bus operators — due to loss of passengers and revenue,,Rarely,Morning peak hours,"Yes, sometimes",Positive improvements if the government acts,Special services for students and workers; Demand-based route planning; Better coordination between KSRTC and private buses; Smart pass / better verification,
PS-MMS3O3,2026-09-18T15:55:02.407851+00:00,18–25,Male,Kasaragod,Urban,Student,,Rarely,No reduction,Neutral,Not applicable,No change,Better reliability,,Significant loss of passengers and revenue,Private bus operators — due to loss of passengers and revenue,,Rarely,Morning peak hours,"Yes, very frequently",More overcrowding,Extra buses during peak hours; Special services for students and workers; Increase overall KSRTC fleet capacity,
PS-7A1FY7,2026-09-18T16:02:52.162272+00:00,18–25,Female,Malappuram,Urban,Student,,Daily,Slightly reduced,Agree,"Yes, occasionally",I still mainly use private buses,Scheme benefits,,Significant loss of passengers and revenue,KSRTC staff / conductors — due to increased passenger pressure,,Often,Morning peak hours,"Yes, sometimes",Increased pressure on KSRTC; More delays,Special services for students and workers,
PS-Z4L09D,2026-09-18T16:04:25.527437+00:00,18–25,Female,Kannur,Urban,Student,,Daily,Slightly reduced,Agree,"No, I mainly used KSRTC","Yes, to some extent",Lower / zero travel cost,,No significant impact,Other regular KSRTC passengers — due to overcrowding and delays,,Sometimes,Both morning and evening peaks,"Yes, sometimes",Increased pressure on KSRTC; Lower travel comfort,Extra buses during peak hours; Special services for students and workers,
PS-SBKIL3,2026-09-18T16:08:58.225162+00:00,18–25,Female,Kannur,Urban,Student,,Daily,Significantly reduced,Strongly agree,Not applicable,I did not use private buses previously,Lower / zero travel cost,,Significant loss of passengers and revenue,Private bus operators — due to loss of passengers and revenue,,Sometimes,Evening peak hours,"Yes, sometimes",Greater passenger dissatisfaction; Continued challenges for private bus operators,Special services for students and workers,
PS-N1PPW1,2026-09-18T16:11:42.503879+00:00,56 and above,Female,Wayanad,Rural,Student,,Several times a week,Significantly reduced,Strongly agree,"Yes, regularly","Yes, to some extent",Other,Iam always travelling through ksrtc before the priyadharshini scheme,Significant loss of passengers and revenue,Male passengers — due to increased overcrowding,,Always,Both morning and evening peaks,"Yes, very frequently",Lower travel comfort,Extra buses during peak hours; Demand-based route planning; Better coordination between KSRTC and private buses,
PS-90YYXM,2026-09-18T16:24:47.229628+00:00,18–25,Male,Kollam,Rural,Student,,Several times a week,No reduction,Disagree,"Yes, regularly",No change,Route availability,,Moderate loss of passengers and revenue,Other regular KSRTC passengers — due to overcrowding and delays,,Always,Both morning and evening peaks,"Yes, sometimes",More overcrowding; Increased pressure on KSRTC; Continued challenges for private bus operators,Extra buses during peak hours; Special services for students and workers; Smart pass / better verification,
PS-Q9XYRD,2026-09-18T16:31:38.908072+00:00,18–25,Female,Malappuram,Rural,Student,,Several times a week,No reduction,Strongly disagree,"Yes, occasionally",No change,Route availability,,Moderate loss of passengers and revenue,Other regular KSRTC passengers — due to overcrowding and delays,,Always,Both morning and evening peaks,"Yes, very frequently",More overcrowding; Increased pressure on KSRTC,Special services for students and workers,
PS-N3M9PE,2026-09-18T16:35:48.896753+00:00,26–35,Female,Malappuram,Rural,Working,,Rarely,Slightly reduced,Neutral,Rarely,I still mainly use private buses,Lower / zero travel cost,,No significant impact,Other regular KSRTC passengers — due to overcrowding and delays,,Sometimes,Rarely face overcrowding,"Yes, sometimes",More overcrowding; Greater passenger dissatisfaction; Lower travel comfort,Demand-based route planning,
PS-VKGYRS,2026-09-18T16:39:34.516061+00:00,18–25,Male,Thiruvananthapuram,Rural,Working,,Rarely,Moderately reduced,Strongly agree,Rarely,I did not use private buses previously,Lower / zero travel cost,,Moderate loss of passengers and revenue,Private bus operators — due to loss of passengers and revenue,,Always,Both morning and evening peaks,Rarely,More overcrowding; Greater passenger dissatisfaction; Lower travel comfort; More delays,Special services for students and workers; Other,
PS-NSYQRK,2026-09-18T16:43:58.978956+00:00,18–25,Male,Wayanad,Semi-urban,Student,,Occasionally,No reduction,Disagree,"Yes, regularly",No change,Better access to education/work,,Significant loss of passengers and revenue,Private bus operators — due to loss of passengers and revenue,,Always,Morning peak hours,"Yes, very frequently",More overcrowding; Increased pressure on KSRTC; Lower travel comfort; More delays,Special services for students and workers; Smart pass / better verification,
PS-PHF0OI,2026-09-18T16:48:57.866716+00:00,36–45,Female,Kasaragod,Rural,Student,,Several times a week,Not applicable,Agree,"Yes, regularly",I still mainly use private buses,Scheme benefits,,Significant loss of passengers and revenue,Other regular KSRTC passengers — due to overcrowding and delays,,Always,Both morning and evening peaks,"Yes, very frequently",More overcrowding; Increased pressure on KSRTC; Lower travel comfort; More delays,Special services for students and workers; Demand-based route planning,
PS-1V6ET1,2026-09-18T16:49:42.219523+00:00,Below 18,Female,Kannur,Semi-urban,Student,,Daily,Significantly reduced,Neutral,"Yes, regularly","Yes, significantly",Lower / zero travel cost,,Significant loss of passengers and revenue,Private bus operators — due to loss of passengers and revenue,,Often,Both morning and evening peaks,Rarely,Increased pressure on KSRTC; Continued challenges for private bus operators; Lower travel comfort,Extra buses during peak hours; Increase overall KSRTC fleet capacity,
PS-NHRK4I,2026-09-18T16:54:52.555055+00:00,18–25,Female,Kozhikode,Rural,Student,,Several times a week,Slightly reduced,Disagree,"Yes, regularly",I still mainly use private buses,Lower / zero travel cost,,Significant loss of passengers and revenue,Private bus operators — due to loss of passengers and revenue,,Always,Both morning and evening peaks,"Yes, very frequently",Lower travel comfort,Special services for students and workers,
PS-BMIWF3,2026-09-18T17:01:12.122370+00:00,Below 18,Female,Kannur,Rural,Student,,Several times a week,No reduction,Neutral,Rarely,Not applicable,Route availability,,Significant loss of passengers and revenue,Private bus operators — due to loss of passengers and revenue,,Always,Both morning and evening peaks,Rarely,Increased pressure on KSRTC,Other,
PS-BJLIYR,2026-09-18T17:16:58.524291+00:00,18–25,Male,Ernakulam,Semi-urban,Student,,Occasionally,No reduction,Agree,Rarely,Not applicable,Other,No change,Slight impact,Private bus operators — due to loss of passengers and revenue,,Always,Morning peak hours,"Yes, very frequently",Continued challenges for private bus operators; Lower travel comfort,Special services for students and workers; Demand-based route planning; Better coordination between KSRTC and private buses,
PS-OK51DI,2026-09-18T17:26:44.871523+00:00,18–25,Male,Kollam,Semi-urban,Working,,Occasionally,No reduction,Strongly disagree,"Yes, occasionally",No change,Scheme benefits,,Significant loss of passengers and revenue,Private bus operators — due to loss of passengers and revenue,,Often,Both morning and evening peaks,"Yes, very frequently",More overcrowding,Demand-based route planning; Smart pass / better verification; Increase overall KSRTC fleet capacity,
PS-EPTYHE,2026-09-18T17:37:54.789063+00:00,18–25,Female,Malappuram,Semi-urban,Student,,Occasionally,Slightly reduced,Agree,Rarely,I still mainly use private buses,Route availability,,Slight impact,Private bus operators — due to loss of passengers and revenue,,Always,Both morning and evening peaks,"Yes, very frequently",More overcrowding; Increased pressure on KSRTC; Greater passenger dissatisfaction; Continued challenges for private bus operators,Extra buses during peak hours; Better coordination between KSRTC and private buses; Increase overall KSRTC fleet capacity,
PS-Y6R27J,2026-09-18T17:41:22.894858+00:00,Below 18,Female,Malappuram,Semi-urban,Student,,Rarely,Significantly reduced,Agree,"Yes, regularly",I still mainly use private buses,Scheme benefits,,Significant loss of passengers and revenue,Private bus operators — due to loss of passengers and revenue,,Always,Both morning and evening peaks,"Yes, sometimes",Increased pressure on KSRTC; More delays,Extra buses during peak hours; Special services for students and workers; Better coordination between KSRTC and private buses,
PS-OMIUZF,2026-09-18T17:44:05.476866+00:00,18–25,Female,Kollam,Rural,Student,,Several times a week,Slightly reduced,Disagree,Rarely,I still mainly use private buses,Lower / zero travel cost,,Significant loss of passengers and revenue,Private bus operators — due to loss of passengers and revenue,,Always,Both morning and evening peaks,"Yes, sometimes",More overcrowding; Greater passenger dissatisfaction,Better coordination between KSRTC and private buses,
PS-VMKN4C,2026-09-18T17:50:18.653598+00:00,18–25,Female,Malappuram,Semi-urban,Student,,Several times a week,Slightly reduced,Disagree,Not applicable,"Yes, significantly",Other,Not applicable,Moderate loss of passengers and revenue,Private bus operators — due to loss of passengers and revenue,,Always,Evening peak hours,"Yes, very frequently",Increased pressure on KSRTC; More delays,Special services for students and workers,
PS-HEBH51,2026-09-18T17:50:21.239602+00:00,18–25,Female,Kasaragod,Rural,Student,,Occasionally,No reduction,Disagree,Rarely,No change,Route availability,,Significant loss of passengers and revenue,Private bus operators — due to loss of passengers and revenue,,Always,Both morning and evening peaks,"Yes, sometimes",Continued challenges for private bus operators; Lower travel comfort,Extra buses during peak hours,
PS-88D7RG,2026-09-18T18:00:37.734811+00:00,18–25,Male,Ernakulam,Semi-urban,Other,Daily wage earner,Several times a week,No reduction,Neutral,"Yes, regularly","Yes, significantly",Lower / zero travel cost,,Slight impact,Male passengers — due to increased overcrowding,,Always,Evening peak hours,"Yes, sometimes",Greater passenger dissatisfaction; More delays,Extra buses during peak hours; Special services for students and workers; Increase overall KSRTC fleet capacity,
PS-4LUGTF,2026-09-18T18:02:25.529509+00:00,18–25,Female,Malappuram,Rural,Student,,Rarely,No reduction,Neutral,Not applicable,No change,Better access to education/work,,Slight impact,Private bus operators — due to loss of passengers and revenue,,Always,Evening peak hours,"Yes, very frequently",More overcrowding; Increased pressure on KSRTC; Greater passenger dissatisfaction; Continued challenges for private bus operators,Extra buses during peak hours; Special services for students and workers; Better coordination between KSRTC and private buses,
PS-19EBXK,2026-09-18T18:02:45.650366+00:00,18–25,Female,Malappuram,Rural,Student,,Several times a week,Slightly reduced,Neutral,"Yes, occasionally","Yes, significantly",Scheme benefits,,Slight impact,Other regular KSRTC passengers — due to overcrowding and delays,,Often,Both morning and evening peaks,Rarely,Lower travel comfort; Positive improvements if the government acts,Special services for students and workers; Smart pass / better verification; Increase overall KSRTC fleet capacity,
PS-ZP5D7C,2026-09-18T18:08:23.714015+00:00,18–25,Male,Pathanamthitta,Rural,Student,,Rarely,No reduction,Neutral,Rarely,Not applicable,Better reliability,,No significant impact,Other regular KSRTC passengers — due to overcrowding and delays,,Always,Both morning and evening peaks,"Yes, sometimes",More overcrowding,Extra buses during peak hours; Special services for students and workers; Demand-based route planning; Better coordination between KSRTC and private buses,
PS-8B9TRE,2026-09-18T18:10:37.553684+00:00,18–25,Female,Kannur,Urban,Student,,Rarely,Significantly reduced,Agree,"No, I mainly used KSRTC","Yes, significantly",Route availability,,Significant loss of passengers and revenue,Private bus operators — due to loss of passengers and revenue,,Always,Evening peak hours,Never,Increased pressure on KSRTC; More delays,Extra buses during peak hours; Smart pass / better verification,
PS-63SWFL,2026-09-18T18:15:21.767235+00:00,18–25,Male,Thiruvananthapuram,Urban,Working,,Rarely,Not applicable,Neutral,Rarely,No change,Better access to education/work,,Significant loss of passengers and revenue,Private bus operators — due to loss of passengers and revenue,,Rarely,Morning peak hours,Never,Lower travel comfort,Extra buses during peak hours; Better coordination between KSRTC and private buses; Increase overall KSRTC fleet capacity,
PS-3U2L2W,2026-09-18T18:17:08.176218+00:00,18–25,Female,Malappuram,Rural,Student,,Several times a week,Significantly reduced,Strongly agree,"Yes, regularly",I still mainly use private buses,Better access to education/work,,Significant loss of passengers and revenue,Private bus operators — due to loss of passengers and revenue,,Always,Both morning and evening peaks,Never,Continued challenges for private bus operators,Other,
PS-QZXVOD,2026-09-18T18:25:45.833603+00:00,18–25,Female,Malappuram,Rural,Student,,Several times a week,Significantly reduced,Agree,"Yes, occasionally","Yes, significantly",Lower / zero travel cost,,Moderate loss of passengers and revenue,Private bus operators — due to loss of passengers and revenue,,Always,Both morning and evening peaks,"Yes, very frequently",More overcrowding; Continued challenges for private bus operators,Extra buses during peak hours; Demand-based route planning,
PS-T0JWQC,2026-09-18T18:28:24.969057+00:00,18–25,Female,Malappuram,Rural,Student,,Daily,Not applicable,Disagree,"Yes, regularly",No change,Lower / zero travel cost,,Slight impact,Male passengers — due to increased overcrowding,,Always,Both morning and evening peaks,"Yes, sometimes",Lower travel comfort,Demand-based route planning,
PS-HWQBAR,2026-09-18T18:37:22.760207+00:00,56 and above,Female,Wayanad,Rural,Self-employed,,Daily,No reduction,Strongly disagree,Rarely,Not applicable,Other,Safe travel for women commuters,Slight impact,Other regular KSRTC passengers — due to overcrowding and delays,,Rarely,Both morning and evening peaks,"Yes, sometimes",Increased pressure on KSRTC; More delays,Extra buses during peak hours; Better coordination between KSRTC and private buses; Smart pass / better verification; Increase overall KSRTC fleet capacity,
PS-SOYW84,2026-09-18T18:40:10.896964+00:00,18–25,Male,Malappuram,Urban,Working,,Several times a week,No reduction,Disagree,"No, I mainly used KSRTC",No change,Other,Iam always travelling through ksrtc before the priyadharshini scheme,Significant loss of passengers and revenue,Male passengers — due to increased overcrowding,,Often,Both morning and evening peaks,"Yes, sometimes",More overcrowding; Greater passenger dissatisfaction,Extra buses during peak hours; Other,
PS-KISGQW,2026-09-18T18:44:25.538478+00:00,18–25,Female,Malappuram,Rural,Student,,Rarely,Significantly reduced,Neutral,"Yes, regularly","Yes, significantly",Better access to education/work,,No significant impact,KSRTC staff / conductors — due to increased passenger pressure,,Always,Both morning and evening peaks,"Yes, very frequently",More overcrowding,Special services for students and workers,
PS-F1ER8X,2026-09-18T18:44:55.633604+00:00,18–25,Female,Wayanad,Semi-urban,Student,,Rarely,Slightly reduced,Strongly agree,Rarely,"Yes, significantly",Better access to education/work,,Moderate loss of passengers and revenue,Private bus operators — due to loss of passengers and revenue,,Rarely,Evening peak hours,"Yes, sometimes",More overcrowding; Positive improvements if the government acts,Demand-based route planning; Smart pass / better verification,
PS-8QUFMD,2026-09-18T18:53:44.531318+00:00,18–25,Female,Malappuram,Rural,Working,,Occasionally,Significantly reduced,Agree,"Yes, occasionally","Yes, significantly",Lower / zero travel cost,,Significant loss of passengers and revenue,Private bus operators — due to loss of passengers and revenue,,Always,Both morning and evening peaks,"Yes, sometimes",Lower travel comfort; More delays,Extra buses during peak hours; Demand-based route planning,
PS-ROQK9C,2026-09-18T18:59:44.779211+00:00,18–25,Female,Kozhikode,Urban,Student,,Daily,Slightly reduced,Agree,"Yes, regularly","Yes, significantly",Better access to education/work,,Not sure,Private bus operators — due to loss of passengers and revenue,,Never,Both morning and evening peaks,"Yes, very frequently",Increased pressure on KSRTC; More delays,Extra buses during peak hours; Smart pass / better verification,
PS-YJLXWL,2026-09-18T18:59:57.371935+00:00,18–25,Male,Malappuram,Rural,Student,,Several times a week,Not applicable,Strongly agree,Rarely,"Yes, significantly",Route availability,,Slight impact,Private bus operators — due to loss of passengers and revenue,,Always,Morning peak hours,Rarely,More overcrowding; Greater passenger dissatisfaction; Lower travel comfort; More delays,Special services for students and workers,
PS-N5L4DF,2026-09-18T19:08:07.333906+00:00,18–25,Female,Kozhikode,Semi-urban,Student,,Several times a week,Moderately reduced,Strongly agree,"Yes, regularly","Yes, significantly",Lower / zero travel cost,,Significant loss of passengers and revenue,Male passengers — due to increased overcrowding,,Always,Both morning and evening peaks,Rarely,More overcrowding; Increased pressure on KSRTC,Extra buses during peak hours,
PS-6VUDJX,2026-09-18T19:20:15.690062+00:00,18–25,Male,Kasaragod,Rural,Student,,Occasionally,Not applicable,Neutral,"No, I mainly used KSRTC",No change,Better reliability,,Significant loss of passengers and revenue,Private bus operators — due to loss of passengers and revenue,,Always,Throughout the day,"Yes, sometimes",Lower travel comfort; More delays,Better coordination between KSRTC and private buses,
PS-XR79CG,2026-09-18T19:20:33.584475+00:00,18–25,Male,Malappuram,Semi-urban,Working,,Occasionally,Moderately reduced,Neutral,Rarely,"Yes, to some extent",Lower / zero travel cost,,Significant loss of passengers and revenue,Private bus operators — due to loss of passengers and revenue,,Often,Both morning and evening peaks,Rarely,More overcrowding; More delays,Extra buses during peak hours; Special services for students and workers; Increase overall KSRTC fleet capacity; Other,
PS-8BS8RL,2026-09-18T19:24:19.243877+00:00,18–25,Female,Wayanad,Rural,Student,,Several times a week,Slightly reduced,Neutral,Rarely,Not applicable,Better access to education/work,,Moderate loss of passengers and revenue,Male passengers — due to increased overcrowding,,Always,Evening peak hours,Rarely,More overcrowding; Continued challenges for private bus operators,Extra buses during peak hours; Special services for students and workers; Increase overall KSRTC fleet capacity,
PS-SXJAMR,2026-09-18T19:25:01.639360+00:00,18–25,Male,Wayanad,Rural,Student,,Daily,Slightly reduced,Neutral,"Yes, regularly",No change,Better reliability,,Slight impact,Other,,Always,Both morning and evening peaks,"Yes, very frequently",More overcrowding; Greater passenger dissatisfaction; Lower travel comfort,Extra buses during peak hours,
PS-C8EM86,2026-09-18T19:30:15.341476+00:00,18–25,Female,Kottayam,Urban,Student,,Rarely,Significantly reduced,Agree,Not applicable,"Yes, significantly",Better access to education/work,,Significant loss of passengers and revenue,Private bus operators — due to loss of passengers and revenue,,Always,Both morning and evening peaks,Rarely,More overcrowding; Greater passenger dissatisfaction; Lower travel comfort,Extra buses during peak hours; Better coordination between KSRTC and private buses,
PS-ZFA77B,2026-09-18T19:35:39.579380+00:00,18–25,Female,Kozhikode,Urban,Student,,Occasionally,Significantly reduced,Agree,"Yes, regularly","Yes, significantly",Other,No change,Slight impact,Other regular KSRTC passengers — due to overcrowding and delays,,Always,Both morning and evening peaks,"Yes, very frequently",Greater passenger dissatisfaction,Extra buses during peak hours; Better coordination between KSRTC and private buses; Other,
PS-QUBX72,2026-09-18T19:41:20.577240+00:00,18–25,Female,Kasaragod,Urban,Student,,Rarely,Not applicable,Neutral,"Yes, regularly",I still mainly use private buses,Scheme benefits,,Significant loss of passengers and revenue,Private bus operators — due to loss of passengers and revenue,,Rarely,Both morning and evening peaks,Rarely,Lower travel comfort,Special services for students and workers,
PS-LFO5CS,2026-09-18T19:44:11.175931+00:00,18–25,Male,Wayanad,Semi-urban,Student,,Several times a week,Moderately reduced,Strongly agree,"Yes, occasionally","Yes, to some extent",Route availability,,Significant loss of passengers and revenue,Private bus operators — due to loss of passengers and revenue,,Always,Throughout the day,Rarely,More overcrowding,Special services for students and workers; Better coordination between KSRTC and private buses,
PS-7W7KVQ,2026-09-18T19:53:50.513268+00:00,18–25,Male,Wayanad,Semi-urban,Working,,Rarely,Not applicable,Strongly agree,"Yes, occasionally",I did not use private buses previously,Lower / zero travel cost,,Moderate loss of passengers and revenue,Private bus operators — due to loss of passengers and revenue,,Rarely,Evening peak hours,"Yes, sometimes",Increased pressure on KSRTC; Continued challenges for private bus operators,Special services for students and workers; Demand-based route planning; Smart pass / better verification; Increase overall KSRTC fleet capacity,
PS-9DOE5D,2026-09-18T19:59:25.891063+00:00,26–35,Female,Malappuram,Rural,Homemaker,,Occasionally,Significantly reduced,Strongly agree,Rarely,"Yes, significantly",Better reliability,,Significant loss of passengers and revenue,Private bus operators — due to loss of passengers and revenue,,Always,Throughout the day,"Yes, very frequently",More overcrowding; Increased pressure on KSRTC; Lower travel comfort; More delays,Extra buses during peak hours; Special services for students and workers; Demand-based route planning; Increase overall KSRTC fleet capacity,
PS-K7MYXX,2026-09-18T20:02:31.708370+00:00,18–25,Male,Pathanamthitta,Semi-urban,Working,,Rarely,Not applicable,Strongly agree,Rarely,"Yes, significantly",Lower / zero travel cost,,Significant loss of passengers and revenue,Male passengers — due to increased overcrowding,,Often,Both morning and evening peaks,"Yes, sometimes",Continued challenges for private bus operators; Lower travel comfort,Extra buses during peak hours; Demand-based route planning,
PS-JHNLCS,2026-09-18T20:02:36.901371+00:00,18–25,Female,Malappuram,Rural,Student,,Occasionally,Moderately reduced,Neutral,"Yes, occasionally","Yes, to some extent",Other,Direct bus route available without changing buses,Significant loss of passengers and revenue,Private bus operators — due to loss of passengers and revenue,,Often,Both morning and evening peaks,"Yes, very frequently",Continued challenges for private bus operators,Extra buses during peak hours; Better coordination between KSRTC and private buses,
PS-X3MLLD,2026-09-18T20:04:00.106474+00:00,46–55,Female,Malappuram,Semi-urban,Student,,Occasionally,Slightly reduced,Disagree,"Yes, occasionally",I still mainly use private buses,Scheme benefits,,Significant loss of passengers and revenue,Other,,Sometimes,Both morning and evening peaks,"Yes, sometimes",Lower travel comfort,Special services for students and workers,
PS-8WANA4,2026-09-18T20:05:12.883550+00:00,Below 18,Female,Kannur,Semi-urban,Student,,Several times a week,Slightly reduced,Neutral,"Yes, regularly","Yes, significantly",Better access to education/work,,No significant impact,Other regular KSRTC passengers — due to overcrowding and delays,,Always,Evening peak hours,"Yes, sometimes",More overcrowding; Lower travel comfort,Extra buses during peak hours; Special services for students and workers; Demand-based route planning; Increase overall KSRTC fleet capacity,
PS-KEJEKU,2026-09-18T20:08:17.750773+00:00,18–25,Male,Kozhikode,Rural,Student,,Several times a week,No reduction,Neutral,"Yes, regularly",No change,Better reliability,,Slight impact,Other regular KSRTC passengers — due to overcrowding and delays,,Always,Both morning and evening peaks,"Yes, very frequently",More overcrowding; Increased pressure on KSRTC; More delays,Extra buses during peak hours,
PS-03KCMP,2026-09-18T20:11:51.202765+00:00,18–25,Male,Malappuram,Semi-urban,Student,,Rarely,Significantly reduced,Strongly agree,"Yes, regularly",No change,Other,Direct bus route available without changing buses,Slight impact,Male passengers — due to increased overcrowding,,Rarely,Throughout the day,"Yes, sometimes",Lower travel comfort,Extra buses during peak hours; Special services for students and workers,
PS-CHLX8Z,2026-09-18T20:11:54.201869+00:00,26–35,Female,Malappuram,Semi-urban,Working,,Occasionally,Not applicable,Agree,"Yes, regularly",I still mainly use private buses,Route availability,,Moderate loss of passengers and revenue,Male passengers — due to increased overcrowding,,Sometimes,Both morning and evening peaks,Rarely,More overcrowding; Greater passenger dissatisfaction; Positive improvements if the government acts,Special services for students and workers; Other,
PS-OP6G5I,2026-09-18T20:12:48.718017+00:00,26–35,Female,Kozhikode,Rural,Student,,Daily,Moderately reduced,Strongly agree,"Yes, occasionally","Yes, significantly",Other,No change,Slight impact,Other regular KSRTC passengers — due to overcrowding and delays,,Sometimes,Evening peak hours,"Yes, sometimes",Lower travel comfort; More delays,Better coordination between KSRTC and private buses,
PS-R7KME5,2026-09-18T20:17:12.875416+00:00,18–25,Female,Wayanad,Rural,Working,,Daily,Significantly reduced,Neutral,"Yes, occasionally","Yes, significantly",Lower / zero travel cost,,No significant impact,KSRTC staff / conductors — due to increased passenger pressure,,Never,Evening peak hours,"Yes, sometimes",Increased pressure on KSRTC; Lower travel comfort; More delays,Special services for students and workers; Demand-based route planning,
PS-S5N99P,2026-09-18T20:21:08.578069+00:00,18–25,Female,Kannur,Rural,Student,,Rarely,Significantly reduced,Agree,"Yes, regularly",I still mainly use private buses,Scheme benefits,,Significant loss of passengers and revenue,Private bus operators — due to loss of passengers and revenue,,Often,Both morning and evening peaks,Rarely,More overcrowding; Lower travel comfort; More delays,Extra buses during peak hours; Better coordination between KSRTC and private buses; Smart pass / better verification; Increase overall KSRTC fleet capacity,
PS-RN2OSW,2026-09-18T20:25:49.791236+00:00,18–25,Female,Kozhikode,Rural,Student,,Several times a week,Significantly reduced,Strongly agree,"Yes, occasionally","Yes, significantly",Lower / zero travel cost,,Not sure,Private bus operators — due to loss of passengers and revenue,,Always,Both morning and evening peaks,"Yes, sometimes",Continued challenges for private bus operators,Extra buses during peak hours,
PS-APXOAK,2026-09-18T20:25:50.688072+00:00,18–25,Male,Malappuram,Rural,Student,,Rarely,Significantly reduced,Strongly agree,"Yes, regularly",Not applicable,Other,Safe travel for women commuters,Slight impact,Private bus operators — due to loss of passengers and revenue,,Often,Evening peak hours,Rarely,More overcrowding; Increased pressure on KSRTC; Lower travel comfort,Extra buses during peak hours; Special services for students and workers; Better coordination between KSRTC and private buses; Increase overall KSRTC fleet capacity,
PS-990K7J,2026-09-18T20:26:11.919664+00:00,18–25,Female,Malappuram,Semi-urban,Student,,Several times a week,Slightly reduced,Agree,"Yes, occasionally","Yes, to some extent",Scheme benefits,,Moderate loss of passengers and revenue,No one is significantly negatively affected,,Always,Both morning and evening peaks,"Yes, sometimes",More overcrowding; Greater passenger dissatisfaction; Lower travel comfort; More delays,Special services for students and workers,
PS-T5ZYQQ,2026-09-18T20:35:14.896658+00:00,18–25,Female,Malappuram,Semi-urban,Student,,Daily,Slightly reduced,Neutral,"Yes, regularly","Yes, to some extent",Route availability,,Significant loss of passengers and revenue,Private bus operators — due to loss of passengers and revenue,,Rarely,Both morning and evening peaks,Rarely,Continued challenges for private bus operators; Lower travel comfort,Extra buses during peak hours; Special services for students and workers; Demand-based route planning; Better coordination between KSRTC and private buses; Other,
PS-QWGSOE,2026-09-18T20:39:29.340462+00:00,18–25,Female,Kasaragod,Semi-urban,Student,,Occasionally,Slightly reduced,Agree,"Yes, occasionally","Yes, significantly",Lower / zero travel cost,,Significant loss of passengers and revenue,Private bus operators — due to loss of passengers and revenue,,Often,Both morning and evening peaks,"Yes, very frequently",More overcrowding; Increased pressure on KSRTC; Lower travel comfort; More delays,Extra buses during peak hours; Special services for students and workers; Demand-based route planning; Smart pass / better verification; Increase overall KSRTC fleet capacity,
PS-CP784W,2026-09-18T20:42:23.678780+00:00,26–35,Male,Kannur,Semi-urban,Working,,Occasionally,Moderately reduced,Agree,"Yes, regularly","Yes, to some extent",Better access to education/work,,No significant impact,Private bus operators — due to loss of passengers and revenue,,Often,Both morning and evening peaks,Never,More overcrowding; More delays,Better coordination between KSRTC and private buses; Increase overall KSRTC fleet capacity,
PS-MQSE78,2026-09-18T20:51:43.717185+00:00,18–25,Male,Malappuram,Semi-urban,Student,,Occasionally,Moderately reduced,Agree,Rarely,"Yes, to some extent",Lower / zero travel cost,,Significant loss of passengers and revenue,Private bus operators — due to loss of passengers and revenue,,Often,Both morning and evening peaks,Rarely,Greater passenger dissatisfaction; Lower travel comfort,Special services for students and workers,
PS-Y0NJOY,2026-09-18T20:58:48.266760+00:00,18–25,Female,Malappuram,Rural,Student,,Daily,Significantly reduced,Strongly agree,"Yes, regularly",No change,Lower / zero travel cost,,Moderate loss of passengers and revenue,No one is significantly negatively affected,,Often,Both morning and evening peaks,"Yes, sometimes",Greater passenger dissatisfaction; More delays,Extra buses during peak hours; Better coordination between KSRTC and private buses,
PS-0X3V0H,2026-09-18T21:00:05.149962+00:00,18–25,Male,Kasaragod,Rural,Student,,Several times a week,No reduction,Strongly disagree,"Yes, occasionally",No change,Route availability,,Significant loss of passengers and revenue,Other regular KSRTC passengers — due to overcrowding and delays,,Always,Both morning and evening peaks,"Yes, sometimes",More overcrowding; Continued challenges for private bus operators; More delays,Extra buses during peak hours; Other,
PS-Z7T4DG,2026-09-18T21:06:29.105909+00:00,56 and above,Female,Malappuram,Semi-urban,Student,,Occasionally,Not applicable,Strongly agree,Rarely,Not applicable,Better access to education/work,,Slight impact,Other regular KSRTC passengers — due to overcrowding and delays,,Often,Throughout the day,Rarely,More delays,Extra buses during peak hours,
PS-STA831,2026-09-18T21:13:04.122362+00:00,18–25,Female,Kozhikode,Rural,Student,,Several times a week,Significantly reduced,Strongly agree,"Yes, regularly","Yes, significantly",Better access to education/work,,Significant loss of passengers and revenue,Private bus operators — due to loss of passengers and revenue,,Always,Throughout the day,"Yes, sometimes",More overcrowding; Greater passenger dissatisfaction; More delays,Special services for students and workers,
PS-TV0KKA,2026-09-18T21:14:23.106629+00:00,18–25,Female,Malappuram,Rural,Student,,Rarely,Significantly reduced,Agree,Rarely,Not applicable,Other,Not applicable,Slight impact,Private bus operators — due to loss of passengers and revenue,,Always,Both morning and evening peaks,Rarely,More overcrowding; Continued challenges for private bus operators,Extra buses during peak hours; Better coordination between KSRTC and private buses; Smart pass / better verification,
PS-BF5M5Y,2026-09-18T21:17:44.509998+00:00,18–25,Female,Pathanamthitta,Urban,Student,,Several times a week,Not applicable,Agree,"Yes, occasionally","Yes, significantly",Better access to education/work,,Significant loss of passengers and revenue,Other,,Always,Throughout the day,"Yes, sometimes",More overcrowding; Increased pressure on KSRTC; Greater passenger dissatisfaction,Extra buses during peak hours; Demand-based route planning; Better coordination between KSRTC and private buses,
PS-1N8QUY,2026-09-18T21:18:04.681140+00:00,18–25,Female,Kannur,Rural,Student,,Rarely,Significantly reduced,Strongly agree,Rarely,"Yes, significantly",Lower / zero travel cost,,Not sure,Private bus operators — due to loss of passengers and revenue,,Sometimes,Evening peak hours,Rarely,Greater passenger dissatisfaction; Continued challenges for private bus operators; More delays,Extra buses during peak hours,
PS-XPA01F,2026-09-18T21:21:36.297683+00:00,18–25,Male,Ernakulam,Urban,Student,,Several times a week,No reduction,Disagree,Rarely,Not applicable,Lower / zero travel cost,,Significant loss of passengers and revenue,Male passengers — due to increased overcrowding,,Always,Both morning and evening peaks,"Yes, sometimes",Continued challenges for private bus operators,Extra buses during peak hours; Special services for students and workers; Smart pass / better verification,
PS-GDALZX,2026-09-18T21:47:42.733603+00:00,18–25,Male,Pathanamthitta,Rural,Student,,Daily,Moderately reduced,Strongly agree,"Yes, occasionally",I still mainly use private buses,Other,Not applicable,Moderate loss of passengers and revenue,Private bus operators — due to loss of passengers and revenue,,Never,Both morning and evening peaks,"Yes, very frequently",More overcrowding; Increased pressure on KSRTC,Extra buses during peak hours,
PS-PPZKEH,2026-09-18T21:58:12.173134+00:00,18–25,Male,Malappuram,Semi-urban,Student,,Several times a week,Moderately reduced,Neutral,"Yes, occasionally","Yes, to some extent",Better access to education/work,,Slight impact,Private bus operators — due to loss of passengers and revenue,,Always,Throughout the day,"Yes, very frequently",More overcrowding; Continued challenges for private bus operators,Demand-based route planning; Better coordination between KSRTC and private buses,
PS-VQQW96,2026-09-18T22:01:26.131633+00:00,18–25,Female,Malappuram,Rural,Student,,Several times a week,No reduction,Strongly disagree,Rarely,No change,Scheme benefits,,Moderate loss of passengers and revenue,Private bus operators — due to loss of passengers and revenue,,Always,Both morning and evening peaks,"Yes, very frequently",Greater passenger dissatisfaction,Extra buses during peak hours,
PS-40PNL8,2026-09-18T22:16:12.576998+00:00,18–25,Female,Pathanamthitta,Rural,Student,,Daily,Slightly reduced,Agree,"Yes, regularly","Yes, to some extent",Lower / zero travel cost,,Slight impact,Private bus operators — due to loss of passengers and revenue,,Sometimes,Rarely face overcrowding,Rarely,More overcrowding; Increased pressure on KSRTC,Better coordination between KSRTC and private buses,
PS-1PHT7A,2026-09-18T22:22:01.717679+00:00,18–25,Male,Pathanamthitta,Semi-urban,Working,,Daily,Moderately reduced,Disagree,"Yes, regularly",I still mainly use private buses,Route availability,,Moderate loss of passengers and revenue,Male passengers — due to increased overcrowding,,Rarely,Throughout the day,Rarely,More overcrowding; More delays,Other,
PS-46DELG,2026-09-18T22:23:26.608789+00:00,18–25,Female,Wayanad,Rural,Student,,Rarely,No reduction,Neutral,"Yes, occasionally","Yes, to some extent",Lower / zero travel cost,,Slight impact,Male passengers — due to increased overcrowding,,Always,Both morning and evening peaks,"Yes, very frequently",More overcrowding; Increased pressure on KSRTC,Special services for students and workers,
PS-KAWJC0,2026-09-18T22:30:40.908354+00:00,18–25,Female,Malappuram,Rural,Student,,Several times a week,Significantly reduced,Agree,"Yes, occasionally",I still mainly use private buses,Lower / zero travel cost,,Moderate loss of passengers and revenue,Male passengers — due to increased overcrowding,,Never,Both morning and evening peaks,Rarely,Increased pressure on KSRTC; Positive improvements if the government acts,Extra buses during peak hours; Better coordination between KSRTC and private buses,
PS-KUF75R,2026-09-18T22:35:41.839846+00:00,18–25,Female,Kozhikode,Rural,Student,,Rarely,Significantly reduced,Strongly agree,Rarely,I still mainly use private buses,Lower / zero travel cost,,Moderate loss of passengers and revenue,Male passengers — due to increased overcrowding,,Never,Both morning and evening peaks,"Yes, very frequently",Lower travel comfort; More delays; Positive improvements if the government acts,Extra buses during peak hours; Special services for students and workers; Better coordination between KSRTC and private buses; Other,
PS-8ETP64,2026-09-18T22:41:23.111432+00:00,56 and above,Other / Prefer not to say,Kollam,Rural,Student,,Rarely,Moderately reduced,Disagree,Rarely,I did not use private buses previously,Better access to education/work,,Significant loss of passengers and revenue,Private bus operators — due to loss of passengers and revenue,,Sometimes,Both morning and evening peaks,"Yes, sometimes",Lower travel comfort,Extra buses during peak hours,
PS-Q3L6OQ,2026-09-18T22:48:35.281897+00:00,18–25,Female,Kannur,Rural,Student,,Daily,Moderately reduced,Disagree,"Yes, occasionally","Yes, to some extent",Lower / zero travel cost,,No significant impact,KSRTC staff / conductors — due to increased passenger pressure,,Always,Both morning and evening peaks,"Yes, very frequently",Lower travel comfort; Positive improvements if the government acts,Special services for students and workers; Demand-based route planning; Better coordination between KSRTC and private buses,
PS-4GJ02W,2026-09-18T22:51:32.323933+00:00,18–25,Female,Malappuram,Rural,Student,,Daily,Slightly reduced,Agree,"Yes, occasionally","Yes, to some extent",Better access to education/work,,Significant loss of passengers and revenue,Private bus operators — due to loss of passengers and revenue,,Always,Both morning and evening peaks,"Yes, sometimes",More overcrowding,Extra buses during peak hours; Special services for students and workers; Better coordination between KSRTC and private buses; Smart pass / better verification,
PS-7VY3R4,2026-09-18T23:01:26.650848+00:00,26–35,Male,Kasaragod,Urban,Working,,Several times a week,Not applicable,Agree,Rarely,Not applicable,Lower / zero travel cost,,Significant loss of passengers and revenue,Private bus operators — due to loss of passengers and revenue,,Always,Both morning and evening peaks,"Yes, sometimes",Continued challenges for private bus operators; Lower travel comfort,Extra buses during peak hours; Other,
PS-C761YZ,2026-09-18T23:04:09.465707+00:00,18–25,Female,Wayanad,Rural,Student,,Daily,Significantly reduced,Strongly agree,"Yes, occasionally","Yes, to some extent",Lower / zero travel cost,,Moderate loss of passengers and revenue,Private bus operators — due to loss of passengers and revenue,,Rarely,Both morning and evening peaks,"Yes, very frequently",Increased pressure on KSRTC; Positive improvements if the government acts,Extra buses during peak hours; Special services for students and workers; Demand-based route planning; Smart pass / better verification,
PS-CFAGQM,2026-09-18T23:05:22.729082+00:00,18–25,Female,Malappuram,Rural,Student,,Several times a week,Not applicable,Disagree,Not applicable,Not applicable,Lower / zero travel cost,,Slight impact,Other regular KSRTC passengers — due to overcrowding and delays,,Always,Both morning and evening peaks,"Yes, very frequently",More overcrowding,Extra buses during peak hours; Better coordination between KSRTC and private buses,
PS-RQHZRI,2026-09-18T23:06:31.347451+00:00,18–25,Female,Malappuram,Rural,Self-employed,,Several times a week,Not applicable,Agree,"Yes, occasionally","Yes, to some extent",Better access to education/work,,Significant loss of passengers and revenue,Private bus operators — due to loss of passengers and revenue,,Always,Both morning and evening peaks,Rarely,More overcrowding; Lower travel comfort,Demand-based route planning; Better coordination between KSRTC and private buses; Other,
PS-AMQTAA,2026-09-18T23:07:35.120537+00:00,18–25,Female,Kozhikode,Rural,Student,,Daily,Significantly reduced,Agree,"No, I mainly used KSRTC","Yes, to some extent",Route availability,,Significant loss of passengers and revenue,Other regular KSRTC passengers — due to overcrowding and delays,,Always,Both morning and evening peaks,"Yes, very frequently",More overcrowding; Lower travel comfort,Extra buses during peak hours; Special services for students and workers; Better coordination between KSRTC and private buses; Smart pass / better verification,
PS-D0VU1K,2026-09-18T23:16:53.128343+00:00,26–35,Male,Kannur,Urban,Student,,Rarely,Not applicable,Agree,Not applicable,Not applicable,Route availability,,Significant loss of passengers and revenue,Other regular KSRTC passengers — due to overcrowding and delays,,Sometimes,Evening peak hours,Rarely,Lower travel comfort,Special services for students and workers,
PS-WC79MU,2026-09-18T23:21:11.509341+00:00,18–25,Female,Kannur,Rural,Student,,Daily,Slightly reduced,Agree,"Yes, regularly",Not applicable,Better access to education/work,,Significant loss of passengers and revenue,Private bus operators — due to loss of passengers and revenue,,Always,Both morning and evening peaks,Rarely,More overcrowding; Increased pressure on KSRTC; Greater passenger dissatisfaction,Extra buses during peak hours; Special services for students and workers; Demand-based route planning; Better coordination between KSRTC and private buses; Increase overall KSRTC fleet capacity,
PS-VS4GDV,2026-09-18T23:24:49.821553+00:00,18–25,Female,Kozhikode,Urban,Student,,Rarely,No reduction,Agree,"Yes, regularly","Yes, to some extent",Better access to education/work,,No significant impact,Other regular KSRTC passengers — due to overcrowding and delays,,Sometimes,Throughout the day,"Yes, sometimes",Lower travel comfort,Extra buses during peak hours; Special services for students and workers,
PS-MT7X5L,2026-09-18T23:53:46.558176+00:00,18–25,Male,Kannur,Rural,Student,,Daily,Significantly reduced,Strongly agree,"Yes, occasionally","Yes, to some extent",Scheme benefits,,Moderate loss of passengers and revenue,Other regular KSRTC passengers — due to overcrowding and delays,,Never,Both morning and evening peaks,"Yes, sometimes",More delays,Special services for students and workers,
PS-04MQGX,2026-09-18T23:58:56.676696+00:00,18–25,Male,Malappuram,Semi-urban,Student,,Rarely,Moderately reduced,Strongly agree,Rarely,"Yes, to some extent",Better access to education/work,,Significant loss of passengers and revenue,Private bus operators — due to loss of passengers and revenue,,Often,Both morning and evening peaks,"Yes, very frequently",Continued challenges for private bus operators,Extra buses during peak hours; Demand-based route planning; Better coordination between KSRTC and private buses; Smart pass / better verification,
PS-X3V7F7,2026-09-19T00:02:43.257158+00:00,18–25,Male,Wayanad,Semi-urban,Working,,Occasionally,No reduction,Neutral,"Yes, regularly","Yes, significantly",Scheme benefits,,Significant loss of passengers and revenue,Male passengers — due to increased overcrowding,,Sometimes,Rarely face overcrowding,"Yes, sometimes",Increased pressure on KSRTC; Lower travel comfort,Demand-based route planning; Better coordination between KSRTC and private buses,
PS-P9KZSH,2026-09-19T00:08:35.262256+00:00,18–25,Female,Wayanad,Semi-urban,Student,,Occasionally,Moderately reduced,Strongly agree,"Yes, occasionally",No change,Better access to education/work,,Significant loss of passengers and revenue,Private bus operators — due to loss of passengers and revenue,,Sometimes,Evening peak hours,Never,More overcrowding; More delays,Extra buses during peak hours; Better coordination between KSRTC and private buses,
PS-QREIYF,2026-09-19T00:11:02.613150+00:00,18–25,Female,Malappuram,Semi-urban,Student,,Rarely,Moderately reduced,Disagree,"Yes, regularly","Yes, to some extent",Route availability,,Significant loss of passengers and revenue,Private bus operators — due to loss of passengers and revenue,,Rarely,Rarely face overcrowding,"Yes, sometimes",More delays,Special services for students and workers; Demand-based route planning,
PS-E9B6YD,2026-09-19T00:14:30.548701+00:00,Below 18,Other / Prefer not to say,Kasaragod,Rural,Other,Retired Teacher,Occasionally,Slightly reduced,Disagree,Rarely,No change,Lower / zero travel cost,,Significant loss of passengers and revenue,Private bus operators — due to loss of passengers and revenue,,Always,Both morning and evening peaks,"Yes, sometimes",Greater passenger dissatisfaction; Continued challenges for private bus operators; More delays,Extra buses during peak hours; Demand-based route planning; Better coordination between KSRTC and private buses; Other,
PS-T9HW73,2026-09-19T00:15:26.764937+00:00,18–25,Male,Thiruvananthapuram,Rural,Other,Self-study,Rarely,No reduction,Strongly agree,"Yes, regularly","Yes, to some extent",Route availability,,Moderate loss of passengers and revenue,Private bus operators — due to loss of passengers and revenue,,Often,Morning peak hours,"Yes, sometimes",More overcrowding,Extra buses during peak hours,
PS-HB98B7,2026-09-19T00:15:58.131085+00:00,18–25,Female,Wayanad,Rural,Student,,Occasionally,Moderately reduced,Disagree,"Yes, regularly","Yes, significantly",Lower / zero travel cost,,Not sure,Private bus operators — due to loss of passengers and revenue,,Often,Morning peak hours,"Yes, sometimes",More overcrowding,Special services for students and workers,
PS-F2E65G,2026-09-19T00:24:09.851808+00:00,18–25,Female,Kasaragod,Urban,Student,,Rarely,Slightly reduced,Neutral,"Yes, regularly","Yes, significantly",Lower / zero travel cost,,Significant loss of passengers and revenue,Private bus operators — due to loss of passengers and revenue,,Often,Evening peak hours,Rarely,More overcrowding,Extra buses during peak hours; Special services for students and workers; Better coordination between KSRTC and private buses,
PS-1XQEY4,2026-09-19T00:36:08.200918+00:00,18–25,Female,Malappuram,Rural,Student,,Daily,Slightly reduced,Disagree,"No, I mainly used KSRTC","Yes, significantly",Better access to education/work,,Moderate loss of passengers and revenue,No one is significantly negatively affected,,Never,Both morning and evening peaks,"Yes, sometimes",Increased pressure on KSRTC; More delays; Positive improvements if the government acts,Extra buses during peak hours; Special services for students and workers,
PS-ECUFY5,2026-09-19T00:40:41.212933+00:00,18–25,Male,Kasaragod,Rural,Student,,Several times a week,Not applicable,Disagree,Rarely,No change,Lower / zero travel cost,,Moderate loss of passengers and revenue,Private bus operators — due to loss of passengers and revenue,,Always,Morning peak hours,"Yes, very frequently",Increased pressure on KSRTC; Lower travel comfort,Special services for students and workers,
PS-F221TA,2026-09-19T00:47:55.690595+00:00,18–25,Female,Malappuram,Semi-urban,Student,,Occasionally,Slightly reduced,Neutral,Rarely,I still mainly use private buses,Other,Safe travel for women commuters,Moderate loss of passengers and revenue,Private bus operators — due to loss of passengers and revenue,,Often,Morning peak hours,"Yes, sometimes",More overcrowding; Increased pressure on KSRTC,Extra buses during peak hours,
PS-3DIST3,2026-09-19T00:55:34.721554+00:00,18–25,Female,Wayanad,Rural,Student,,Rarely,No reduction,Agree,Rarely,"Yes, to some extent",Lower / zero travel cost,,Slight impact,Male passengers — due to increased overcrowding,,Rarely,Rarely face overcrowding,"Yes, sometimes",Lower travel comfort,Extra buses during peak hours; Special services for students and workers; Demand-based route planning,
PS-317ZD4,2026-09-19T01:02:21.250030+00:00,18–25,Female,Kannur,Urban,Student,,Occasionally,Slightly reduced,Agree,"Yes, regularly","Yes, significantly",Route availability,,Significant loss of passengers and revenue,Private bus operators — due to loss of passengers and revenue,,Always,Both morning and evening peaks,Rarely,Lower travel comfort,Extra buses during peak hours; Demand-based route planning; Better coordination between KSRTC and private buses; Increase overall KSRTC fleet capacity,
PS-8PFCRL,2026-09-19T01:02:54.937780+00:00,18–25,Male,Wayanad,Semi-urban,Student,,Several times a week,Not applicable,Agree,"No, I mainly used KSRTC",I still mainly use private buses,Lower / zero travel cost,,Moderate loss of passengers and revenue,Other regular KSRTC passengers — due to overcrowding and delays,,Always,Morning peak hours,Rarely,Increased pressure on KSRTC,Special services for students and workers; Smart pass / better verification,
PS-M7XSOV,2026-09-19T01:04:56.687924+00:00,56 and above,Other / Prefer not to say,Malappuram,Semi-urban,Student,,Occasionally,Slightly reduced,Agree,"No, I mainly used KSRTC","Yes, significantly",Route availability,,Moderate loss of passengers and revenue,KSRTC staff / conductors — due to increased passenger pressure,,Often,Both morning and evening peaks,Rarely,More overcrowding; More delays,Extra buses during peak hours,
PS-3A5RED,2026-09-19T01:10:37.425882+00:00,18–25,Female,Wayanad,Semi-urban,Student,,Several times a week,Slightly reduced,Agree,Rarely,"Yes, significantly",Lower / zero travel cost,,Significant loss of passengers and revenue,Private bus operators — due to loss of passengers and revenue,,Always,Both morning and evening peaks,Rarely,More overcrowding; Lower travel comfort,Special services for students and workers,
PS-SVFJOV,2026-09-19T01:23:35.802898+00:00,18–25,Male,Kozhikode,Rural,Student,,Several times a week,No reduction,Neutral,Rarely,Not applicable,Scheme benefits,,Significant loss of passengers and revenue,Private bus operators — due to loss of passengers and revenue,,Always,Both morning and evening peaks,"Yes, very frequently",Greater passenger dissatisfaction; Lower travel comfort; More delays,Better coordination between KSRTC and private buses,
PS-009QB1,2026-09-19T01:28:35.927133+00:00,18–25,Male,Thiruvananthapuram,Rural,Student,,Daily,Not applicable,Strongly agree,"No, I mainly used KSRTC",No change,Route availability,,Significant loss of passengers and revenue,Other regular KSRTC passengers — due to overcrowding and delays,,Often,Both morning and evening peaks,"Yes, very frequently",Increased pressure on KSRTC; Greater passenger dissatisfaction,Extra buses during peak hours; Special services for students and workers; Smart pass / better verification,
PS-QW4M1F,2026-09-19T01:38:57.270197+00:00,Below 18,Female,Kannur,Semi-urban,Student,,Rarely,Not applicable,Strongly agree,"Yes, regularly","Yes, to some extent",Better reliability,,Slight impact,Private bus operators — due to loss of passengers and revenue,,Always,Evening peak hours,"Yes, sometimes",Lower travel comfort,Special services for students and workers; Better coordination between KSRTC and private buses,
PS-A0L91V,2026-09-19T01:40:12.970349+00:00,18–25,Female,Kottayam,Rural,Student,,Daily,Not applicable,Disagree,"Yes, occasionally","Yes, to some extent",Route availability,,Significant loss of passengers and revenue,Private bus operators — due to loss of passengers and revenue,,Never,Rarely face overcrowding,"Yes, sometimes",Lower travel comfort; Positive improvements if the government acts,Special services for students and workers; Demand-based route planning,
PS-SOJGJP,2026-09-19T01:43:55.528066+00:00,18–25,Female,Kannur,Semi-urban,Student,,Occasionally,Moderately reduced,Strongly disagree,"No, I mainly used KSRTC","Yes, significantly",Other,Iam always travelling through ksrtc before the priyadharshini scheme,Moderate loss of passengers and revenue,KSRTC staff / conductors — due to increased passenger pressure,,Often,Both morning and evening peaks,Rarely,Greater passenger dissatisfaction; Continued challenges for private bus operators; More delays,Special services for students and workers,
PS-Q247JB,2026-09-19T01:47:32.389148+00:00,Below 18,Female,Wayanad,Semi-urban,Student,,Rarely,Slightly reduced,Neutral,Rarely,"Yes, significantly",Better access to education/work,,Significant loss of passengers and revenue,Private bus operators — due to loss of passengers and revenue,,Rarely,Morning peak hours,"Yes, sometimes",Lower travel comfort,Special services for students and workers,
PS-TQ4VF7,2026-09-19T01:53:35.633251+00:00,36–45,Male,Pathanamthitta,Semi-urban,Working,,Rarely,No reduction,Disagree,Rarely,I still mainly use private buses,Other,No change,Slight impact,Other regular KSRTC passengers — due to overcrowding and delays,,Always,Throughout the day,"Yes, very frequently",More overcrowding; Lower travel comfort; More delays,Extra buses during peak hours; Special services for students and workers; Demand-based route planning,
PS-O8YK18,2026-09-19T02:01:25.618370+00:00,26–35,Female,Thiruvananthapuram,Rural,Working,,Rarely,Not applicable,Strongly agree,Not applicable,No change,Better access to education/work,,Significant loss of passengers and revenue,Other regular KSRTC passengers — due to overcrowding and delays,,Rarely,Both morning and evening peaks,"Yes, very frequently",Lower travel comfort,Demand-based route planning,
PS-BHVKJU,2026-09-19T02:06:06.869951+00:00,18–25,Male,Wayanad,Semi-urban,Student,,Occasionally,No reduction,Neutral,"Yes, occasionally",No change,Route availability,,Significant loss of passengers and revenue,Private bus operators — due to loss of passengers and revenue,,Sometimes,Evening peak hours,"Yes, sometimes",Positive improvements if the government acts,Extra buses during peak hours,
PS-2CU3RH,2026-09-19T02:07:35.139131+00:00,18–25,Female,Kannur,Semi-urban,Homemaker,,Occasionally,Slightly reduced,Neutral,"Yes, occasionally",No change,Lower / zero travel cost,,No significant impact,KSRTC staff / conductors — due to increased passenger pressure,,Always,Both morning and evening peaks,"Yes, sometimes",More overcrowding,Extra buses during peak hours; Demand-based route planning,
PS-QNV3NF,2026-09-19T02:08:00.428843+00:00,18–25,Male,Kottayam,Semi-urban,Student,,Daily,No reduction,Agree,"Yes, regularly",No change,Better reliability,,Significant loss of passengers and revenue,Private bus operators — due to loss of passengers and revenue,,Rarely,Evening peak hours,"Yes, sometimes",Continued challenges for private bus operators; Lower travel comfort,Extra buses during peak hours; Special services for students and workers,
PS-DAT3DV,2026-09-19T02:27:06.696765+00:00,Below 18,Female,Kannur,Semi-urban,Homemaker,,Rarely,Slightly reduced,Disagree,"Yes, regularly","Yes, to some extent",Lower / zero travel cost,,Significant loss of passengers and revenue,Private bus operators — due to loss of passengers and revenue,,Rarely,Both morning and evening peaks,Rarely,Increased pressure on KSRTC; Lower travel comfort,Extra buses during peak hours,
PS-5FZ1LJ,2026-09-19T02:31:31.712616+00:00,18–25,Female,Kasaragod,Urban,Student,,Rarely,Slightly reduced,Neutral,"No, I mainly used KSRTC",No change,Other,Not applicable,Slight impact,Male passengers — due to increased overcrowding,,Rarely,Evening peak hours,"Yes, sometimes",Continued challenges for private bus operators; Lower travel comfort,Better coordination between KSRTC and private buses,
PS-R81PJX,2026-09-19T02:38:25.825778+00:00,18–25,Male,Kasaragod,Semi-urban,Working,,Rarely,No reduction,Neutral,"Yes, regularly",No change,Route availability,,Significant loss of passengers and revenue,Private bus operators — due to loss of passengers and revenue,,Always,Both morning and evening peaks,"Yes, very frequently",More delays,Extra buses during peak hours,
PS-ZOH461,2026-09-19T02:39:04.866287+00:00,18–25,Male,Kozhikode,Semi-urban,Working,,Occasionally,No reduction,Neutral,"Yes, regularly",No change,Route availability,,Significant loss of passengers and revenue,Private bus operators — due to loss of passengers and revenue,,Always,Throughout the day,Rarely,Increased pressure on KSRTC; Continued challenges for private bus operators,Special services for students and workers; Other,
PS-MG2WIF,2026-09-19T02:47:41.170592+00:00,26–35,Female,Kasaragod,Urban,Student,,Occasionally,Slightly reduced,Neutral,"Yes, regularly","Yes, to some extent",Lower / zero travel cost,,Moderate loss of passengers and revenue,Private bus operators — due to loss of passengers and revenue,,Rarely,Evening peak hours,"Yes, very frequently",Continued challenges for private bus operators,Smart pass / better verification,
PS-Y7RC9T,2026-09-19T02:48:56.627981+00:00,18–25,Male,Kannur,Rural,Student,,Occasionally,Significantly reduced,Strongly agree,"No, I mainly used KSRTC",Not applicable,Better access to education/work,,No significant impact,Other regular KSRTC passengers — due to overcrowding and delays,,Always,Both morning and evening peaks,"Yes, very frequently",More overcrowding,Extra buses during peak hours; Special services for students and workers,
PS-3AVJ67,2026-09-19T02:55:25.318668+00:00,18–25,Male,Kasaragod,Rural,Working,,Daily,Significantly reduced,Agree,"Yes, regularly","Yes, significantly",Route availability,,Significant loss of passengers and revenue,KSRTC staff / conductors — due to increased passenger pressure,,Always,Both morning and evening peaks,"Yes, very frequently",Increased pressure on KSRTC,Demand-based route planning,
PS-52O5XG,2026-09-19T03:04:07.193462+00:00,18–25,Female,Kannur,Urban,Student,,Occasionally,Significantly reduced,Strongly agree,"Yes, regularly","Yes, significantly",Lower / zero travel cost,,Moderate loss of passengers and revenue,Private bus operators — due to loss of passengers and revenue,,Often,Evening peak hours,"Yes, sometimes",More overcrowding; Greater passenger dissatisfaction; Lower travel comfort; Other,Extra buses during peak hours; Special services for students and workers; Demand-based route planning; Smart pass / better verification,
PS-SWY93W,2026-09-19T03:06:51.690596+00:00,18–25,Male,Wayanad,Rural,Student,,Several times a week,Significantly reduced,Agree,"Yes, regularly",Not applicable,Lower / zero travel cost,,Significant loss of passengers and revenue,Private bus operators — due to loss of passengers and revenue,,Always,Both morning and evening peaks,"Yes, sometimes",More overcrowding; Continued challenges for private bus operators; Lower travel comfort,Increase overall KSRTC fleet capacity,
PS-X85KX5,2026-09-19T03:07:58.493939+00:00,18–25,Female,Malappuram,Semi-urban,Student,,Several times a week,No reduction,Neutral,"No, I mainly used KSRTC",I did not use private buses previously,Lower / zero travel cost,,No significant impact,Other regular KSRTC passengers — due to overcrowding and delays,,Often,Both morning and evening peaks,Rarely,More overcrowding; Greater passenger dissatisfaction; More delays,Extra buses during peak hours; Special services for students and workers; Smart pass / better verification,
PS-YVWBJ8,2026-09-19T03:10:49.248674+00:00,18–25,Female,Wayanad,Semi-urban,Student,,Occasionally,Not applicable,Strongly agree,"Yes, occasionally",Not applicable,Lower / zero travel cost,,Significant loss of passengers and revenue,Private bus operators — due to loss of passengers and revenue,,Often,Evening peak hours,"Yes, sometimes",More overcrowding; Lower travel comfort; More delays,Special services for students and workers,
PS-XIFQGZ,2026-09-19T03:19:21.244426+00:00,18–25,Female,Kozhikode,Semi-urban,Student,,Occasionally,Slightly reduced,Agree,"Yes, regularly",Not applicable,Lower / zero travel cost,,Significant loss of passengers and revenue,Private bus operators — due to loss of passengers and revenue,,Rarely,Both morning and evening peaks,Rarely,Continued challenges for private bus operators; More delays,Extra buses during peak hours; Special services for students and workers; Demand-based route planning; Smart pass / better verification; Increase overall KSRTC fleet capacity,
PS-JNQMYT,2026-09-19T03:26:05.338849+00:00,18–25,Male,Kasaragod,Semi-urban,Student,,Daily,No reduction,Neutral,"Yes, regularly",No change,Route availability,,Significant loss of passengers and revenue,Private bus operators — due to loss of passengers and revenue,,Often,Both morning and evening peaks,Rarely,Increased pressure on KSRTC,Extra buses during peak hours; Better coordination between KSRTC and private buses; Smart pass / better verification,
PS-NJJOCA,2026-09-19T03:27:12.356687+00:00,18–25,Male,Pathanamthitta,Semi-urban,Student,,Several times a week,Significantly reduced,Neutral,"Yes, regularly","Yes, significantly",Lower / zero travel cost,,Moderate loss of passengers and revenue,Private bus operators — due to loss of passengers and revenue,,Always,Both morning and evening peaks,"Yes, very frequently",Increased pressure on KSRTC; Greater passenger dissatisfaction; More delays,Special services for students and workers,
PS-MRHVF1,2026-09-19T03:27:18.464985+00:00,18–25,Female,Kollam,Semi-urban,Student,,Daily,Slightly reduced,Agree,"Yes, regularly","Yes, to some extent",Route availability,,Significant loss of passengers and revenue,Private bus operators — due to loss of passengers and revenue,,Always,Morning peak hours,Rarely,Continued challenges for private bus operators; Lower travel comfort; More delays,Special services for students and workers; Demand-based route planning,
PS-UZ007Y,2026-09-19T03:39:46.932807+00:00,18–25,Female,Kollam,Rural,Student,,Several times a week,Slightly reduced,Agree,"Yes, occasionally",No change,Other,Safe travel for women commuters,Slight impact,Other regular KSRTC passengers — due to overcrowding and delays,,Often,Both morning and evening peaks,Rarely,More overcrowding,Extra buses during peak hours,
PS-CIQUCJ,2026-09-19T03:44:46.739586+00:00,18–25,Male,Kasaragod,Rural,Student,,Rarely,Moderately reduced,Agree,Rarely,I still mainly use private buses,Better reliability,,Significant loss of passengers and revenue,Male passengers — due to increased overcrowding,,Never,Both morning and evening peaks,Never,Increased pressure on KSRTC; Continued challenges for private bus operators; Positive improvements if the government acts,Extra buses during peak hours; Special services for students and workers; Other,
PS-36KA2K,2026-09-19T03:59:39.950356+00:00,18–25,Female,Kannur,Semi-urban,Student,,Occasionally,Not applicable,Disagree,"Yes, occasionally",Not applicable,Route availability,,Moderate loss of passengers and revenue,Private bus operators — due to loss of passengers and revenue,,Sometimes,Both morning and evening peaks,"Yes, sometimes",Lower travel comfort,Better coordination between KSRTC and private buses; Smart pass / better verification,
PS-50WDE5,2026-09-19T04:04:12.722522+00:00,18–25,Male,Kasaragod,Semi-urban,Student,,Several times a week,Significantly reduced,Agree,"Yes, regularly",No change,Other,Not applicable,Moderate loss of passengers and revenue,Private bus operators — due to loss of passengers and revenue,,Often,Throughout the day,"Yes, sometimes",More overcrowding,Extra buses during peak hours,
PS-F3GN94,2026-09-19T04:07:32.240995+00:00,18–25,Male,Kollam,Rural,Student,,Daily,Moderately reduced,Strongly agree,"No, I mainly used KSRTC",No change,Lower / zero travel cost,,No significant impact,Other regular KSRTC passengers — due to overcrowding and delays,,Always,Morning peak hours,Rarely,More overcrowding; Greater passenger dissatisfaction,Extra buses during peak hours; Better coordination between KSRTC and private buses,
PS-50XBQP,2026-09-19T04:12:52.612958+00:00,18–25,Female,Malappuram,Semi-urban,Student,,Rarely,Moderately reduced,Strongly agree,Rarely,"Yes, to some extent",Lower / zero travel cost,,Moderate loss of passengers and revenue,Private bus operators — due to loss of passengers and revenue,,Sometimes,Evening peak hours,"Yes, very frequently",Continued challenges for private bus operators; Positive improvements if the government acts,Extra buses during peak hours; Special services for students and workers,
PS-LZ4G85,2026-09-19T04:20:00.568596+00:00,Below 18,Male,Kannur,Semi-urban,Working,,Occasionally,Slightly reduced,Neutral,"Yes, occasionally","Yes, to some extent",Better reliability,,Significant loss of passengers and revenue,Male passengers — due to increased overcrowding,,Always,Throughout the day,Never,More overcrowding,Demand-based route planning; Better coordination between KSRTC and private buses,
PS-C7ZGSZ,2026-09-19T04:29:27.802115+00:00,18–25,Female,Kasaragod,Semi-urban,Student,,Occasionally,Significantly reduced,Agree,"Yes, regularly","Yes, significantly",Other,Not applicable,Significant loss of passengers and revenue,Private bus operators — due to loss of passengers and revenue,,Always,Both morning and evening peaks,"Yes, sometimes",Continued challenges for private bus operators,Extra buses during peak hours; Better coordination between KSRTC and private buses,
PS-UYK9I7,2026-09-19T04:44:44.828871+00:00,26–35,Other / Prefer not to say,Pathanamthitta,Rural,Homemaker,,Occasionally,Slightly reduced,Strongly agree,"Yes, occasionally","Yes, to some extent",Lower / zero travel cost,,No significant impact,No one is significantly negatively affected,,Often,Throughout the day,"Yes, very frequently",More overcrowding; Increased pressure on KSRTC; More delays,Smart pass / better verification,
PS-YNS7WT,2026-09-19T04:57:50.715301+00:00,18–25,Male,Kannur,Semi-urban,Student,,Rarely,No reduction,Neutral,"Yes, regularly",No change,Other,Iam always travelling through ksrtc before the priyadharshini scheme,No significant impact,Other regular KSRTC passengers — due to overcrowding and delays,,Sometimes,Both morning and evening peaks,"Yes, sometimes",Lower travel comfort,Better coordination between KSRTC and private buses; Smart pass / better verification,
PS-PL6WVO,2026-09-19T04:58:20.474157+00:00,18–25,Male,Kollam,Semi-urban,Working,,Rarely,No reduction,Agree,"Yes, regularly",No change,Better reliability,,Moderate loss of passengers and revenue,Private bus operators — due to loss of passengers and revenue,,Often,Both morning and evening peaks,Never,Lower travel comfort; More delays,Extra buses during peak hours; Smart pass / better verification,
PS-IM62GI,2026-09-19T05:00:16.349806+00:00,26–35,Female,Wayanad,Rural,Working,,Daily,Significantly reduced,Strongly agree,"No, I mainly used KSRTC","Yes, significantly",Lower / zero travel cost,,Slight impact,Private bus operators — due to loss of passengers and revenue,,Always,Both morning and evening peaks,"Yes, very frequently",Increased pressure on KSRTC; Continued challenges for private bus operators; Lower travel comfort; More delays,Smart pass / better verification,
PS-LJOWTN,2026-09-19T05:07:49.307996+00:00,18–25,Male,Kannur,Rural,Working,,Several times a week,Not applicable,Agree,"Yes, occasionally",No change,Scheme benefits,,Significant loss of passengers and revenue,Private bus operators — due to loss of passengers and revenue,,Always,Both morning and evening peaks,"Yes, very frequently",Continued challenges for private bus operators; Lower travel comfort,Special services for students and workers; Demand-based route planning,
PS-DSGKY3,2026-09-19T05:08:38.457872+00:00,18–25,Female,Kannur,Semi-urban,Student,,Occasionally,Significantly reduced,Strongly agree,"No, I mainly used KSRTC","Yes, significantly",Lower / zero travel cost,,Significant loss of passengers and revenue,Private bus operators — due to loss of passengers and revenue,,Always,Both morning and evening peaks,"Yes, sometimes",More overcrowding; Lower travel comfort,Better coordination between KSRTC and private buses,
PS-0F3EWI,2026-09-19T05:12:45.435716+00:00,18–25,Female,Kozhikode,Semi-urban,Student,,Occasionally,Significantly reduced,Neutral,Rarely,I still mainly use private buses,Lower / zero travel cost,,Significant loss of passengers and revenue,Private bus operators — due to loss of passengers and revenue,,Always,Both morning and evening peaks,"Yes, sometimes",More overcrowding,Special services for students and workers; Demand-based route planning; Smart pass / better verification; Increase overall KSRTC fleet capacity,
PS-7VZ1IR,2026-09-19T05:13:02.244160+00:00,18–25,Female,Kollam,Rural,Self-employed,,Occasionally,Slightly reduced,Agree,"Yes, occasionally",Not applicable,Lower / zero travel cost,,Significant loss of passengers and revenue,Private bus operators — due to loss of passengers and revenue,,Always,Both morning and evening peaks,Rarely,Increased pressure on KSRTC; Continued challenges for private bus operators; Lower travel comfort; More delays; Other,Extra buses during peak hours,
PS-QQ6GTU,2026-09-19T05:19:03.205618+00:00,Below 18,Female,Malappuram,Urban,Student,,Daily,No reduction,Strongly disagree,"Yes, regularly",Not applicable,Lower / zero travel cost,,Significant loss of passengers and revenue,Other regular KSRTC passengers — due to overcrowding and delays,,Never,Both morning and evening peaks,"Yes, sometimes",Increased pressure on KSRTC; Greater passenger dissatisfaction; Continued challenges for private bus operators; Positive improvements if the government acts,Extra buses during peak hours; Special services for students and workers,
PS-IDJEUG,2026-09-19T05:20:12.619627+00:00,36–45,Male,Pathanamthitta,Semi-urban,Student,,Occasionally,No reduction,Disagree,"Yes, regularly","Yes, to some extent",Lower / zero travel cost,,No significant impact,Other regular KSRTC passengers — due to overcrowding and delays,,Rarely,Both morning and evening peaks,"Yes, sometimes",More delays,Extra buses during peak hours; Smart pass / better verification,
PS-C679IG,2026-09-19T05:22:53.419658+00:00,Below 18,Female,Kannur,Urban,Student,,Several times a week,Moderately reduced,Agree,Not applicable,No change,Route availability,,Significant loss of passengers and revenue,Private bus operators — due to loss of passengers and revenue,,Always,Rarely face overcrowding,"Yes, very frequently",More overcrowding; Continued challenges for private bus operators,Extra buses during peak hours; Better coordination between KSRTC and private buses,
PS-DAT2G5,2026-09-19T05:23:03.423893+00:00,18–25,Male,Malappuram,Rural,Student,,Occasionally,Not applicable,Strongly disagree,"No, I mainly used KSRTC",Not applicable,Other,Not applicable,Significant loss of passengers and revenue,Private bus operators — due to loss of passengers and revenue,,Always,Morning peak hours,"Yes, very frequently",More overcrowding; Increased pressure on KSRTC,Extra buses during peak hours; Special services for students and workers; Better coordination between KSRTC and private buses,
PS-TKT6LD,2026-09-19T05:32:15.533864+00:00,26–35,Female,Kozhikode,Semi-urban,Working,,Daily,Significantly reduced,Strongly agree,"Yes, regularly","Yes, significantly",Lower / zero travel cost,,No significant impact,Other regular KSRTC passengers — due to overcrowding and delays,,Rarely,Throughout the day,"Yes, sometimes",Positive improvements if the government acts,Other,
PS-ZFZMV9,2026-09-19T05:39:13.385650+00:00,Below 18,Female,Kannur,Urban,Student,,Daily,No reduction,Neutral,"Yes, occasionally",No change,Route availability,,Moderate loss of passengers and revenue,Private bus operators — due to loss of passengers and revenue,,Often,Evening peak hours,Rarely,Lower travel comfort,Better coordination between KSRTC and private buses; Other,
PS-1UCBN8,2026-09-19T05:42:19.102399+00:00,18–25,Female,Malappuram,Semi-urban,Student,,Rarely,Not applicable,Neutral,Not applicable,Not applicable,Lower / zero travel cost,,Significant loss of passengers and revenue,Other regular KSRTC passengers — due to overcrowding and delays,,Sometimes,Evening peak hours,Rarely,Lower travel comfort,Better coordination between KSRTC and private buses,
PS-75PRLW,2026-09-19T05:48:02.580091+00:00,18–25,Male,Kasaragod,Semi-urban,Student,,Several times a week,Moderately reduced,Agree,"Yes, regularly","Yes, significantly",Better access to education/work,,Significant loss of passengers and revenue,No one is significantly negatively affected,,Always,Both morning and evening peaks,Rarely,Continued challenges for private bus operators; More delays,Extra buses during peak hours,
PS-WXP52R,2026-09-19T05:50:16.787451+00:00,26–35,Male,Kozhikode,Rural,Student,,Occasionally,Moderately reduced,Strongly agree,"Yes, regularly",No change,Other,No change,Significant loss of passengers and revenue,Private bus operators — due to loss of passengers and revenue,,Always,Both morning and evening peaks,Rarely,More overcrowding; Increased pressure on KSRTC; Lower travel comfort; Other,Extra buses during peak hours; Special services for students and workers; Demand-based route planning; Better coordination between KSRTC and private buses; Other,
PS-GY8DIT,2026-09-19T05:53:31.904190+00:00,18–25,Female,Kannur,Semi-urban,Student,,Daily,Slightly reduced,Agree,"Yes, occasionally","Yes, to some extent",Scheme benefits,,Slight impact,Male passengers — due to increased overcrowding,,Never,Both morning and evening peaks,"Yes, sometimes",Increased pressure on KSRTC; More delays,Extra buses during peak hours; Smart pass / better verification,
PS-JDQSSY,2026-09-19T06:03:41.478428+00:00,36–45,Male,Kozhikode,Rural,Working,,Daily,No reduction,Agree,"Yes, regularly",No change,Route availability,,Moderate loss of passengers and revenue,No one is significantly negatively affected,,Often,Both morning and evening peaks,"Yes, sometimes",Continued challenges for private bus operators,Extra buses during peak hours; Demand-based route planning,
PS-U5DBP1,2026-09-19T06:28:19.551555+00:00,18–25,Female,Kollam,Rural,Working,,Daily,Slightly reduced,Disagree,Rarely,I still mainly use private buses,Lower / zero travel cost,,No significant impact,No one is significantly negatively affected,,Never,Throughout the day,"Yes, sometimes",More overcrowding; Positive improvements if the government acts,Special services for students and workers,
PS-1T80CG,2026-09-19T06:30:44.335660+00:00,26–35,Female,Malappuram,Rural,Student,,Daily,Slightly reduced,Agree,"Yes, regularly","Yes, to some extent",Lower / zero travel cost,,Moderate loss of passengers and revenue,Private bus operators — due to loss of passengers and revenue,,Never,Both morning and evening peaks,"Yes, sometimes",Increased pressure on KSRTC; More delays,Extra buses during peak hours; Demand-based route planning,
PS-XAK7BM,2026-09-19T06:42:43.656201+00:00,18–25,Male,Kannur,Rural,Student,,Rarely,Moderately reduced,Agree,Rarely,"Yes, to some extent",Route availability,,Significant loss of passengers and revenue,Private bus operators — due to loss of passengers and revenue,,Always,Throughout the day,"Yes, very frequently",More overcrowding; Greater passenger dissatisfaction; Continued challenges for private bus operators,Extra buses during peak hours; Better coordination between KSRTC and private buses,
PS-MXFCQB,2026-09-19T06:43:00.570240+00:00,18–25,Female,Kozhikode,Urban,Student,,Occasionally,Slightly reduced,Agree,Not applicable,"Yes, to some extent",Lower / zero travel cost,,Significant loss of passengers and revenue,Private bus operators — due to loss of passengers and revenue,,Often,Evening peak hours,"Yes, sometimes",More overcrowding; Increased pressure on KSRTC; Continued challenges for private bus operators; Lower travel comfort,Demand-based route planning,
PS-PCWX14,2026-09-19T06:44:07.461193+00:00,18–25,Female,Kozhikode,Rural,Student,,Rarely,Moderately reduced,Agree,"Yes, regularly","Yes, significantly",Lower / zero travel cost,,Significant loss of passengers and revenue,Private bus operators — due to loss of passengers and revenue,,Rarely,Morning peak hours,"Yes, sometimes",Lower travel comfort,Special services for students and workers; Better coordination between KSRTC and private buses; Smart pass / better verification,
PS-DBB6PX,2026-09-19T06:47:07.421297+00:00,26–35,Female,Malappuram,Semi-urban,Working,,Occasionally,Slightly reduced,Agree,Rarely,"Yes, to some extent",Scheme benefits,,No significant impact,Private bus operators — due to loss of passengers and revenue,,Always,Both morning and evening peaks,"Yes, sometimes",Continued challenges for private bus operators; Lower travel comfort,Extra buses during peak hours; Special services for students and workers,
PS-8LTOKE,2026-09-19T06:48:01.580620+00:00,18–25,Male,Malappuram,Semi-urban,Student,,Several times a week,Slightly reduced,Agree,"Yes, regularly","Yes, significantly",Scheme benefits,,Significant loss of passengers and revenue,Other regular KSRTC passengers — due to overcrowding and delays,,Always,Both morning and evening peaks,"Yes, very frequently",More overcrowding,Extra buses during peak hours; Demand-based route planning; Better coordination between KSRTC and private buses,
PS-CAD3QC,2026-09-19T06:51:04.360935+00:00,18–25,Female,Malappuram,Semi-urban,Student,,Several times a week,Slightly reduced,Agree,Rarely,"Yes, to some extent",Better reliability,,Slight impact,Other regular KSRTC passengers — due to overcrowding and delays,,Always,Throughout the day,"Yes, sometimes",Lower travel comfort; More delays,Special services for students and workers,
PS-CNFHFP,2026-09-19T06:57:17.327440+00:00,18–25,Female,Malappuram,Rural,Student,,Rarely,Significantly reduced,Strongly agree,"No, I mainly used KSRTC","Yes, significantly",Lower / zero travel cost,,Slight impact,Other regular KSRTC passengers — due to overcrowding and delays,,Always,Both morning and evening peaks,Rarely,More overcrowding; Increased pressure on KSRTC,Extra buses during peak hours; Smart pass / better verification,
PS-9T1WGE,2026-09-19T07:03:12.471960+00:00,46–55,Male,Thiruvananthapuram,Semi-urban,Working,,Occasionally,No reduction,Strongly agree,"No, I mainly used KSRTC",No change,Other,Safe travel for women commuters,Slight impact,Other,,Always,Both morning and evening peaks,"Yes, sometimes",More overcrowding; Increased pressure on KSRTC,Better coordination between KSRTC and private buses,
PS-SAPYZR,2026-09-19T07:05:06.978037+00:00,18–25,Male,Kollam,Semi-urban,Student,,Occasionally,No reduction,Disagree,"Yes, occasionally","Yes, to some extent",Better access to education/work,,Significant loss of passengers and revenue,Other regular KSRTC passengers — due to overcrowding and delays,,Always,Both morning and evening peaks,"Yes, very frequently",More overcrowding; Greater passenger dissatisfaction,Extra buses during peak hours; Better coordination between KSRTC and private buses; Smart pass / better verification,
PS-HCLJOY,2026-09-19T07:11:11.840800+00:00,26–35,Female,Malappuram,Semi-urban,Working,,Occasionally,Slightly reduced,Disagree,"Yes, occasionally","Yes, significantly",Scheme benefits,,Slight impact,Other regular KSRTC passengers — due to overcrowding and delays,,Always,Both morning and evening peaks,"Yes, very frequently",Increased pressure on KSRTC,Demand-based route planning,
PS-UJGVRF,2026-09-19T07:14:15.525007+00:00,18–25,Female,Pathanamthitta,Semi-urban,Student,,Rarely,No reduction,Agree,Rarely,Not applicable,Lower / zero travel cost,,No significant impact,Male passengers — due to increased overcrowding,,Rarely,Both morning and evening peaks,"Yes, very frequently",Lower travel comfort; More delays,Extra buses during peak hours; Better coordination between KSRTC and private buses,
PS-9JPD6A,2026-09-19T07:17:55.971774+00:00,18–25,Female,Wayanad,Urban,Student,,Rarely,Significantly reduced,Agree,"Yes, regularly","Yes, significantly",Route availability,,Moderate loss of passengers and revenue,Other regular KSRTC passengers — due to overcrowding and delays,,Sometimes,Evening peak hours,"Yes, very frequently",Lower travel comfort,Extra buses during peak hours; Better coordination between KSRTC and private buses; Smart pass / better verification,
PS-HNPRU2,2026-09-19T07:18:11.791283+00:00,18–25,Female,Wayanad,Semi-urban,Student,,Several times a week,Significantly reduced,Agree,"Yes, regularly","Yes, significantly",Better access to education/work,,Moderate loss of passengers and revenue,Private bus operators — due to loss of passengers and revenue,,Always,Both morning and evening peaks,"Yes, sometimes",More overcrowding; Continued challenges for private bus operators; Lower travel comfort,Special services for students and workers,
PS-9LG5PQ,2026-09-19T07:21:24.676163+00:00,18–25,Female,Kozhikode,Rural,Student,,Several times a week,Significantly reduced,Strongly agree,"Yes, regularly","Yes, significantly",Lower / zero travel cost,,Significant loss of passengers and revenue,Private bus operators — due to loss of passengers and revenue,,Always,Both morning and evening peaks,"Yes, very frequently",Increased pressure on KSRTC; Greater passenger dissatisfaction,Extra buses during peak hours; Special services for students and workers; Demand-based route planning; Better coordination between KSRTC and private buses,
PS-0BMX83,2026-09-19T07:22:25.214262+00:00,26–35,Male,Kasaragod,Semi-urban,Homemaker,,Occasionally,No reduction,Neutral,"Yes, occasionally",I still mainly use private buses,Better access to education/work,,Slight impact,Other regular KSRTC passengers — due to overcrowding and delays,,Sometimes,Both morning and evening peaks,"Yes, sometimes",Increased pressure on KSRTC,Extra buses during peak hours; Special services for students and workers; Demand-based route planning; Smart pass / better verification; Other,
PS-KRJ7Q7,2026-09-19T07:35:31.677708+00:00,18–25,Male,Kozhikode,Rural,Student,,Rarely,Slightly reduced,Neutral,"Yes, regularly","Yes, significantly",Route availability,,Moderate loss of passengers and revenue,Private bus operators — due to loss of passengers and revenue,,Always,Morning peak hours,"Yes, sometimes",More overcrowding,Special services for students and workers,
PS-N8P82U,2026-09-19T07:35:33.957993+00:00,18–25,Male,Palakkad,Urban,Working,,Daily,Moderately reduced,Agree,"Yes, occasionally",No change,Other,Iam always travelling through ksrtc before the priyadharshini scheme,Significant loss of passengers and revenue,Other regular KSRTC passengers — due to overcrowding and delays,,Always,Evening peak hours,Rarely,Increased pressure on KSRTC; More delays,Special services for students and workers; Better coordination between KSRTC and private buses,
PS-41GFKN,2026-09-19T07:45:11.224808+00:00,56 and above,Female,Kozhikode,Rural,Student,,Daily,Significantly reduced,Agree,"Yes, occasionally","Yes, significantly",Lower / zero travel cost,,Significant loss of passengers and revenue,Private bus operators — due to loss of passengers and revenue,,Always,Both morning and evening peaks,Rarely,More overcrowding; Increased pressure on KSRTC; Greater passenger dissatisfaction,Extra buses during peak hours; Demand-based route planning; Better coordination between KSRTC and private buses; Increase overall KSRTC fleet capacity,
PS-RIPA5J,2026-09-19T07:52:43.564813+00:00,18–25,Male,Kozhikode,Rural,Student,,Rarely,Not applicable,Strongly agree,Not applicable,No change,Better reliability,,Slight impact,KSRTC staff / conductors — due to increased passenger pressure,,Rarely,Evening peak hours,"Yes, sometimes",Lower travel comfort,Extra buses during peak hours; Better coordination between KSRTC and private buses,
PS-KCYLX4,2026-09-19T07:53:11.890672+00:00,18–25,Female,Pathanamthitta,Urban,Student,,Occasionally,No reduction,Disagree,Rarely,I did not use private buses previously,Lower / zero travel cost,,Significant loss of passengers and revenue,Private bus operators — due to loss of passengers and revenue,,Always,Both morning and evening peaks,"Yes, very frequently",Increased pressure on KSRTC,Extra buses during peak hours; Better coordination between KSRTC and private buses,
PS-3YVTAN,2026-09-19T07:54:59.211353+00:00,56 and above,Other / Prefer not to say,Kollam,Semi-urban,Student,,Several times a week,Significantly reduced,Strongly agree,"No, I mainly used KSRTC",No change,Better access to education/work,,Slight impact,Private bus operators — due to loss of passengers and revenue,,Always,Morning peak hours,"Yes, sometimes",More overcrowding; Greater passenger dissatisfaction; More delays,Extra buses during peak hours; Special services for students and workers,
PS-EN9LQT,2026-09-19T08:02:24.480354+00:00,18–25,Male,Thiruvananthapuram,Rural,Working,,Daily,No reduction,Neutral,"Yes, occasionally","Yes, significantly",Lower / zero travel cost,,Not sure,Private bus operators — due to loss of passengers and revenue,,Always,Evening peak hours,Rarely,Lower travel comfort,Special services for students and workers; Smart pass / better verification; Other,
PS-KMPONV,2026-09-19T08:03:02.258016+00:00,18–25,Female,Kozhikode,Semi-urban,Student,,Occasionally,Moderately reduced,Strongly agree,Rarely,I still mainly use private buses,Lower / zero travel cost,,Significant loss of passengers and revenue,Private bus operators — due to loss of passengers and revenue,,Always,Morning peak hours,"Yes, very frequently",More delays,Extra buses during peak hours; Special services for students and workers,
PS-PPQV7D,2026-09-19T08:05:34.330547+00:00,Below 18,Female,Kollam,Semi-urban,Student,,Rarely,Moderately reduced,Strongly agree,Not applicable,"Yes, to some extent",Lower / zero travel cost,,Significant loss of passengers and revenue,Private bus operators — due to loss of passengers and revenue,,Always,Both morning and evening peaks,"Yes, sometimes",More delays,Extra buses during peak hours; Better coordination between KSRTC and private buses; Smart pass / better verification,
PS-5TWL6E,2026-09-19T08:14:10.717153+00:00,18–25,Female,Kozhikode,Rural,Working,,Rarely,Slightly reduced,Strongly agree,"Yes, regularly",No change,Other,Iam always travelling through ksrtc before the priyadharshini scheme,Significant loss of passengers and revenue,Private bus operators — due to loss of passengers and revenue,,Rarely,Evening peak hours,"Yes, sometimes",Lower travel comfort,Demand-based route planning,
PS-OYCH6M,2026-09-19T08:18:01.286493+00:00,18–25,Male,Pathanamthitta,Urban,Student,,Occasionally,No reduction,Neutral,Rarely,No change,Other,Safe travel for women commuters,Moderate loss of passengers and revenue,Private bus operators — due to loss of passengers and revenue,,Often,Both morning and evening peaks,"Yes, sometimes",Lower travel comfort; More delays,Special services for students and workers; Demand-based route planning; Other,
PS-FY4DLN,2026-09-19T08:23:54.307759+00:00,18–25,Female,Kannur,Rural,Student,,Several times a week,Slightly reduced,Disagree,Rarely,I still mainly use private buses,Lower / zero travel cost,,Significant loss of passengers and revenue,Private bus operators — due to loss of passengers and revenue,,Always,Both morning and evening peaks,"Yes, sometimes",More overcrowding; Greater passenger dissatisfaction,Special services for students and workers,
PS-LRN4X2,2026-09-19T08:31:27.525928+00:00,26–35,Female,Kasaragod,Semi-urban,Student,,Rarely,No reduction,Disagree,Not applicable,I did not use private buses previously,Lower / zero travel cost,,Significant loss of passengers and revenue,Private bus operators — due to loss of passengers and revenue,,Always,Both morning and evening peaks,"Yes, very frequently",Continued challenges for private bus operators,Extra buses during peak hours; Special services for students and workers,
PS-G8JDOH,2026-09-19T08:41:12.876077+00:00,18–25,Male,Wayanad,Semi-urban,Student,,Occasionally,Not applicable,Strongly disagree,"Yes, regularly",Not applicable,Better access to education/work,,Significant loss of passengers and revenue,Private bus operators — due to loss of passengers and revenue,,Often,Both morning and evening peaks,Never,More overcrowding,Extra buses during peak hours,
PS-4FC6CM,2026-09-19T08:47:21.716064+00:00,18–25,Female,Kannur,Rural,Student,,Daily,Significantly reduced,Neutral,"No, I mainly used KSRTC","Yes, to some extent",Route availability,,No significant impact,Other regular KSRTC passengers — due to overcrowding and delays,,Often,Evening peak hours,Rarely,More overcrowding; Continued challenges for private bus operators; Lower travel comfort; More delays,Extra buses during peak hours; Special services for students and workers; Better coordination between KSRTC and private buses,
PS-8RE5GD,2026-09-19T08:59:09.823618+00:00,56 and above,Other / Prefer not to say,Kozhikode,Semi-urban,Working,,Occasionally,Slightly reduced,Agree,Rarely,Not applicable,Other,No change,Significant loss of passengers and revenue,KSRTC staff / conductors — due to increased passenger pressure,,Always,Both morning and evening peaks,"Yes, sometimes",Greater passenger dissatisfaction; Lower travel comfort,Extra buses during peak hours; Demand-based route planning,
PS-ZXL44M,2026-09-19T09:04:11.422688+00:00,26–35,Female,Malappuram,Rural,Working,,Several times a week,Significantly reduced,Neutral,"Yes, occasionally",No change,Lower / zero travel cost,,Not sure,Other,,Always,Morning peak hours,"Yes, very frequently",More overcrowding; Increased pressure on KSRTC; Lower travel comfort; More delays,Other,
PS-MEUZ22,2026-09-19T09:04:19.436554+00:00,18–25,Male,Kozhikode,Semi-urban,Student,,Rarely,Not applicable,Agree,"Yes, regularly",No change,Lower / zero travel cost,,Moderate loss of passengers and revenue,Private bus operators — due to loss of passengers and revenue,,Always,Both morning and evening peaks,"Yes, very frequently",Greater passenger dissatisfaction; Lower travel comfort,Special services for students and workers,
PS-WPS172,2026-09-19T09:14:42.752280+00:00,18–25,Male,Malappuram,Semi-urban,Student,,Several times a week,Moderately reduced,Neutral,"Yes, regularly",No change,Route availability,,Significant loss of passengers and revenue,Private bus operators — due to loss of passengers and revenue,,Always,Morning peak hours,"Yes, very frequently",Increased pressure on KSRTC; Lower travel comfort; More delays,Demand-based route planning; Better coordination between KSRTC and private buses; Increase overall KSRTC fleet capacity,
PS-SH61R7,2026-09-19T09:31:44.128484+00:00,18–25,Female,Kasaragod,Semi-urban,Student,,Occasionally,Slightly reduced,Neutral,"Yes, regularly","Yes, to some extent",Route availability,,Moderate loss of passengers and revenue,Private bus operators — due to loss of passengers and revenue,,Always,Throughout the day,"Yes, very frequently",Increased pressure on KSRTC; Continued challenges for private bus operators; Lower travel comfort; More delays,Special services for students and workers; Demand-based route planning; Smart pass / better verification,
PS-I95Q3J,2026-09-19T09:32:31.353002+00:00,26–35,Female,Malappuram,Rural,Working,,Daily,Significantly reduced,Agree,"No, I mainly used KSRTC",I still mainly use private buses,Other,Not applicable,Moderate loss of passengers and revenue,Private bus operators — due to loss of passengers and revenue,,Often,Morning peak hours,"Yes, sometimes",Increased pressure on KSRTC,Extra buses during peak hours,
PS-NZKJUM,2026-09-19T09:33:39.511109+00:00,18–25,Female,Kozhikode,Rural,Student,,Daily,Slightly reduced,Agree,Rarely,"Yes, significantly",Lower / zero travel cost,,Significant loss of passengers and revenue,Other regular KSRTC passengers — due to overcrowding and delays,,Always,Evening peak hours,"Yes, very frequently",More overcrowding; Increased pressure on KSRTC,Extra buses during peak hours; Special services for students and workers; Better coordination between KSRTC and private buses,
PS-OO503A,2026-09-19T09:38:20.664991+00:00,18–25,Female,Malappuram,Rural,Student,,Occasionally,No reduction,Strongly disagree,Not applicable,No change,Lower / zero travel cost,,Moderate loss of passengers and revenue,Private bus operators — due to loss of passengers and revenue,,Often,Morning peak hours,"Yes, sometimes",Continued challenges for private bus operators; Lower travel comfort; Positive improvements if the government acts,Extra buses during peak hours; Special services for students and workers,
PS-BXQM68,2026-09-19T09:43:52.528247+00:00,26–35,Female,Kannur,Rural,Working,,Rarely,No reduction,Neutral,Not applicable,No change,Scheme benefits,,Slight impact,Other regular KSRTC passengers — due to overcrowding and delays,,Rarely,Evening peak hours,"Yes, sometimes",Lower travel comfort,Special services for students and workers,
PS-VRR7V7,2026-09-19T09:45:46.270726+00:00,46–55,Male,Malappuram,Semi-urban,Student,,Several times a week,No reduction,Strongly agree,Rarely,Not applicable,Other,Not applicable,Significant loss of passengers and revenue,Private bus operators — due to loss of passengers and revenue,,Rarely,Both morning and evening peaks,"Yes, very frequently",Lower travel comfort,Special services for students and workers; Better coordination between KSRTC and private buses,
PS-BHF3AU,2026-09-19T09:46:47.757644+00:00,18–25,Male,Kasaragod,Urban,Student,,Occasionally,No reduction,Disagree,Rarely,I did not use private buses previously,Better reliability,,Slight impact,Other regular KSRTC passengers — due to overcrowding and delays,,Always,Evening peak hours,Never,More overcrowding; Lower travel comfort,Special services for students and workers,
PS-03U0ZB,2026-09-19T09:59:05.667391+00:00,26–35,Male,Kasaragod,Semi-urban,Self-employed,,Rarely,Moderately reduced,Strongly agree,Rarely,"Yes, to some extent",Route availability,,Moderate loss of passengers and revenue,Other regular KSRTC passengers — due to overcrowding and delays,,Always,Evening peak hours,Rarely,More overcrowding; Lower travel comfort; More delays,Special services for students and workers; Increase overall KSRTC fleet capacity,
PS-7UFK49,2026-09-19T10:04:30.705366+00:00,18–25,Male,Kasaragod,Rural,Student,,Rarely,Significantly reduced,Strongly agree,"Yes, occasionally",No change,Route availability,,Significant loss of passengers and revenue,Male passengers — due to increased overcrowding,,Sometimes,Throughout the day,"Yes, very frequently",More overcrowding; Continued challenges for private bus operators,Special services for students and workers,
PS-00W196,2026-09-19T10:10:03.774703+00:00,36–45,Male,Kasaragod,Urban,Student,,Occasionally,Not applicable,Agree,Rarely,"Yes, significantly",Lower / zero travel cost,,Significant loss of passengers and revenue,Private bus operators — due to loss of passengers and revenue,,Often,Evening peak hours,"Yes, sometimes",More overcrowding; Greater passenger dissatisfaction,Extra buses during peak hours; Special services for students and workers; Demand-based route planning; Better coordination between KSRTC and private buses; Increase overall KSRTC fleet capacity,
PS-JC5LHS,2026-09-19T10:10:58.224536+00:00,18–25,Male,Pathanamthitta,Semi-urban,Student,,Occasionally,Slightly reduced,Agree,"Yes, occasionally",I still mainly use private buses,Lower / zero travel cost,,Significant loss of passengers and revenue,Private bus operators — due to loss of passengers and revenue,,Often,Both morning and evening peaks,Rarely,More overcrowding; Lower travel comfort,Special services for students and workers; Increase overall KSRTC fleet capacity; Other,
PS-NHYCMI,2026-09-19T10:17:42.660322+00:00,18–25,Female,Kasaragod,Urban,Self-employed,,Daily,Slightly reduced,Agree,Rarely,"Yes, to some extent",Better access to education/work,,Not sure,Private bus operators — due to loss of passengers and revenue,,Always,Evening peak hours,"Yes, sometimes",Lower travel comfort; More delays,Special services for students and workers; Demand-based route planning; Smart pass / better verification,
PS-EX3IR6,2026-09-19T10:18:47.191385+00:00,26–35,Male,Wayanad,Semi-urban,Working,,Daily,No reduction,Agree,Rarely,No change,Better reliability,,Moderate loss of passengers and revenue,Private bus operators — due to loss of passengers and revenue,,Always,Throughout the day,"Yes, very frequently",More overcrowding,Extra buses during peak hours; Demand-based route planning; Better coordination between KSRTC and private buses; Increase overall KSRTC fleet capacity,
PS-U7YWCI,2026-09-19T10:20:03.414814+00:00,18–25,Male,Wayanad,Rural,Other,Daily wage earner,Daily,Not applicable,Strongly disagree,"Yes, occasionally","Yes, to some extent",Other,No change,Slight impact,KSRTC staff / conductors — due to increased passenger pressure,,Often,Both morning and evening peaks,Rarely,Increased pressure on KSRTC,Extra buses during peak hours; Demand-based route planning,
PS-F5IJI9,2026-09-19T10:21:52.368359+00:00,18–25,Female,Malappuram,Rural,Student,,Daily,Moderately reduced,Agree,"No, I mainly used KSRTC","Yes, significantly",Better reliability,,Significant loss of passengers and revenue,Private bus operators — due to loss of passengers and revenue,,Always,Both morning and evening peaks,"Yes, sometimes",More overcrowding; More delays,Special services for students and workers,
PS-R1G5XE,2026-09-19T10:37:48.904831+00:00,18–25,Female,Kannur,Semi-urban,Student,,Daily,Slightly reduced,Disagree,"No, I mainly used KSRTC","Yes, to some extent",Route availability,,Moderate loss of passengers and revenue,Private bus operators — due to loss of passengers and revenue,,Never,Morning peak hours,Never,Increased pressure on KSRTC,Extra buses during peak hours; Better coordination between KSRTC and private buses,
PS-COC7EQ,2026-09-19T10:37:52.535093+00:00,18–25,Female,Kozhikode,Rural,Working,,Rarely,Not applicable,Neutral,Rarely,Not applicable,Scheme benefits,,Significant loss of passengers and revenue,Private bus operators — due to loss of passengers and revenue,,Often,Both morning and evening peaks,Rarely,More overcrowding; Lower travel comfort,Extra buses during peak hours; Special services for students and workers; Demand-based route planning; Better coordination between KSRTC and private buses,
PS-EGR7R4,2026-09-19T10:39:19.633431+00:00,18–25,Female,Malappuram,Rural,Student,,Occasionally,Significantly reduced,Agree,"Yes, regularly","Yes, significantly",Better access to education/work,,Significant loss of passengers and revenue,Private bus operators — due to loss of passengers and revenue,,Always,Both morning and evening peaks,"Yes, very frequently",More overcrowding,Extra buses during peak hours; Special services for students and workers,
PS-C1P2QU,2026-09-19T10:46:05.425683+00:00,18–25,Male,Kollam,Semi-urban,Student,,Several times a week,No reduction,Neutral,"Yes, regularly",No change,Other,Direct bus route available without changing buses,Moderate loss of passengers and revenue,Private bus operators — due to loss of passengers and revenue,,Always,Both morning and evening peaks,"Yes, sometimes",More overcrowding; Lower travel comfort; More delays,Extra buses during peak hours; Demand-based route planning,
PS-UHWA1P,2026-09-19T10:54:48.910479+00:00,18–25,Female,Kannur,Semi-urban,Student,,Occasionally,Not applicable,Agree,"No, I mainly used KSRTC",I did not use private buses previously,Scheme benefits,,Not sure,Other regular KSRTC passengers — due to overcrowding and delays,,Always,Morning peak hours,"Yes, very frequently",More overcrowding,Extra buses during peak hours; Special services for students and workers; Demand-based route planning,
PS-4EANZA,2026-09-19T11:05:25.586352+00:00,18–25,Female,Malappuram,Semi-urban,Student,,Occasionally,Significantly reduced,Strongly agree,"Yes, regularly","Yes, significantly",Lower / zero travel cost,,Moderate loss of passengers and revenue,Other,,Always,Both morning and evening peaks,"Yes, sometimes",Increased pressure on KSRTC; Greater passenger dissatisfaction; More delays,Extra buses during peak hours; Special services for students and workers; Demand-based route planning,
PS-T3CHFK,2026-09-19T11:06:48.829242+00:00,18–25,Male,Thiruvananthapuram,Rural,Working,,Occasionally,No reduction,Disagree,"Yes, regularly",No change,Route availability,,Significant loss of passengers and revenue,Other regular KSRTC passengers — due to overcrowding and delays,,Often,Both morning and evening peaks,"Yes, sometimes",Continued challenges for private bus operators; Lower travel comfort; More delays,Demand-based route planning,
PS-Q5LYOF,2026-09-19T11:13:44.292831+00:00,18–25,Female,Malappuram,Rural,Student,,Daily,Slightly reduced,Neutral,"Yes, occasionally","Yes, to some extent",Better reliability,,Significant loss of passengers and revenue,Private bus operators — due to loss of passengers and revenue,,Always,Evening peak hours,"Yes, sometimes",Lower travel comfort,Extra buses during peak hours; Demand-based route planning; Smart pass / better verification,
PS-CASY8C,2026-09-19T11:14:11.550860+00:00,56 and above,Female,Kannur,Semi-urban,Student,,Several times a week,Slightly reduced,Neutral,"Yes, regularly",I still mainly use private buses,Lower / zero travel cost,,Significant loss of passengers and revenue,Private bus operators — due to loss of passengers and revenue,,Always,Throughout the day,"Yes, very frequently",Continued challenges for private bus operators,Increase overall KSRTC fleet capacity; Other,
PS-T16S01,2026-09-19T11:16:04.812898+00:00,18–25,Female,Malappuram,Urban,Student,,Daily,Significantly reduced,Strongly agree,"Yes, occasionally","Yes, significantly",Lower / zero travel cost,,Significant loss of passengers and revenue,Private bus operators — due to loss of passengers and revenue,,Sometimes,Throughout the day,Rarely,Lower travel comfort,Extra buses during peak hours; Special services for students and workers,
PS-H8SJ3J,2026-09-19T11:25:28.328377+00:00,18–25,Male,Kasaragod,Semi-urban,Student,,Several times a week,Not applicable,Strongly agree,Rarely,Not applicable,Route availability,,Moderate loss of passengers and revenue,Private bus operators — due to loss of passengers and revenue,,Always,Both morning and evening peaks,Rarely,More overcrowding; Greater passenger dissatisfaction; Positive improvements if the government acts,Special services for students and workers,
PS-7SM1XX,2026-09-19T11:37:08.148354+00:00,18–25,Male,Kasaragod,Urban,Student,,Several times a week,Significantly reduced,Strongly agree,Rarely,Not applicable,Better reliability,,No significant impact,Other regular KSRTC passengers — due to overcrowding and delays,,Always,Throughout the day,"Yes, very frequently",More overcrowding; More delays; Other,Special services for students and workers; Smart pass / better verification,
PS-QT2RHJ,2026-09-19T11:38:50.893996+00:00,Below 18,Female,Wayanad,Semi-urban,Student,,Occasionally,Moderately reduced,Agree,"Yes, occasionally","Yes, to some extent",Scheme benefits,,Moderate loss of passengers and revenue,Private bus operators — due to loss of passengers and revenue,,Often,Both morning and evening peaks,"Yes, very frequently",Lower travel comfort; More delays,Extra buses during peak hours; Demand-based route planning,
PS-GV3O4E,2026-09-19T11:47:56.728944+00:00,18–25,Male,Kasaragod,Semi-urban,Other,Self-study,Rarely,Slightly reduced,Disagree,"Yes, occasionally",No change,Lower / zero travel cost,,Significant loss of passengers and revenue,Male passengers — due to increased overcrowding,,Sometimes,Morning peak hours,"Yes, very frequently",More overcrowding; Increased pressure on KSRTC; Lower travel comfort; Positive improvements if the government acts,Special services for students and workers; Demand-based route planning; Better coordination between KSRTC and private buses,
PS-73ZRAR,2026-09-19T11:49:30.347197+00:00,18–25,Female,Kasaragod,Rural,Student,,Several times a week,Significantly reduced,Strongly agree,"Yes, occasionally","Yes, significantly",Scheme benefits,,Significant loss of passengers and revenue,Male passengers — due to increased overcrowding,,Always,Both morning and evening peaks,"Yes, very frequently",More overcrowding; Increased pressure on KSRTC; Continued challenges for private bus operators,Extra buses during peak hours; Demand-based route planning; Better coordination between KSRTC and private buses,
PS-ZMTDPX,2026-09-19T11:51:36.846204+00:00,18–25,Male,Ernakulam,Urban,Student,,Occasionally,Not applicable,Strongly agree,"Yes, regularly",No change,Other,Safe travel for women commuters,Slight impact,Male passengers — due to increased overcrowding,,Never,Both morning and evening peaks,"Yes, very frequently",Increased pressure on KSRTC; Lower travel comfort,Extra buses during peak hours,
PS-LWAM4E,2026-09-19T12:00:51.557501+00:00,18–25,Male,Wayanad,Semi-urban,Student,,Rarely,Not applicable,Agree,"Yes, regularly","Yes, to some extent",Better reliability,,Moderate loss of passengers and revenue,Private bus operators — due to loss of passengers and revenue,,Rarely,Evening peak hours,"Yes, sometimes",Continued challenges for private bus operators; More delays,Demand-based route planning,
PS-QEDRYT,2026-09-19T12:02:43.627332+00:00,18–25,Male,Pathanamthitta,Semi-urban,Working,,Daily,Not applicable,Disagree,"Yes, regularly",Not applicable,Other,No change,Significant loss of passengers and revenue,Male passengers — due to increased overcrowding,,Always,Both morning and evening peaks,"Yes, very frequently",Increased pressure on KSRTC; Lower travel comfort,Special services for students and workers; Better coordination between KSRTC and private buses,
PS-9QN1GM,2026-09-19T12:17:05.458652+00:00,46–55,Female,Malappuram,Rural,Self-employed,,Daily,Slightly reduced,Neutral,"Yes, regularly","Yes, to some extent",Better access to education/work,,Significant loss of passengers and revenue,Private bus operators — due to loss of passengers and revenue,,Often,Morning peak hours,"Yes, sometimes",More delays,Increase overall KSRTC fleet capacity,
PS-WI1Y2E,2026-09-19T12:21:22.330827+00:00,Below 18,Male,Pathanamthitta,Semi-urban,Student,,Occasionally,Moderately reduced,Disagree,"Yes, regularly",I still mainly use private buses,Better reliability,,Significant loss of passengers and revenue,No one is significantly negatively affected,,Sometimes,Both morning and evening peaks,Rarely,Lower travel comfort; More delays,Extra buses during peak hours; Special services for students and workers; Demand-based route planning; Better coordination between KSRTC and private buses,
PS-3JCWU4,2026-09-19T12:27:34.500303+00:00,18–25,Male,Kannur,Rural,Student,,Rarely,No reduction,Disagree,Not applicable,Not applicable,Better access to education/work,,Slight impact,Male passengers — due to increased overcrowding,,Sometimes,Evening peak hours,"Yes, sometimes",Increased pressure on KSRTC; Greater passenger dissatisfaction,Special services for students and workers,
PS-RNG3TS,2026-09-19T12:30:03.612613+00:00,18–25,Female,Kozhikode,Semi-urban,Student,,Several times a week,Significantly reduced,Disagree,Rarely,I still mainly use private buses,Better reliability,,No significant impact,Private bus operators — due to loss of passengers and revenue,,Always,Both morning and evening peaks,"Yes, very frequently",Increased pressure on KSRTC; More delays,Special services for students and workers,
PS-KX96CF,2026-09-19T12:39:11.789416+00:00,Below 18,Male,Kollam,Rural,Homemaker,,Daily,Significantly reduced,Strongly agree,"Yes, occasionally",I did not use private buses previously,Lower / zero travel cost,,Moderate loss of passengers and revenue,Private bus operators — due to loss of passengers and revenue,,Always,Both morning and evening peaks,"Yes, sometimes",More overcrowding,Extra buses during peak hours; Demand-based route planning; Smart pass / better verification,
PS-YZC6NX,2026-09-19T12:41:10.314367+00:00,18–25,Female,Kannur,Urban,Student,,Rarely,Moderately reduced,Strongly disagree,"Yes, regularly",No change,Route availability,,Significant loss of passengers and revenue,Other regular KSRTC passengers — due to overcrowding and delays,,Sometimes,Throughout the day,"Yes, very frequently",Increased pressure on KSRTC; Lower travel comfort,Special services for students and workers,
PS-T3MVGF,2026-09-19T12:42:25.726871+00:00,18–25,Male,Kozhikode,Rural,Student,,Daily,Not applicable,Neutral,"Yes, occasionally",Not applicable,Other,Not applicable,Not sure,Other,,Always,Evening peak hours,Never,More overcrowding; Lower travel comfort; More delays,Special services for students and workers,
PS-VZHWIH,2026-09-19T12:48:01.844771+00:00,18–25,Female,Wayanad,Rural,Student,,Occasionally,No reduction,Agree,"Yes, regularly",No change,Better access to education/work,,Moderate loss of passengers and revenue,Private bus operators — due to loss of passengers and revenue,,Always,Throughout the day,"Yes, sometimes",More overcrowding; Lower travel comfort,Extra buses during peak hours; Better coordination between KSRTC and private buses,
PS-19SI8M,2026-09-19T12:49:23.906789+00:00,18–25,Male,Kannur,Semi-urban,Working,,Occasionally,No reduction,Agree,Not applicable,Not applicable,Other,Safe travel for women commuters,No significant impact,Other regular KSRTC passengers — due to overcrowding and delays,,Often,Both morning and evening peaks,Rarely,Greater passenger dissatisfaction,Extra buses during peak hours; Special services for students and workers,
PS-JYA6XD,2026-09-19T12:52:12.825490+00:00,18–25,Female,Kollam,Semi-urban,Student,,Occasionally,Slightly reduced,Agree,Rarely,"Yes, to some extent",Lower / zero travel cost,,No significant impact,Other regular KSRTC passengers — due to overcrowding and delays,,Always,Both morning and evening peaks,Rarely,Lower travel comfort; More delays,Extra buses during peak hours; Better coordination between KSRTC and private buses; Increase overall KSRTC fleet capacity,
PS-DOTIS7,2026-09-19T12:54:56.521056+00:00,26–35,Female,Kasaragod,Rural,Working,,Daily,Moderately reduced,Neutral,"Yes, regularly","Yes, significantly",Scheme benefits,,Significant loss of passengers and revenue,Private bus operators — due to loss of passengers and revenue,,Always,Both morning and evening peaks,Rarely,More overcrowding; Increased pressure on KSRTC; Continued challenges for private bus operators; More delays,Extra buses during peak hours,
PS-QVYBLH,2026-09-19T12:56:49.147960+00:00,Below 18,Female,Kasaragod,Rural,Student,,Rarely,Not applicable,Neutral,Not applicable,No change,Route availability,,Moderate loss of passengers and revenue,Private bus operators — due to loss of passengers and revenue,,Sometimes,Evening peak hours,Rarely,Increased pressure on KSRTC,Better coordination between KSRTC and private buses,
PS-UKDH4U,2026-09-19T12:57:22.100999+00:00,Below 18,Female,Wayanad,Semi-urban,Student,,Several times a week,Moderately reduced,Agree,Rarely,No change,Lower / zero travel cost,,Significant loss of passengers and revenue,Other regular KSRTC passengers — due to overcrowding and delays,,Always,Both morning and evening peaks,"Yes, very frequently",More overcrowding; Increased pressure on KSRTC,Extra buses during peak hours; Demand-based route planning,
PS-HG0RJY,2026-09-19T13:04:53.589957+00:00,18–25,Female,Kozhikode,Rural,Student,,Rarely,No reduction,Neutral,Rarely,Not applicable,Lower / zero travel cost,,Significant loss of passengers and revenue,Private bus operators — due to loss of passengers and revenue,,Always,Evening peak hours,Never,Increased pressure on KSRTC,Extra buses during peak hours,
PS-5S3068,2026-09-19T13:04:55.368482+00:00,18–25,Female,Kozhikode,Urban,Student,,Rarely,Significantly reduced,Strongly agree,Rarely,I still mainly use private buses,Other,Safe travel for women commuters,Significant loss of passengers and revenue,Private bus operators — due to loss of passengers and revenue,,Always,Both morning and evening peaks,"Yes, sometimes",Greater passenger dissatisfaction,Extra buses during peak hours; Special services for students and workers; Demand-based route planning; Better coordination between KSRTC and private buses,
PS-YAUBOY,2026-09-19T13:05:18.315034+00:00,Below 18,Female,Malappuram,Urban,Student,,Rarely,Significantly reduced,Agree,"Yes, regularly","Yes, significantly",Better access to education/work,,Slight impact,Other,,Rarely,Both morning and evening peaks,Never,Greater passenger dissatisfaction; Lower travel comfort; Positive improvements if the government acts,Extra buses during peak hours; Demand-based route planning; Better coordination between KSRTC and private buses,
PS-K8LNB3,2026-09-19T13:11:48.658100+00:00,36–45,Male,Kannur,Semi-urban,Self-employed,,Several times a week,No reduction,Disagree,Rarely,No change,Better access to education/work,,Moderate loss of passengers and revenue,Private bus operators — due to loss of passengers and revenue,,Always,Both morning and evening peaks,"Yes, very frequently",Lower travel comfort,Special services for students and workers; Demand-based route planning,
PS-47Z7AW,2026-09-19T13:12:47.848877+00:00,18–25,Female,Kozhikode,Rural,Student,,Rarely,Significantly reduced,Strongly disagree,Rarely,"Yes, to some extent",Better access to education/work,,Slight impact,Private bus operators — due to loss of passengers and revenue,,Often,Evening peak hours,"Yes, sometimes",More overcrowding,Smart pass / better verification,
PS-LOFZ6F,2026-09-19T13:13:18.104893+00:00,Below 18,Female,Kozhikode,Semi-urban,Student,,Occasionally,Significantly reduced,Agree,"No, I mainly used KSRTC","Yes, significantly",Better access to education/work,,Significant loss of passengers and revenue,Private bus operators — due to loss of passengers and revenue,,Often,Evening peak hours,"Yes, sometimes",More overcrowding; Increased pressure on KSRTC; Continued challenges for private bus operators; Lower travel comfort,Demand-based route planning; Smart pass / better verification,
PS-TI0COL,2026-09-19T13:15:55.318680+00:00,46–55,Female,Malappuram,Rural,Student,,Several times a week,Significantly reduced,Strongly agree,"Yes, regularly","Yes, significantly",Lower / zero travel cost,,Significant loss of passengers and revenue,Male passengers — due to increased overcrowding,,Sometimes,Evening peak hours,"Yes, sometimes",More overcrowding; Increased pressure on KSRTC; More delays,Extra buses during peak hours; Special services for students and workers; Demand-based route planning,
PS-B4PLJ2,2026-09-19T13:17:04.240342+00:00,18–25,Male,Wayanad,Rural,Homemaker,,Rarely,Slightly reduced,Disagree,Rarely,No change,Other,Not applicable,Significant loss of passengers and revenue,Other regular KSRTC passengers — due to overcrowding and delays,,Always,Both morning and evening peaks,Rarely,Continued challenges for private bus operators; More delays,Demand-based route planning; Smart pass / better verification,
PS-VW65ZD,2026-09-19T13:28:30.244385+00:00,18–25,Male,Pathanamthitta,Semi-urban,Student,,Occasionally,Significantly reduced,Strongly agree,"Yes, occasionally",No change,Better reliability,,Significant loss of passengers and revenue,Private bus operators — due to loss of passengers and revenue,,Often,Both morning and evening peaks,"Yes, sometimes",Greater passenger dissatisfaction; Lower travel comfort,Extra buses during peak hours; Better coordination between KSRTC and private buses,
PS-4C5BMX,2026-09-19T13:36:10.677839+00:00,18–25,Male,Kozhikode,Urban,Student,,Occasionally,No reduction,Neutral,"Yes, regularly","Yes, significantly",Other,No change,Slight impact,Male passengers — due to increased overcrowding,,Always,Throughout the day,"Yes, very frequently",More overcrowding; Increased pressure on KSRTC,Extra buses during peak hours; Special services for students and workers,
PS-Y2RN5T,2026-09-19T13:40:47.388277+00:00,18–25,Female,Palakkad,Rural,Student,,Several times a week,Moderately reduced,Neutral,Rarely,Not applicable,Lower / zero travel cost,,Slight impact,KSRTC staff / conductors — due to increased passenger pressure,,Always,Throughout the day,Rarely,More overcrowding; Greater passenger dissatisfaction; Lower travel comfort,Special services for students and workers; Demand-based route planning,
PS-TXCNM5,2026-09-19T13:42:04.432940+00:00,18–25,Male,Kasaragod,Rural,Student,,Daily,Slightly reduced,Neutral,"Yes, regularly",No change,Lower / zero travel cost,,Moderate loss of passengers and revenue,Private bus operators — due to loss of passengers and revenue,,Always,Evening peak hours,"Yes, sometimes",More overcrowding; Lower travel comfort; Positive improvements if the government acts,Extra buses during peak hours; Special services for students and workers; Smart pass / better verification,
PS-72HGAV,2026-09-19T13:42:35.200440+00:00,26–35,Female,Kannur,Semi-urban,Student,,Several times a week,Not applicable,Strongly disagree,"Yes, regularly",No change,Better access to education/work,,Moderate loss of passengers and revenue,Other regular KSRTC passengers — due to overcrowding and delays,,Always,Both morning and evening peaks,"Yes, sometimes",Continued challenges for private bus operators,Extra buses during peak hours; Special services for students and workers,
PS-0P976I,2026-09-19T13:48:45.561679+00:00,18–25,Female,Kasaragod,Rural,Student,,Daily,Not applicable,Neutral,"Yes, occasionally",No change,Better access to education/work,,Significant loss of passengers and revenue,Private bus operators — due to loss of passengers and revenue,,Often,Evening peak hours,Rarely,Increased pressure on KSRTC; Lower travel comfort,Extra buses during peak hours; Smart pass / better verification; Increase overall KSRTC fleet capacity,
PS-L2KBAI,2026-09-19T13:53:18.402666+00:00,18–25,Female,Kottayam,Rural,Student,,Several times a week,Slightly reduced,Agree,Rarely,"Yes, to some extent",Lower / zero travel cost,,Slight impact,Other regular KSRTC passengers — due to overcrowding and delays,,Always,Both morning and evening peaks,"Yes, very frequently",More overcrowding; Lower travel comfort; More delays,Extra buses during peak hours; Better coordination between KSRTC and private buses,
PS-PY8VZM,2026-09-19T13:59:06.653967+00:00,18–25,Male,Kozhikode,Urban,Student,,Occasionally,No reduction,Disagree,"Yes, regularly",No change,Lower / zero travel cost,,No significant impact,Private bus operators — due to loss of passengers and revenue,,Always,Throughout the day,"Yes, sometimes",More overcrowding; More delays,Special services for students and workers; Better coordination between KSRTC and private buses; Other,
PS-S9I48A,2026-09-19T14:03:03.245993+00:00,18–25,Female,Malappuram,Semi-urban,Student,,Occasionally,Significantly reduced,Strongly agree,"Yes, regularly","Yes, significantly",Lower / zero travel cost,,Significant loss of passengers and revenue,Private bus operators — due to loss of passengers and revenue,,Always,Throughout the day,"Yes, sometimes",More overcrowding; Increased pressure on KSRTC,Extra buses during peak hours; Special services for students and workers,
PS-32TTZL,2026-09-19T14:04:42.120784+00:00,Below 18,Female,Wayanad,Semi-urban,Student,,Several times a week,Slightly reduced,Neutral,Rarely,Not applicable,Other,Direct bus route available without changing buses,Significant loss of passengers and revenue,Private bus operators — due to loss of passengers and revenue,,Always,Morning peak hours,"Yes, sometimes",More overcrowding; Greater passenger dissatisfaction; Lower travel comfort,Extra buses during peak hours; Increase overall KSRTC fleet capacity,
PS-BBYZD1,2026-09-19T14:09:29.546187+00:00,18–25,Male,Kozhikode,Rural,Working,,Occasionally,Not applicable,Agree,Rarely,Not applicable,Other,Safe travel for women commuters,Significant loss of passengers and revenue,Private bus operators — due to loss of passengers and revenue,,Always,Both morning and evening peaks,"Yes, very frequently",More overcrowding; Increased pressure on KSRTC; Continued challenges for private bus operators; Lower travel comfort,Demand-based route planning; Better coordination between KSRTC and private buses,
PS-UEWAZL,2026-09-19T14:13:48.637764+00:00,18–25,Male,Kozhikode,Semi-urban,Student,,Occasionally,No reduction,Agree,"Yes, regularly","Yes, significantly",Lower / zero travel cost,,Significant loss of passengers and revenue,Private bus operators — due to loss of passengers and revenue,,Always,Throughout the day,"Yes, very frequently",Greater passenger dissatisfaction; Positive improvements if the government acts,Special services for students and workers,
PS-RQ1FXB,2026-09-19T14:34:40.172920+00:00,26–35,Female,Kannur,Semi-urban,Student,,Daily,Moderately reduced,Neutral,"Yes, regularly","Yes, to some extent",Better reliability,,Not sure,Other,,Always,Both morning and evening peaks,"Yes, very frequently",More overcrowding; Increased pressure on KSRTC; Continued challenges for private bus operators; Lower travel comfort; More delays,Extra buses during peak hours; Special services for students and workers; Better coordination between KSRTC and private buses,
PS-LSNLJ1,2026-09-19T14:35:41.539659+00:00,18–25,Female,Kannur,Rural,Self-employed,,Daily,Not applicable,Agree,"Yes, regularly","Yes, significantly",Lower / zero travel cost,,Slight impact,Male passengers — due to increased overcrowding,,Never,Throughout the day,"Yes, sometimes",More delays,Extra buses during peak hours,
PS-SKZEL5,2026-09-19T14:36:31.968130+00:00,18–25,Male,Kozhikode,Rural,Student,,Occasionally,Significantly reduced,Strongly agree,Rarely,I did not use private buses previously,Route availability,,Significant loss of passengers and revenue,Private bus operators — due to loss of passengers and revenue,,Always,Both morning and evening peaks,"Yes, very frequently",Continued challenges for private bus operators; Lower travel comfort; Positive improvements if the government acts,Extra buses during peak hours; Special services for students and workers; Better coordination between KSRTC and private buses; Other,
PS-U6XF3G,2026-09-19T14:42:58.786610+00:00,18–25,Female,Kozhikode,Urban,Student,,Rarely,Significantly reduced,Strongly agree,"Yes, regularly","Yes, significantly",Lower / zero travel cost,,Significant loss of passengers and revenue,Private bus operators — due to loss of passengers and revenue,,Always,Both morning and evening peaks,"Yes, sometimes",Greater passenger dissatisfaction,Special services for students and workers; Demand-based route planning,
PS-T2P5MX,2026-09-19T14:49:49.274075+00:00,18–25,Female,Pathanamthitta,Rural,Student,,Daily,Moderately reduced,Neutral,Rarely,"Yes, significantly",Lower / zero travel cost,,Significant loss of passengers and revenue,Private bus operators — due to loss of passengers and revenue,,Always,Both morning and evening peaks,Rarely,Lower travel comfort; More delays,Special services for students and workers; Better coordination between KSRTC and private buses; Increase overall KSRTC fleet capacity,
PS-RAF8B9,2026-09-19T15:00:17.680969+00:00,18–25,Female,Kannur,Rural,Student,,Daily,Slightly reduced,Agree,"No, I mainly used KSRTC","Yes, significantly",Lower / zero travel cost,,Significant loss of passengers and revenue,Private bus operators — due to loss of passengers and revenue,,Always,Both morning and evening peaks,"Yes, sometimes",More overcrowding; Lower travel comfort,Smart pass / better verification; Increase overall KSRTC fleet capacity,
PS-OHIKCG,2026-09-19T15:01:51.551000+00:00,18–25,Male,Ernakulam,Semi-urban,Student,,Occasionally,No reduction,Agree,"Yes, occasionally",Not applicable,Lower / zero travel cost,,No significant impact,Other regular KSRTC passengers — due to overcrowding and delays,,Often,Both morning and evening peaks,Rarely,More overcrowding; Increased pressure on KSRTC; Greater passenger dissatisfaction,Extra buses during peak hours; Special services for students and workers; Better coordination between KSRTC and private buses,
PS-RFJR3T,2026-09-19T15:03:39.562706+00:00,18–25,Male,Kozhikode,Semi-urban,Homemaker,,Rarely,Moderately reduced,Agree,"Yes, regularly",I still mainly use private buses,Route availability,,No significant impact,Other regular KSRTC passengers — due to overcrowding and delays,,Rarely,Throughout the day,Rarely,Lower travel comfort; More delays,Extra buses during peak hours; Special services for students and workers; Smart pass / better verification,
PS-LUBELY,2026-09-19T15:11:20.945244+00:00,Below 18,Male,Kasaragod,Rural,Other,Retired Teacher,Rarely,No reduction,Disagree,Rarely,Not applicable,Better access to education/work,,Significant loss of passengers and revenue,Private bus operators — due to loss of passengers and revenue,,Sometimes,Both morning and evening peaks,"Yes, sometimes",More overcrowding; Greater passenger dissatisfaction; Lower travel comfort; More delays; Positive improvements if the government acts,Special services for students and workers; Better coordination between KSRTC and private buses; Increase overall KSRTC fleet capacity,
PS-7BK1NI,2026-09-19T15:12:13.953930+00:00,18–25,Male,Kannur,Semi-urban,Working,,Daily,No reduction,Neutral,"Yes, occasionally",No change,Scheme benefits,,Significant loss of passengers and revenue,Other regular KSRTC passengers — due to overcrowding and delays,,Always,Both morning and evening peaks,Rarely,More overcrowding; Continued challenges for private bus operators; More delays,Special services for students and workers; Better coordination between KSRTC and private buses; Smart pass / better verification,
PS-C7GS47,2026-09-19T15:13:47.185368+00:00,18–25,Female,Malappuram,Rural,Student,,Daily,Significantly reduced,Strongly agree,"Yes, occasionally","Yes, to some extent",Lower / zero travel cost,,Significant loss of passengers and revenue,Other regular KSRTC passengers — due to overcrowding and delays,,Sometimes,Both morning and evening peaks,"Yes, sometimes",More overcrowding; Greater passenger dissatisfaction,Extra buses during peak hours; Demand-based route planning,
PS-O9S7H3,2026-09-19T15:47:37.484649+00:00,18–25,Female,Kannur,Rural,Student,,Several times a week,Slightly reduced,Agree,"Yes, occasionally",No change,Route availability,,Moderate loss of passengers and revenue,Private bus operators — due to loss of passengers and revenue,,Always,Both morning and evening peaks,Rarely,More overcrowding,Special services for students and workers,
PS-8MBDDT,2026-09-19T15:50:52.709102+00:00,18–25,Female,Malappuram,Rural,Student,,Occasionally,Slightly reduced,Agree,"Yes, regularly","Yes, significantly",Better access to education/work,,Significant loss of passengers and revenue,Private bus operators — due to loss of passengers and revenue,,Sometimes,Throughout the day,Rarely,Greater passenger dissatisfaction; More delays,Extra buses during peak hours; Special services for students and workers; Better coordination between KSRTC and private buses,
PS-78US35,2026-09-19T15:56:47.833023+00:00,18–25,Female,Kasaragod,Urban,Student,,Rarely,Significantly reduced,Agree,"Yes, regularly",I still mainly use private buses,Lower / zero travel cost,,Significant loss of passengers and revenue,Private bus operators — due to loss of passengers and revenue,,Always,Both morning and evening peaks,Rarely,More overcrowding,Special services for students and workers,
PS-5VGMUR,2026-09-19T15:58:35.103863+00:00,18–25,Female,Kannur,Rural,Student,,Several times a week,No reduction,Strongly disagree,"No, I mainly used KSRTC",No change,Lower / zero travel cost,,Significant loss of passengers and revenue,Private bus operators — due to loss of passengers and revenue,,Always,Both morning and evening peaks,"Yes, sometimes",More overcrowding; Greater passenger dissatisfaction; Lower travel comfort,Extra buses during peak hours; Special services for students and workers,
PS-99BR6B,2026-09-19T15:58:53.509289+00:00,Below 18,Female,Kozhikode,Rural,Student,,Several times a week,Significantly reduced,Neutral,"Yes, regularly","Yes, significantly",Better access to education/work,,No significant impact,Other regular KSRTC passengers — due to overcrowding and delays,,Always,Throughout the day,"Yes, sometimes",More overcrowding; Greater passenger dissatisfaction,Extra buses during peak hours; Demand-based route planning; Smart pass / better verification; Increase overall KSRTC fleet capacity; Other,
PS-58WX0L,2026-09-19T16:00:49.570399+00:00,18–25,Male,Pathanamthitta,Semi-urban,Working,,Daily,No reduction,Strongly disagree,"Yes, regularly",No change,Lower / zero travel cost,,Significant loss of passengers and revenue,Other regular KSRTC passengers — due to overcrowding and delays,,Always,Morning peak hours,"Yes, very frequently",Greater passenger dissatisfaction; Lower travel comfort; More delays,Extra buses during peak hours,
PS-TFBP3X,2026-09-19T16:01:11.533309+00:00,18–25,Male,Kottayam,Urban,Working,,Several times a week,Moderately reduced,Strongly agree,"Yes, regularly","Yes, significantly",Scheme benefits,,Significant loss of passengers and revenue,Male passengers — due to increased overcrowding,,Rarely,Both morning and evening peaks,"Yes, sometimes",More delays,Extra buses during peak hours; Special services for students and workers; Demand-based route planning,
PS-CJLQ11,2026-09-19T16:02:16.280968+00:00,18–25,Female,Malappuram,Rural,Student,,Several times a week,Slightly reduced,Disagree,"Yes, regularly","Yes, significantly",Lower / zero travel cost,,No significant impact,Other regular KSRTC passengers — due to overcrowding and delays,,Often,Evening peak hours,"Yes, sometimes",More overcrowding; More delays,Extra buses during peak hours; Better coordination between KSRTC and private buses,
PS-4W2GGH,2026-09-19T16:08:49.229650+00:00,Below 18,Female,Kannur,Semi-urban,Student,,Rarely,Not applicable,Strongly agree,"Yes, regularly","Yes, significantly",Lower / zero travel cost,,No significant impact,KSRTC staff / conductors — due to increased passenger pressure,,Sometimes,Evening peak hours,"Yes, sometimes",More overcrowding; Increased pressure on KSRTC; More delays,Extra buses during peak hours; Special services for students and workers,
PS-3C9THI,2026-09-19T16:10:41.549760+00:00,18–25,Male,Pathanamthitta,Rural,Working,,Occasionally,No reduction,Agree,"No, I mainly used KSRTC",No change,Better reliability,,Significant loss of passengers and revenue,Private bus operators — due to loss of passengers and revenue,,Often,Evening peak hours,"Yes, sometimes",More overcrowding; More delays,Extra buses during peak hours; Demand-based route planning,
PS-1KCJ75,2026-09-19T16:16:29.428236+00:00,18–25,Female,Kasaragod,Rural,Student,,Occasionally,Not applicable,Neutral,Rarely,Not applicable,Other,Safe travel for women commuters,Significant loss of passengers and revenue,Male passengers — due to increased overcrowding,,Often,Evening peak hours,"Yes, sometimes",More overcrowding; Greater passenger dissatisfaction; More delays; Positive improvements if the government acts,Special services for students and workers,
PS-N8RA0M,2026-09-19T16:17:55.316792+00:00,18–25,Male,Malappuram,Semi-urban,Working,,Daily,No reduction,Disagree,"Yes, regularly",No change,Other,Safe travel for women commuters,Significant loss of passengers and revenue,Other regular KSRTC passengers — due to overcrowding and delays,,Always,Throughout the day,"Yes, very frequently",More overcrowding,Demand-based route planning; Smart pass / better verification,
PS-IQH6CO,2026-09-19T16:18:17.574086+00:00,26–35,Female,Malappuram,Semi-urban,Homemaker,,Rarely,Moderately reduced,Strongly agree,Not applicable,No change,Other,No change,Significant loss of passengers and revenue,Male passengers — due to increased overcrowding,,Sometimes,Both morning and evening peaks,"Yes, sometimes",More overcrowding; Lower travel comfort; More delays,Extra buses during peak hours; Demand-based route planning; Better coordination between KSRTC and private buses; Smart pass / better verification; Other,
PS-UXZ6ZH,2026-09-19T16:21:08.956693+00:00,18–25,Female,Wayanad,Rural,Student,,Rarely,No reduction,Agree,Not applicable,"Yes, significantly",Lower / zero travel cost,,Significant loss of passengers and revenue,Private bus operators — due to loss of passengers and revenue,,Often,Both morning and evening peaks,Rarely,More delays,Extra buses during peak hours; Better coordination between KSRTC and private buses,
PS-U3WNNW,2026-09-19T16:22:32.298459+00:00,56 and above,Female,Kozhikode,Rural,Self-employed,,Occasionally,Significantly reduced,Strongly agree,"Yes, regularly","Yes, significantly",Lower / zero travel cost,,Significant loss of passengers and revenue,Private bus operators — due to loss of passengers and revenue,,Often,Both morning and evening peaks,"Yes, very frequently",More overcrowding; Continued challenges for private bus operators; More delays,Extra buses during peak hours; Demand-based route planning; Smart pass / better verification; Increase overall KSRTC fleet capacity,
PS-1SUO5S,2026-09-19T16:26:23.503827+00:00,18–25,Female,Kannur,Rural,Student,,Rarely,Significantly reduced,Agree,"Yes, regularly",No change,Other,Safe travel for women commuters,Moderate loss of passengers and revenue,Other,,Never,Morning peak hours,"Yes, very frequently",Increased pressure on KSRTC; Other,Extra buses during peak hours; Special services for students and workers; Smart pass / better verification,
PS-QONMEB,2026-09-19T16:34:05.675796+00:00,18–25,Female,Kannur,Semi-urban,Student,,Occasionally,No reduction,Strongly disagree,Not applicable,No change,Lower / zero travel cost,,Moderate loss of passengers and revenue,Private bus operators — due to loss of passengers and revenue,,Often,Morning peak hours,"Yes, very frequently",More delays,Extra buses during peak hours,
PS-S8KYM6,2026-09-19T16:54:36.424966+00:00,18–25,Male,Pathanamthitta,Rural,Student,,Several times a week,Not applicable,Disagree,"Yes, regularly",I did not use private buses previously,Scheme benefits,,Significant loss of passengers and revenue,Private bus operators — due to loss of passengers and revenue,,Sometimes,Evening peak hours,"Yes, very frequently",Lower travel comfort,Extra buses during peak hours; Special services for students and workers; Demand-based route planning; Better coordination between KSRTC and private buses,
PS-I7FOQ8,2026-09-19T16:59:03.611768+00:00,18–25,Male,Kozhikode,Semi-urban,Working,,Several times a week,No reduction,Neutral,"Yes, regularly",No change,Other,Not applicable,Moderate loss of passengers and revenue,Other regular KSRTC passengers — due to overcrowding and delays,,Always,Both morning and evening peaks,"Yes, sometimes",Lower travel comfort,Demand-based route planning,
PS-HOMFJ9,2026-09-19T17:05:41.349957+00:00,18–25,Female,Malappuram,Urban,Self-employed,,Daily,Slightly reduced,Disagree,"Yes, occasionally","Yes, to some extent",Better reliability,,Slight impact,Private bus operators — due to loss of passengers and revenue,,Always,Both morning and evening peaks,"Yes, sometimes",Lower travel comfort,Extra buses during peak hours; Special services for students and workers; Better coordination between KSRTC and private buses; Smart pass / better verification,
PS-VBTJKW,2026-09-19T17:13:27.902251+00:00,18–25,Male,Kasaragod,Urban,Working,,Occasionally,No reduction,Disagree,"Yes, regularly","Yes, significantly",Lower / zero travel cost,,Significant loss of passengers and revenue,Private bus operators — due to loss of passengers and revenue,,Always,Both morning and evening peaks,"Yes, very frequently",More overcrowding; Greater passenger dissatisfaction; Lower travel comfort,Better coordination between KSRTC and private buses,
PS-EL8PQF,2026-09-19T17:31:39.204579+00:00,26–35,Female,Kottayam,Urban,Student,,Daily,Moderately reduced,Neutral,"Yes, occasionally",No change,Route availability,,Slight impact,Private bus operators — due to loss of passengers and revenue,,Often,Throughout the day,"Yes, very frequently",More overcrowding,Special services for students and workers; Smart pass / better verification,
PS-LYQ706,2026-09-19T17:32:27.544251+00:00,18–25,Male,Kannur,Semi-urban,Working,,Rarely,No reduction,Strongly disagree,Not applicable,"Yes, to some extent",Better access to education/work,,Slight impact,Private bus operators — due to loss of passengers and revenue,,Always,Both morning and evening peaks,"Yes, very frequently",Increased pressure on KSRTC; More delays,Extra buses during peak hours,
PS-UBYERU,2026-09-19T17:42:10.656755+00:00,18–25,Female,Wayanad,Semi-urban,Student,,Rarely,Significantly reduced,Agree,Not applicable,No change,Lower / zero travel cost,,Significant loss of passengers and revenue,Private bus operators — due to loss of passengers and revenue,,Always,Both morning and evening peaks,"Yes, very frequently",More overcrowding; Increased pressure on KSRTC,Special services for students and workers; Demand-based route planning,
PS-7X28CO,2026-09-19T17:48:36.218985+00:00,18–25,Female,Malappuram,Rural,Student,,Several times a week,Moderately reduced,Strongly agree,"Yes, occasionally","Yes, to some extent",Lower / zero travel cost,,Slight impact,Private bus operators — due to loss of passengers and revenue,,Always,Evening peak hours,Rarely,Greater passenger dissatisfaction,Extra buses during peak hours; Demand-based route planning; Smart pass / better verification,
PS-NGIY9Y,2026-09-19T17:48:54.705330+00:00,18–25,Female,Wayanad,Semi-urban,Student,,Occasionally,Significantly reduced,Strongly agree,"Yes, occasionally","Yes, to some extent",Better reliability,,Moderate loss of passengers and revenue,Private bus operators — due to loss of passengers and revenue,,Often,Evening peak hours,"Yes, sometimes",More overcrowding; Lower travel comfort,Special services for students and workers; Better coordination between KSRTC and private buses; Other,
PS-YV5WNA,2026-09-19T17:51:31.361889+00:00,18–25,Female,Kasaragod,Rural,Homemaker,,Several times a week,Moderately reduced,Strongly agree,"Yes, regularly","Yes, significantly",Lower / zero travel cost,,Moderate loss of passengers and revenue,Private bus operators — due to loss of passengers and revenue,,Always,Both morning and evening peaks,"Yes, very frequently",More overcrowding; Lower travel comfort; More delays,Extra buses during peak hours; Smart pass / better verification,
PS-DPUX7H,2026-09-19T17:52:15.644515+00:00,18–25,Female,Malappuram,Rural,Student,,Daily,Moderately reduced,Agree,"Yes, regularly",I still mainly use private buses,Better reliability,,Significant loss of passengers and revenue,Male passengers — due to increased overcrowding,,Always,Both morning and evening peaks,"Yes, very frequently",More overcrowding; Increased pressure on KSRTC; Continued challenges for private bus operators,Special services for students and workers,
PS-D493FR,2026-09-19T17:52:25.958405+00:00,18–25,Female,Malappuram,Semi-urban,Student,,Rarely,Not applicable,Neutral,"Yes, occasionally",No change,Route availability,,Moderate loss of passengers and revenue,Private bus operators — due to loss of passengers and revenue,,Sometimes,Rarely face overcrowding,"Yes, very frequently",Lower travel comfort,Special services for students and workers; Better coordination between KSRTC and private buses,
PS-6W1WPK,2026-09-19T17:54:24.784064+00:00,36–45,Female,Kollam,Rural,Student,,Daily,Not applicable,Strongly agree,"Yes, regularly",I still mainly use private buses,Better access to education/work,,Slight impact,Private bus operators — due to loss of passengers and revenue,,Sometimes,Morning peak hours,"Yes, very frequently",More overcrowding; Positive improvements if the government acts,Special services for students and workers; Better coordination between KSRTC and private buses,
PS-0UYFCL,2026-09-19T17:58:52.468657+00:00,Below 18,Male,Thiruvananthapuram,Rural,Working,,Several times a week,Slightly reduced,Agree,Rarely,"Yes, significantly",Better access to education/work,,Significant loss of passengers and revenue,Private bus operators — due to loss of passengers and revenue,,Always,Evening peak hours,"Yes, sometimes",Lower travel comfort,Special services for students and workers; Better coordination between KSRTC and private buses; Other,
PS-4FF8H6,2026-09-19T18:00:06.113159+00:00,18–25,Female,Wayanad,Semi-urban,Student,,Occasionally,Significantly reduced,Strongly agree,"No, I mainly used KSRTC",No change,Scheme benefits,,Significant loss of passengers and revenue,Male passengers — due to increased overcrowding,,Often,Throughout the day,"Yes, sometimes",Lower travel comfort; More delays,Special services for students and workers,
PS-YKB4UB,2026-09-19T18:05:48.805183+00:00,18–25,Female,Wayanad,Rural,Student,,Several times a week,Significantly reduced,Agree,"Yes, regularly","Yes, significantly",Lower / zero travel cost,,No significant impact,KSRTC staff / conductors — due to increased passenger pressure,,Always,Morning peak hours,"Yes, very frequently",More overcrowding; Lower travel comfort,Special services for students and workers,
PS-979I0K,2026-09-19T18:20:26.114303+00:00,18–25,Female,Malappuram,Rural,Student,,Several times a week,No reduction,Agree,"No, I mainly used KSRTC",No change,Lower / zero travel cost,,Significant loss of passengers and revenue,Private bus operators — due to loss of passengers and revenue,,Always,Morning peak hours,"Yes, very frequently",Lower travel comfort; More delays,Extra buses during peak hours; Demand-based route planning; Other,
PS-UAD8VV,2026-09-19T18:25:41.437010+00:00,18–25,Male,Kasaragod,Urban,Working,,Occasionally,No reduction,Neutral,Rarely,"Yes, to some extent",Better access to education/work,,Moderate loss of passengers and revenue,Private bus operators — due to loss of passengers and revenue,,Always,Throughout the day,"Yes, sometimes",Lower travel comfort,Demand-based route planning,
PS-HFFTTO,2026-09-19T18:27:30.681839+00:00,18–25,Female,Kasaragod,Semi-urban,Working,,Daily,Moderately reduced,Strongly agree,"Yes, regularly",I still mainly use private buses,Lower / zero travel cost,,Significant loss of passengers and revenue,Private bus operators — due to loss of passengers and revenue,,Never,Both morning and evening peaks,"Yes, sometimes",Increased pressure on KSRTC; More delays,Extra buses during peak hours,
PS-XX85LF,2026-09-19T18:33:38.362304+00:00,18–25,Female,Wayanad,Semi-urban,Student,,Several times a week,Slightly reduced,Neutral,"Yes, occasionally",No change,Lower / zero travel cost,,Moderate loss of passengers and revenue,Private bus operators — due to loss of passengers and revenue,,Always,Both morning and evening peaks,"Yes, sometimes",More overcrowding; Lower travel comfort,Better coordination between KSRTC and private buses; Increase overall KSRTC fleet capacity,
PS-OEE71W,2026-09-19T18:35:36.443858+00:00,18–25,Female,Ernakulam,Rural,Student,,Occasionally,Slightly reduced,Agree,"Yes, regularly",No change,Scheme benefits,,Significant loss of passengers and revenue,Male passengers — due to increased overcrowding,,Always,Both morning and evening peaks,Rarely,More overcrowding; Increased pressure on KSRTC; More delays,Better coordination between KSRTC and private buses; Smart pass / better verification,
PS-6QRD5X,2026-09-19T18:39:17.432094+00:00,18–25,Female,Malappuram,Rural,Student,,Daily,Moderately reduced,Disagree,Rarely,No change,Scheme benefits,,Moderate loss of passengers and revenue,Private bus operators — due to loss of passengers and revenue,,Often,Both morning and evening peaks,"Yes, sometimes",More overcrowding,Better coordination between KSRTC and private buses; Smart pass / better verification,
PS-ZL0JFE,2026-09-19T18:41:14.153709+00:00,18–25,Female,Malappuram,Semi-urban,Student,,Occasionally,Moderately reduced,Agree,"No, I mainly used KSRTC",No change,Route availability,,Moderate loss of passengers and revenue,Private bus operators — due to loss of passengers and revenue,,Often,Morning peak hours,Rarely,Lower travel comfort,Special services for students and workers,
PS-1E1D9T,2026-09-19T18:43:47.609486+00:00,18–25,Female,Malappuram,Semi-urban,Student,,Rarely,No reduction,Neutral,Not applicable,"Yes, significantly",Lower / zero travel cost,,Significant loss of passengers and revenue,Private bus operators — due to loss of passengers and revenue,,Rarely,Rarely face overcrowding,"Yes, sometimes",More delays,Special services for students and workers,
PS-CSA3FC,2026-09-19T19:03:19.536161+00:00,18–25,Female,Wayanad,Semi-urban,Student,,Daily,Slightly reduced,Neutral,"Yes, regularly",I still mainly use private buses,Lower / zero travel cost,,Moderate loss of passengers and revenue,Other regular KSRTC passengers — due to overcrowding and delays,,Always,Evening peak hours,"Yes, very frequently",Lower travel comfort; More delays,Extra buses during peak hours; Special services for students and workers; Demand-based route planning; Smart pass / better verification,
PS-SLRY5V,2026-09-19T19:03:28.447020+00:00,18–25,Female,Kollam,Rural,Student,,Occasionally,Significantly reduced,Strongly agree,Rarely,No change,Route availability,,Significant loss of passengers and revenue,Other regular KSRTC passengers — due to overcrowding and delays,,Often,Throughout the day,"Yes, sometimes",More overcrowding; Increased pressure on KSRTC; Continued challenges for private bus operators; Other,Special services for students and workers; Better coordination between KSRTC and private buses,
PS-UPYIDG,2026-09-19T19:07:49.837116+00:00,18–25,Female,Kottayam,Rural,Student,,Daily,Slightly reduced,Agree,"Yes, occasionally","Yes, to some extent",Better access to education/work,,No significant impact,KSRTC staff / conductors — due to increased passenger pressure,,Always,Both morning and evening peaks,"Yes, very frequently",More overcrowding; Lower travel comfort; More delays,Extra buses during peak hours; Special services for students and workers; Demand-based route planning,
PS-5KEEGO,2026-09-19T19:09:51.353098+00:00,18–25,Male,Kannur,Urban,Student,,Occasionally,Significantly reduced,Strongly agree,"Yes, regularly",I still mainly use private buses,Lower / zero travel cost,,Significant loss of passengers and revenue,Private bus operators — due to loss of passengers and revenue,,Often,Evening peak hours,"Yes, sometimes",More overcrowding,Special services for students and workers; Demand-based route planning,
PS-ZTRFU2,2026-09-19T19:23:16.536841+00:00,26–35,Female,Kozhikode,Rural,Working,,Several times a week,Significantly reduced,Neutral,"Yes, regularly","Yes, to some extent",Better access to education/work,,Significant loss of passengers and revenue,Private bus operators — due to loss of passengers and revenue,,Often,Evening peak hours,"Yes, very frequently",Continued challenges for private bus operators; More delays,Extra buses during peak hours; Better coordination between KSRTC and private buses,
PS-WAQGF4,2026-09-19T19:30:03.760065+00:00,18–25,Female,Kasaragod,Semi-urban,Homemaker,,Several times a week,Slightly reduced,Neutral,Rarely,"Yes, to some extent",Better access to education/work,,No significant impact,Other regular KSRTC passengers — due to overcrowding and delays,,Often,Both morning and evening peaks,Rarely,More delays,Extra buses during peak hours; Demand-based route planning; Better coordination between KSRTC and private buses,
PS-GHL1BK,2026-09-19T19:38:05.443484+00:00,18–25,Female,Kottayam,Rural,Student,,Several times a week,Slightly reduced,Agree,"Yes, occasionally",I still mainly use private buses,Lower / zero travel cost,,Significant loss of passengers and revenue,Private bus operators — due to loss of passengers and revenue,,Always,Both morning and evening peaks,Rarely,More overcrowding,Better coordination between KSRTC and private buses,
PS-DQGBZQ,2026-09-19T19:48:51.207459+00:00,18–25,Male,Pathanamthitta,Semi-urban,Student,,Occasionally,No reduction,Neutral,"Yes, occasionally",No change,Other,Not applicable,Slight impact,Male passengers — due to increased overcrowding,,Often,Morning peak hours,"Yes, very frequently",Increased pressure on KSRTC; Greater passenger dissatisfaction; Continued challenges for private bus operators; Lower travel comfort,Extra buses during peak hours; Better coordination between KSRTC and private buses,
PS-33LP7Y,2026-09-19T19:49:23.161662+00:00,18–25,Female,Wayanad,Semi-urban,Student,,Several times a week,Not applicable,Agree,"Yes, regularly",Not applicable,Other,Iam always travelling through ksrtc before the priyadharshini scheme,No significant impact,Other regular KSRTC passengers — due to overcrowding and delays,,Sometimes,Evening peak hours,"Yes, very frequently",Positive improvements if the government acts,Extra buses during peak hours; Special services for students and workers; Better coordination between KSRTC and private buses; Increase overall KSRTC fleet capacity,
PS-YFLRZ6,2026-09-19T19:49:25.851930+00:00,18–25,Female,Kasaragod,Semi-urban,Student,,Occasionally,Significantly reduced,Neutral,"Yes, regularly","Yes, significantly",Lower / zero travel cost,,Moderate loss of passengers and revenue,Private bus operators — due to loss of passengers and revenue,,Often,Morning peak hours,"Yes, sometimes",More overcrowding,Extra buses during peak hours; Special services for students and workers,
PS-QEDUHB,2026-09-19T19:55:13.308510+00:00,18–25,Male,Kottayam,Rural,Student,,Daily,No reduction,Agree,"No, I mainly used KSRTC",No change,Lower / zero travel cost,,No significant impact,Other regular KSRTC passengers — due to overcrowding and delays,,Always,Both morning and evening peaks,"Yes, very frequently",More delays,Better coordination between KSRTC and private buses; Smart pass / better verification,
PS-HH937X,2026-09-19T19:57:16.468565+00:00,36–45,Female,Wayanad,Semi-urban,Working,,Several times a week,Significantly reduced,Agree,"Yes, regularly","Yes, significantly",Better access to education/work,,Significant loss of passengers and revenue,Private bus operators — due to loss of passengers and revenue,,Always,Both morning and evening peaks,"Yes, sometimes",Greater passenger dissatisfaction; Continued challenges for private bus operators; Lower travel comfort,Extra buses during peak hours,
PS-W5YFFL,2026-09-19T20:03:09.924132+00:00,36–45,Male,Kannur,Semi-urban,Student,,Several times a week,Not applicable,Agree,"Yes, occasionally","Yes, significantly",Lower / zero travel cost,,Significant loss of passengers and revenue,Private bus operators — due to loss of passengers and revenue,,Always,Both morning and evening peaks,"Yes, very frequently",Increased pressure on KSRTC; Continued challenges for private bus operators,Extra buses during peak hours; Better coordination between KSRTC and private buses,
PS-B1TKCJ,2026-09-19T20:04:32.166685+00:00,18–25,Female,Kannur,Semi-urban,Student,,Rarely,Significantly reduced,Agree,"No, I mainly used KSRTC",I did not use private buses previously,Lower / zero travel cost,,No significant impact,Other regular KSRTC passengers — due to overcrowding and delays,,Sometimes,Both morning and evening peaks,"Yes, sometimes",More overcrowding,Special services for students and workers,
PS-OOJXC3,2026-09-19T20:05:45.757919+00:00,18–25,Male,Kannur,Urban,Student,,Rarely,Not applicable,Agree,"No, I mainly used KSRTC",Not applicable,Other,Safe travel for women commuters,Significant loss of passengers and revenue,Private bus operators — due to loss of passengers and revenue,,Often,Throughout the day,"Yes, sometimes",More overcrowding,Better coordination between KSRTC and private buses; Smart pass / better verification,
PS-LC629Y,2026-09-19T20:12:15.634657+00:00,18–25,Female,Malappuram,Semi-urban,Student,,Occasionally,Slightly reduced,Neutral,"Yes, occasionally","Yes, to some extent",Scheme benefits,,Moderate loss of passengers and revenue,Private bus operators — due to loss of passengers and revenue,,Always,Both morning and evening peaks,"Yes, sometimes",More overcrowding; Continued challenges for private bus operators; Lower travel comfort,Other,
PS-78PFNQ,2026-09-19T20:12:45.291171+00:00,18–25,Male,Kannur,Urban,Student,,Occasionally,Not applicable,Agree,"Yes, occasionally",No change,Better reliability,,Significant loss of passengers and revenue,Private bus operators — due to loss of passengers and revenue,,Always,Throughout the day,"Yes, sometimes",Lower travel comfort,Extra buses during peak hours; Special services for students and workers; Better coordination between KSRTC and private buses,
PS-XPGQEG,2026-09-19T20:15:40.395979+00:00,56 and above,Other / Prefer not to say,Wayanad,Semi-urban,Student,,Rarely,Not applicable,Neutral,"No, I mainly used KSRTC","Yes, to some extent",Better reliability,,Not sure,Private bus operators — due to loss of passengers and revenue,,Never,Throughout the day,"Yes, sometimes",More overcrowding; Increased pressure on KSRTC; Lower travel comfort; More delays; Other,Extra buses during peak hours,
PS-QPQZQW,2026-09-19T20:16:04.476191+00:00,18–25,Female,Kozhikode,Rural,Student,,Daily,No reduction,Agree,"Yes, occasionally","Yes, to some extent",Lower / zero travel cost,,Significant loss of passengers and revenue,Male passengers — due to increased overcrowding,,Sometimes,Throughout the day,"Yes, sometimes",Increased pressure on KSRTC; More delays,Extra buses during peak hours; Special services for students and workers,
PS-SAINJ9,2026-09-19T20:26:34.511429+00:00,18–25,Female,Kozhikode,Rural,Student,,Rarely,Moderately reduced,Strongly disagree,Rarely,I still mainly use private buses,Scheme benefits,,Slight impact,Private bus operators — due to loss of passengers and revenue,,Always,Both morning and evening peaks,Rarely,Greater passenger dissatisfaction; Lower travel comfort; More delays,Better coordination between KSRTC and private buses,
PS-6CF8TK,2026-09-19T20:38:26.202587+00:00,18–25,Female,Kasaragod,Rural,Student,,Several times a week,Significantly reduced,Strongly agree,"Yes, occasionally","Yes, significantly",Lower / zero travel cost,,Significant loss of passengers and revenue,Private bus operators — due to loss of passengers and revenue,,Always,Throughout the day,"Yes, sometimes",More overcrowding,Special services for students and workers,
PS-54O8V3,2026-09-19T20:41:51.264762+00:00,18–25,Female,Kozhikode,Urban,Student,,Rarely,Significantly reduced,Agree,Not applicable,No change,Scheme benefits,,Slight impact,Private bus operators — due to loss of passengers and revenue,,Sometimes,Both morning and evening peaks,Rarely,Lower travel comfort,Extra buses during peak hours; Other,
PS-7K5Y1G,2026-09-19T20:44:37.778490+00:00,18–25,Female,Malappuram,Semi-urban,Student,,Occasionally,Slightly reduced,Neutral,Not applicable,I still mainly use private buses,Lower / zero travel cost,,Significant loss of passengers and revenue,Private bus operators — due to loss of passengers and revenue,,Always,Both morning and evening peaks,"Yes, very frequently",More overcrowding,Special services for students and workers,
PS-ZFUHNZ,2026-09-19T20:57:47.998941+00:00,18–25,Male,Pathanamthitta,Semi-urban,Business,,Several times a week,Moderately reduced,Agree,"Yes, occasionally","Yes, to some extent",Scheme benefits,,Moderate loss of passengers and revenue,Private bus operators — due to loss of passengers and revenue,,Always,Both morning and evening peaks,"Yes, sometimes",More overcrowding; Increased pressure on KSRTC,Extra buses during peak hours; Special services for students and workers,
PS-II702Y,2026-09-19T21:03:59.838830+00:00,18–25,Male,Pathanamthitta,Semi-urban,Student,,Several times a week,No reduction,Strongly disagree,Rarely,I still mainly use private buses,Better access to education/work,,Moderate loss of passengers and revenue,Private bus operators — due to loss of passengers and revenue,,Always,Throughout the day,"Yes, very frequently",Greater passenger dissatisfaction; Lower travel comfort; More delays,Extra buses during peak hours; Special services for students and workers; Better coordination between KSRTC and private buses,
PS-QJE3K2,2026-09-19T21:07:42.856646+00:00,56 and above,Male,Malappuram,Rural,Working,,Rarely,No reduction,Neutral,Rarely,"Yes, significantly",Better access to education/work,,Significant loss of passengers and revenue,Other regular KSRTC passengers — due to overcrowding and delays,,Often,Both morning and evening peaks,"Yes, very frequently",More delays,Special services for students and workers; Demand-based route planning; Other,
PS-Y8EKOT,2026-09-19T21:08:29.167580+00:00,26–35,Female,Wayanad,Semi-urban,Business,,Occasionally,Moderately reduced,Agree,Not applicable,No change,Scheme benefits,,No significant impact,KSRTC staff / conductors — due to increased passenger pressure,,Always,Both morning and evening peaks,"Yes, very frequently",More delays,Extra buses during peak hours; Special services for students and workers; Demand-based route planning,
PS-8IV9VD,2026-09-19T21:08:39.225861+00:00,18–25,Male,Pathanamthitta,Semi-urban,Student,,Occasionally,Significantly reduced,Agree,"Yes, occasionally",I did not use private buses previously,Scheme benefits,,Moderate loss of passengers and revenue,Private bus operators — due to loss of passengers and revenue,,Always,Both morning and evening peaks,"Yes, very frequently",Positive improvements if the government acts,Demand-based route planning; Better coordination between KSRTC and private buses; Smart pass / better verification,
PS-G5V7AV,2026-09-19T21:17:46.138581+00:00,18–25,Male,Pathanamthitta,Rural,Working,,Occasionally,No reduction,Agree,"No, I mainly used KSRTC","Yes, significantly",Better access to education/work,,Significant loss of passengers and revenue,Private bus operators — due to loss of passengers and revenue,,Often,Both morning and evening peaks,Rarely,Greater passenger dissatisfaction,Increase overall KSRTC fleet capacity,
PS-AQ7PB8,2026-09-19T21:22:17.980958+00:00,18–25,Male,Kannur,Semi-urban,Student,,Daily,Not applicable,Disagree,"Yes, regularly","Yes, significantly",Better access to education/work,,Not sure,Male passengers — due to increased overcrowding,,Sometimes,Both morning and evening peaks,Rarely,Increased pressure on KSRTC; Greater passenger dissatisfaction; Continued challenges for private bus operators; Positive improvements if the government acts,Special services for students and workers; Demand-based route planning; Better coordination between KSRTC and private buses,
PS-J52FKY,2026-09-19T21:22:38.691421+00:00,18–25,Female,Ernakulam,Rural,Student,,Occasionally,Significantly reduced,Strongly agree,"Yes, regularly","Yes, significantly",Better access to education/work,,Moderate loss of passengers and revenue,Private bus operators — due to loss of passengers and revenue,,Always,Morning peak hours,"Yes, very frequently",More overcrowding; Lower travel comfort,Extra buses during peak hours; Special services for students and workers,
PS-8CD4RD,2026-09-19T21:23:16.220397+00:00,18–25,Male,Kasaragod,Rural,Student,,Daily,No reduction,Disagree,"No, I mainly used KSRTC",No change,Better reliability,,Moderate loss of passengers and revenue,Other regular KSRTC passengers — due to overcrowding and delays,,Always,Both morning and evening peaks,"Yes, sometimes",More overcrowding; Increased pressure on KSRTC; Greater passenger dissatisfaction; More delays,Demand-based route planning,
PS-RGZMWQ,2026-09-19T21:23:35.692145+00:00,18–25,Female,Malappuram,Rural,Student,,Rarely,Slightly reduced,Agree,Rarely,I still mainly use private buses,Lower / zero travel cost,,Slight impact,Other regular KSRTC passengers — due to overcrowding and delays,,Never,Throughout the day,"Yes, very frequently",More overcrowding; Increased pressure on KSRTC; Lower travel comfort,Extra buses during peak hours,
PS-2YMID2,2026-09-19T21:27:09.940442+00:00,18–25,Female,Kozhikode,Rural,Student,,Several times a week,No reduction,Agree,"No, I mainly used KSRTC",No change,Scheme benefits,,Moderate loss of passengers and revenue,Other,,Rarely,Morning peak hours,"Yes, sometimes",More overcrowding; Lower travel comfort,Demand-based route planning,
PS-HDK87I,2026-09-19T21:30:35.360166+00:00,18–25,Female,Kozhikode,Urban,Student,,Daily,No reduction,Disagree,"Yes, occasionally",No change,Route availability,,Significant loss of passengers and revenue,Private bus operators — due to loss of passengers and revenue,,Always,Throughout the day,"Yes, sometimes",More overcrowding; Continued challenges for private bus operators; More delays,Better coordination between KSRTC and private buses,
PS-X6UU86,2026-09-19T21:31:11.523864+00:00,18–25,Male,Wayanad,Rural,Student,,Several times a week,Significantly reduced,Agree,Rarely,Not applicable,Other,Direct bus route available without changing buses,Significant loss of passengers and revenue,Other regular KSRTC passengers — due to overcrowding and delays,,Sometimes,Evening peak hours,"Yes, very frequently",More overcrowding; Increased pressure on KSRTC; More delays,Special services for students and workers,
PS-Y8E8O3,2026-09-19T21:43:05.519813+00:00,18–25,Male,Wayanad,Rural,Student,,Several times a week,Significantly reduced,Strongly agree,"Yes, occasionally","Yes, to some extent",Route availability,,Significant loss of passengers and revenue,Private bus operators — due to loss of passengers and revenue,,Always,Both morning and evening peaks,"Yes, sometimes",Continued challenges for private bus operators,Special services for students and workers; Smart pass / better verification; Increase overall KSRTC fleet capacity,
PS-XSL62Z,2026-09-19T21:44:31.949943+00:00,Below 18,Female,Wayanad,Rural,Student,,Daily,Not applicable,Agree,"Yes, occasionally","Yes, significantly",Lower / zero travel cost,,No significant impact,KSRTC staff / conductors — due to increased passenger pressure,,Sometimes,Evening peak hours,Rarely,Lower travel comfort,Extra buses during peak hours; Better coordination between KSRTC and private buses,
PS-QKR67U,2026-09-19T21:54:48.789445+00:00,26–35,Female,Kollam,Semi-urban,Student,,Several times a week,Moderately reduced,Neutral,"Yes, regularly","Yes, to some extent",Route availability,,Not sure,Male passengers — due to increased overcrowding,,Always,Both morning and evening peaks,"Yes, sometimes",More overcrowding; Increased pressure on KSRTC,Extra buses during peak hours; Demand-based route planning; Better coordination between KSRTC and private buses,
PS-DU5F53,2026-09-19T21:59:25.753445+00:00,18–25,Female,Malappuram,Rural,Student,,Rarely,Moderately reduced,Agree,Rarely,"Yes, significantly",Lower / zero travel cost,,Significant loss of passengers and revenue,Private bus operators — due to loss of passengers and revenue,,Rarely,Throughout the day,"Yes, very frequently",Lower travel comfort; More delays,Better coordination between KSRTC and private buses,
PS-PTTR4P,2026-09-19T22:02:53.980019+00:00,36–45,Male,Kasaragod,Semi-urban,Self-employed,,Occasionally,No reduction,Agree,"Yes, occasionally",No change,Lower / zero travel cost,,No significant impact,Other regular KSRTC passengers — due to overcrowding and delays,,Always,Both morning and evening peaks,"Yes, very frequently",More delays,Special services for students and workers; Smart pass / better verification; Increase overall KSRTC fleet capacity,
PS-QBOWA6,2026-09-19T22:15:11.917909+00:00,18–25,Female,Kasaragod,Rural,Student,,Several times a week,Slightly reduced,Neutral,"Yes, occasionally","Yes, to some extent",Lower / zero travel cost,,Moderate loss of passengers and revenue,Private bus operators — due to loss of passengers and revenue,,Often,Morning peak hours,"Yes, sometimes",Increased pressure on KSRTC; Lower travel comfort,Extra buses during peak hours; Demand-based route planning,
PS-SGG00N,2026-09-19T22:22:23.262729+00:00,56 and above,Female,Kasaragod,Rural,Student,,Occasionally,Significantly reduced,Neutral,"Yes, regularly","Yes, significantly",Lower / zero travel cost,,Moderate loss of passengers and revenue,Male passengers — due to increased overcrowding,,Always,Evening peak hours,Rarely,Positive improvements if the government acts,Extra buses during peak hours,
PS-C7JQNJ,2026-09-19T22:24:38.414851+00:00,26–35,Male,Kollam,Rural,Student,,Several times a week,No reduction,Disagree,"Yes, regularly","Yes, significantly",Scheme benefits,,Slight impact,Private bus operators — due to loss of passengers and revenue,,Always,Both morning and evening peaks,Rarely,Increased pressure on KSRTC; More delays,Smart pass / better verification,
PS-0TKI7L,2026-09-19T22:37:40.972649+00:00,18–25,Female,Kozhikode,Urban,Student,,Daily,Slightly reduced,Neutral,Rarely,I still mainly use private buses,Scheme benefits,,Significant loss of passengers and revenue,No one is significantly negatively affected,,Always,Evening peak hours,"Yes, sometimes",Increased pressure on KSRTC; Greater passenger dissatisfaction,Smart pass / better verification,
PS-NGOS1K,2026-09-19T22:45:26.576693+00:00,18–25,Female,Pathanamthitta,Urban,Student,,Rarely,Significantly reduced,Strongly agree,"Yes, regularly",I still mainly use private buses,Lower / zero travel cost,,Significant loss of passengers and revenue,Private bus operators — due to loss of passengers and revenue,,Sometimes,Both morning and evening peaks,"Yes, sometimes",More delays,Better coordination between KSRTC and private buses; Other,
PS-G3KR8P,2026-09-19T22:46:32.286528+00:00,18–25,Female,Kannur,Rural,Student,,Rarely,Not applicable,Disagree,Rarely,"Yes, to some extent",Route availability,,Significant loss of passengers and revenue,Private bus operators — due to loss of passengers and revenue,,Rarely,Evening peak hours,"Yes, sometimes",More delays,Extra buses during peak hours; Demand-based route planning; Better coordination between KSRTC and private buses,
PS-NWK25N,2026-09-19T22:51:00.718198+00:00,18–25,Male,Palakkad,Semi-urban,Student,,Rarely,Slightly reduced,Neutral,"Yes, regularly",No change,Better reliability,,Slight impact,Male passengers — due to increased overcrowding,,Often,Evening peak hours,Rarely,Increased pressure on KSRTC; Lower travel comfort,Special services for students and workers,
PS-23KRM9,2026-09-19T22:54:04.690893+00:00,18–25,Male,Kozhikode,Urban,Student,,Occasionally,Slightly reduced,Neutral,"Yes, regularly","Yes, significantly",Route availability,,Significant loss of passengers and revenue,Private bus operators — due to loss of passengers and revenue,,Often,Throughout the day,"Yes, very frequently",Increased pressure on KSRTC; Lower travel comfort; More delays,Increase overall KSRTC fleet capacity,
PS-M8CPW0,2026-09-19T23:00:57.723089+00:00,18–25,Male,Kasaragod,Rural,Student,,Several times a week,Significantly reduced,Agree,Rarely,"Yes, to some extent",Better reliability,,Significant loss of passengers and revenue,Private bus operators — due to loss of passengers and revenue,,Always,Both morning and evening peaks,"Yes, very frequently",Increased pressure on KSRTC; Greater passenger dissatisfaction; More delays,Extra buses during peak hours; Special services for students and workers,
PS-PLMODN,2026-09-19T23:01:06.296712+00:00,18–25,Female,Kozhikode,Urban,Student,,Rarely,Significantly reduced,Neutral,"Yes, regularly",I still mainly use private buses,Better access to education/work,,Slight impact,Other regular KSRTC passengers — due to overcrowding and delays,,Sometimes,Both morning and evening peaks,"Yes, sometimes",Increased pressure on KSRTC; Lower travel comfort; Positive improvements if the government acts,Increase overall KSRTC fleet capacity,
PS-G7ODLW,2026-09-19T23:47:31.152905+00:00,36–45,Male,Kasaragod,Rural,Student,,Rarely,Not applicable,Agree,Rarely,Not applicable,Lower / zero travel cost,,Significant loss of passengers and revenue,Other regular KSRTC passengers — due to overcrowding and delays,,Rarely,Both morning and evening peaks,Rarely,Continued challenges for private bus operators,Better coordination between KSRTC and private buses,
PS-0SJLE9,2026-09-19T23:52:28.251491+00:00,Below 18,Female,Malappuram,Urban,Student,,Rarely,Moderately reduced,Agree,Not applicable,No change,Other,Iam always travelling through ksrtc before the priyadharshini scheme,Moderate loss of passengers and revenue,Private bus operators — due to loss of passengers and revenue,,Rarely,Evening peak hours,Rarely,Continued challenges for private bus operators; More delays,Extra buses during peak hours; Special services for students and workers; Better coordination between KSRTC and private buses; Smart pass / better verification; Increase overall KSRTC fleet capacity,
PS-SIMQHY,2026-09-19T23:53:34.465652+00:00,18–25,Male,Kozhikode,Semi-urban,Student,,Occasionally,Not applicable,Neutral,Rarely,Not applicable,Better access to education/work,,No significant impact,Private bus operators — due to loss of passengers and revenue,,Often,Morning peak hours,Rarely,More overcrowding,Extra buses during peak hours; Better coordination between KSRTC and private buses,
PS-6FBU8S,2026-09-19T23:53:42.150999+00:00,18–25,Male,Kasaragod,Urban,Student,,Several times a week,Slightly reduced,Neutral,"Yes, occasionally","Yes, significantly",Scheme benefits,,Significant loss of passengers and revenue,Private bus operators — due to loss of passengers and revenue,,Sometimes,Rarely face overcrowding,"Yes, sometimes",Continued challenges for private bus operators; More delays,Extra buses during peak hours; Better coordination between KSRTC and private buses; Smart pass / better verification,
PS-AWGA8O,2026-09-19T23:56:27.471788+00:00,18–25,Male,Kannur,Semi-urban,Working,,Occasionally,No reduction,Strongly disagree,Rarely,No change,Better reliability,,Slight impact,Male passengers — due to increased overcrowding,,Rarely,Morning peak hours,Rarely,More delays,Demand-based route planning; Better coordination between KSRTC and private buses; Other,
PS-W4WFDU,2026-09-19T23:59:18.158921+00:00,18–25,Male,Kozhikode,Rural,Student,,Several times a week,Not applicable,Agree,"No, I mainly used KSRTC",No change,Route availability,,Significant loss of passengers and revenue,Male passengers — due to increased overcrowding,,Always,Morning peak hours,"Yes, very frequently",More overcrowding; Continued challenges for private bus operators,Special services for students and workers,
PS-MDILM6,2026-09-20T00:10:51.938156+00:00,Below 18,Female,Wayanad,Semi-urban,Student,,Several times a week,Significantly reduced,Neutral,"Yes, regularly","Yes, significantly",Lower / zero travel cost,,Significant loss of passengers and revenue,Other regular KSRTC passengers — due to overcrowding and delays,,Always,Both morning and evening peaks,"Yes, very frequently",More overcrowding,Extra buses during peak hours; Better coordination between KSRTC and private buses; Increase overall KSRTC fleet capacity,
PS-W0YI1L,2026-09-20T00:11:53.254421+00:00,18–25,Female,Kottayam,Rural,Student,,Rarely,Moderately reduced,Neutral,Not applicable,I still mainly use private buses,Lower / zero travel cost,,Significant loss of passengers and revenue,Other regular KSRTC passengers — due to overcrowding and delays,,Rarely,Both morning and evening peaks,"Yes, sometimes",Lower travel comfort; Positive improvements if the government acts,Special services for students and workers; Smart pass / better verification,
PS-SJ9N7S,2026-09-20T00:12:49.262699+00:00,18–25,Male,Palakkad,Rural,Student,,Occasionally,Not applicable,Agree,"No, I mainly used KSRTC",Not applicable,Lower / zero travel cost,,Significant loss of passengers and revenue,No one is significantly negatively affected,,Often,Both morning and evening peaks,Rarely,Greater passenger dissatisfaction,Extra buses during peak hours; Better coordination between KSRTC and private buses; Smart pass / better verification,
PS-25YSN4,2026-09-20T00:12:59.543351+00:00,18–25,Female,Malappuram,Semi-urban,Student,,Occasionally,Not applicable,Strongly agree,Rarely,"Yes, significantly",Lower / zero travel cost,,Significant loss of passengers and revenue,Private bus operators — due to loss of passengers and revenue,,Always,Morning peak hours,"Yes, very frequently",More overcrowding,Demand-based route planning; Better coordination between KSRTC and private buses,
PS-BHKBGH,2026-09-20T00:13:31.729026+00:00,18–25,Female,Wayanad,Semi-urban,Student,,Several times a week,Slightly reduced,Neutral,"Yes, occasionally","Yes, to some extent",Lower / zero travel cost,,Moderate loss of passengers and revenue,Male passengers — due to increased overcrowding,,Always,Evening peak hours,"Yes, very frequently",More delays,Extra buses during peak hours; Special services for students and workers; Better coordination between KSRTC and private buses,
PS-LETFLI,2026-09-20T00:14:57.860146+00:00,18–25,Female,Malappuram,Urban,Student,,Occasionally,Moderately reduced,Strongly agree,"Yes, occasionally",No change,Route availability,,Slight impact,Other regular KSRTC passengers — due to overcrowding and delays,,Always,Evening peak hours,"Yes, very frequently",More overcrowding; Lower travel comfort,Extra buses during peak hours; Special services for students and workers; Better coordination between KSRTC and private buses,
PS-4LT588,2026-09-20T00:19:48.656552+00:00,36–45,Female,Malappuram,Rural,Student,,Rarely,Slightly reduced,Agree,"No, I mainly used KSRTC",I did not use private buses previously,Lower / zero travel cost,,Significant loss of passengers and revenue,Private bus operators — due to loss of passengers and revenue,,Often,Both morning and evening peaks,Never,More overcrowding; Increased pressure on KSRTC,Extra buses during peak hours; Special services for students and workers; Demand-based route planning,
PS-XGLU9W,2026-09-20T00:26:33.596149+00:00,18–25,Female,Malappuram,Semi-urban,Student,,Several times a week,Significantly reduced,Agree,"Yes, regularly","Yes, significantly",Lower / zero travel cost,,Significant loss of passengers and revenue,Private bus operators — due to loss of passengers and revenue,,Always,Both morning and evening peaks,Rarely,More delays,Extra buses during peak hours; Better coordination between KSRTC and private buses; Smart pass / better verification,
PS-EGKFML,2026-09-20T00:46:55.366791+00:00,18–25,Female,Wayanad,Semi-urban,Self-employed,,Occasionally,Not applicable,Strongly agree,"Yes, occasionally",I still mainly use private buses,Scheme benefits,,Significant loss of passengers and revenue,Male passengers — due to increased overcrowding,,Always,Throughout the day,"Yes, very frequently",Continued challenges for private bus operators; More delays; Positive improvements if the government acts,Extra buses during peak hours; Special services for students and workers; Better coordination between KSRTC and private buses,
PS-VX6W60,2026-09-20T00:48:54.130627+00:00,18–25,Female,Kozhikode,Rural,Student,,Several times a week,Moderately reduced,Neutral,Rarely,"Yes, to some extent",Better access to education/work,,Moderate loss of passengers and revenue,Male passengers — due to increased overcrowding,,Often,Both morning and evening peaks,"Yes, sometimes",More overcrowding,Special services for students and workers; Demand-based route planning; Better coordination between KSRTC and private buses; Smart pass / better verification,
PS-WN02ZD,2026-09-20T00:55:07.697364+00:00,56 and above,Male,Kollam,Rural,Student,,Occasionally,Slightly reduced,Strongly agree,Rarely,I did not use private buses previously,Lower / zero travel cost,,No significant impact,Male passengers — due to increased overcrowding,,Often,Evening peak hours,Rarely,More overcrowding; Continued challenges for private bus operators,Extra buses during peak hours; Special services for students and workers; Better coordination between KSRTC and private buses,
PS-FT5GLZ,2026-09-20T01:05:10.846971+00:00,46–55,Female,Ernakulam,Rural,Other,Retired Teacher,Daily,Slightly reduced,Agree,"Yes, occasionally","Yes, to some extent",Better access to education/work,,Significant loss of passengers and revenue,Private bus operators — due to loss of passengers and revenue,,Always,Both morning and evening peaks,"Yes, sometimes",Lower travel comfort,Demand-based route planning,
PS-JE7LAE,2026-09-20T01:05:42.804638+00:00,18–25,Female,Palakkad,Rural,Student,,Several times a week,Significantly reduced,Strongly agree,"Yes, regularly","Yes, significantly",Lower / zero travel cost,,Significant loss of passengers and revenue,Private bus operators — due to loss of passengers and revenue,,Always,Both morning and evening peaks,"Yes, very frequently",More overcrowding,Extra buses during peak hours; Demand-based route planning,
PS-Y6FKAV,2026-09-20T01:13:33.984392+00:00,18–25,Female,Malappuram,Urban,Student,,Daily,Not applicable,Neutral,Not applicable,No change,Route availability,,Significant loss of passengers and revenue,Male passengers — due to increased overcrowding,,Rarely,Morning peak hours,Rarely,More overcrowding; Lower travel comfort,Special services for students and workers; Better coordination between KSRTC and private buses,
PS-OOC49G,2026-09-20T01:22:57.672166+00:00,18–25,Female,Kannur,Semi-urban,Student,,Occasionally,Significantly reduced,Agree,Not applicable,I still mainly use private buses,Lower / zero travel cost,,Significant loss of passengers and revenue,Private bus operators — due to loss of passengers and revenue,,Often,Both morning and evening peaks,"Yes, sometimes",More overcrowding; More delays,Special services for students and workers; Better coordination between KSRTC and private buses,
PS-72CT66,2026-09-20T01:27:13.609661+00:00,18–25,Male,Malappuram,Semi-urban,Student,,Several times a week,Moderately reduced,Neutral,"Yes, regularly",No change,Better reliability,,Slight impact,Male passengers — due to increased overcrowding,,Always,Evening peak hours,Never,Lower travel comfort,Special services for students and workers,
PS-CMHZYS,2026-09-20T01:35:38.451454+00:00,Below 18,Female,Kozhikode,Urban,Student,,Occasionally,Not applicable,Neutral,Rarely,Not applicable,Better access to education/work,,Moderate loss of passengers and revenue,Private bus operators — due to loss of passengers and revenue,,Sometimes,Evening peak hours,"Yes, very frequently",More delays,Extra buses during peak hours; Demand-based route planning; Better coordination between KSRTC and private buses; Smart pass / better verification,
PS-3HWVKU,2026-09-20T01:39:58.113300+00:00,18–25,Male,Kannur,Semi-urban,Student,,Several times a week,No reduction,Agree,"Yes, occasionally",No change,Other,Safe travel for women commuters,Significant loss of passengers and revenue,Private bus operators — due to loss of passengers and revenue,,Always,Both morning and evening peaks,"Yes, very frequently",Lower travel comfort; More delays,Demand-based route planning; Smart pass / better verification; Increase overall KSRTC fleet capacity,
PS-COVE72,2026-09-20T01:40:30.817622+00:00,18–25,Male,Wayanad,Semi-urban,Student,,Several times a week,Slightly reduced,Agree,"Yes, regularly","Yes, significantly",Lower / zero travel cost,,Significant loss of passengers and revenue,Private bus operators — due to loss of passengers and revenue,,Sometimes,Morning peak hours,"Yes, sometimes",More overcrowding; Greater passenger dissatisfaction,Special services for students and workers; Better coordination between KSRTC and private buses,
PS-H7DITQ,2026-09-20T01:50:37.211562+00:00,18–25,Female,Kasaragod,Rural,Student,,Occasionally,Slightly reduced,Neutral,"Yes, occasionally",No change,Scheme benefits,,Significant loss of passengers and revenue,Private bus operators — due to loss of passengers and revenue,,Always,Both morning and evening peaks,"Yes, very frequently",Continued challenges for private bus operators; Lower travel comfort,Special services for students and workers,
PS-8H5D80,2026-09-20T01:51:48.328984+00:00,18–25,Male,Kannur,Urban,Student,,Daily,No reduction,Disagree,Rarely,Not applicable,Lower / zero travel cost,,Significant loss of passengers and revenue,Male passengers — due to increased overcrowding,,Always,Both morning and evening peaks,"Yes, very frequently",More overcrowding; Lower travel comfort,Special services for students and workers; Better coordination between KSRTC and private buses; Increase overall KSRTC fleet capacity,
PS-7GIEJ3,2026-09-20T01:54:58.183534+00:00,18–25,Female,Malappuram,Rural,Student,,Several times a week,No reduction,Strongly disagree,"Yes, regularly","Yes, significantly",Better access to education/work,,Significant loss of passengers and revenue,Private bus operators — due to loss of passengers and revenue,,Always,Evening peak hours,"Yes, very frequently",More overcrowding,Extra buses during peak hours; Special services for students and workers; Demand-based route planning; Better coordination between KSRTC and private buses,
PS-JTB87C,2026-09-20T01:56:39.700460+00:00,26–35,Female,Malappuram,Urban,Working,,Rarely,Significantly reduced,Agree,"No, I mainly used KSRTC",I did not use private buses previously,Scheme benefits,,Slight impact,Private bus operators — due to loss of passengers and revenue,,Never,Morning peak hours,Rarely,Increased pressure on KSRTC,Smart pass / better verification,
PS-O7QUEL,2026-09-20T02:08:12.198402+00:00,18–25,Male,Kannur,Rural,Student,,Daily,No reduction,Disagree,"Yes, regularly","Yes, significantly",Lower / zero travel cost,,Moderate loss of passengers and revenue,Private bus operators — due to loss of passengers and revenue,,Never,Both morning and evening peaks,"Yes, sometimes",More delays,Extra buses during peak hours; Better coordination between KSRTC and private buses; Increase overall KSRTC fleet capacity,
PS-BHCOZF,2026-09-20T02:10:10.789634+00:00,18–25,Female,Malappuram,Rural,Student,,Several times a week,Not applicable,Strongly disagree,"Yes, occasionally","Yes, significantly",Lower / zero travel cost,,Significant loss of passengers and revenue,Male passengers — due to increased overcrowding,,Often,Morning peak hours,"Yes, sometimes",Increased pressure on KSRTC; Greater passenger dissatisfaction; Continued challenges for private bus operators; Lower travel comfort; More delays,Special services for students and workers; Demand-based route planning; Better coordination between KSRTC and private buses; Smart pass / better verification; Increase overall KSRTC fleet capacity,
PS-D58K4W,2026-09-20T02:11:13.529459+00:00,18–25,Male,Kozhikode,Semi-urban,Student,,Daily,Moderately reduced,Strongly agree,"Yes, regularly",I still mainly use private buses,Better access to education/work,,Moderate loss of passengers and revenue,Private bus operators — due to loss of passengers and revenue,,Rarely,Evening peak hours,"Yes, sometimes",Lower travel comfort,Extra buses during peak hours; Special services for students and workers,
PS-93ABMG,2026-09-20T02:13:25.785290+00:00,18–25,Male,Kannur,Semi-urban,Student,,Several times a week,No reduction,Agree,"Yes, regularly",No change,Other,Safe travel for women commuters,Moderate loss of passengers and revenue,Private bus operators — due to loss of passengers and revenue,,Always,Morning peak hours,"Yes, very frequently",More overcrowding; Continued challenges for private bus operators; Lower travel comfort; More delays,Extra buses during peak hours; Special services for students and workers,
PS-8RNBB2,2026-09-20T02:17:07.824153+00:00,18–25,Male,Kasaragod,Semi-urban,Student,,Occasionally,Not applicable,Strongly agree,"Yes, regularly",No change,Route availability,,Significant loss of passengers and revenue,Private bus operators — due to loss of passengers and revenue,,Always,Morning peak hours,Never,More overcrowding; Lower travel comfort,Special services for students and workers,
PS-BI28V1,2026-09-20T02:25:33.636854+00:00,18–25,Male,Malappuram,Rural,Student,,Daily,No reduction,Agree,"Yes, regularly",No change,Other,No change,Moderate loss of passengers and revenue,Other regular KSRTC passengers — due to overcrowding and delays,,Always,Both morning and evening peaks,"Yes, sometimes",More overcrowding,Special services for students and workers,
PS-RFXSIO,2026-09-20T02:32:06.983380+00:00,18–25,Female,Kollam,Semi-urban,Student,,Occasionally,Moderately reduced,Agree,"Yes, occasionally","Yes, to some extent",Better reliability,,Slight impact,Private bus operators — due to loss of passengers and revenue,,Always,Both morning and evening peaks,"Yes, sometimes",Greater passenger dissatisfaction; Continued challenges for private bus operators; More delays,Extra buses during peak hours; Special services for students and workers; Better coordination between KSRTC and private buses,
PS-ZTBC2W,2026-09-20T02:41:41.376260+00:00,18–25,Female,Wayanad,Rural,Student,,Several times a week,Significantly reduced,Agree,Rarely,I still mainly use private buses,Lower / zero travel cost,,Slight impact,Male passengers — due to increased overcrowding,,Always,Both morning and evening peaks,Rarely,Continued challenges for private bus operators,Demand-based route planning,
PS-ESJJ0U,2026-09-20T02:42:44.655795+00:00,18–25,Female,Malappuram,Rural,Student,,Several times a week,Significantly reduced,Agree,"Yes, occasionally",No change,Scheme benefits,,No significant impact,Other regular KSRTC passengers — due to overcrowding and delays,,Always,Both morning and evening peaks,"Yes, very frequently",More delays,Special services for students and workers; Better coordination between KSRTC and private buses; Smart pass / better verification,
PS-BR1E5R,2026-09-20T02:58:48.218162+00:00,18–25,Female,Wayanad,Rural,Student,,Several times a week,No reduction,Strongly agree,"Yes, regularly","Yes, to some extent",Better access to education/work,,Significant loss of passengers and revenue,Private bus operators — due to loss of passengers and revenue,,Often,Morning peak hours,"Yes, sometimes",More delays,Extra buses during peak hours,
PS-EC0GUN,2026-09-20T03:15:16.133003+00:00,18–25,Male,Kasaragod,Rural,Student,,Occasionally,Moderately reduced,Strongly agree,"Yes, regularly",I still mainly use private buses,Other,No change,Significant loss of passengers and revenue,Private bus operators — due to loss of passengers and revenue,,Often,Morning peak hours,"Yes, sometimes",More overcrowding; Increased pressure on KSRTC; Lower travel comfort; Positive improvements if the government acts,Special services for students and workers; Better coordination between KSRTC and private buses; Increase overall KSRTC fleet capacity,
PS-748M2L,2026-09-20T03:17:40.760113+00:00,Below 18,Female,Wayanad,Rural,Student,,Occasionally,Slightly reduced,Strongly agree,"No, I mainly used KSRTC","Yes, to some extent",Scheme benefits,,Significant loss of passengers and revenue,Private bus operators — due to loss of passengers and revenue,,Always,Both morning and evening peaks,"Yes, very frequently",Greater passenger dissatisfaction; Lower travel comfort,Demand-based route planning,
PS-087ID5,2026-09-20T03:17:57.431843+00:00,26–35,Male,Kozhikode,Rural,Working,,Occasionally,Slightly reduced,Neutral,"Yes, regularly",I still mainly use private buses,Better access to education/work,,Significant loss of passengers and revenue,Other regular KSRTC passengers — due to overcrowding and delays,,Often,Evening peak hours,"Yes, sometimes",More overcrowding; Lower travel comfort,Extra buses during peak hours; Special services for students and workers; Demand-based route planning; Smart pass / better verification,
PS-3H5FQZ,2026-09-20T03:21:34.912988+00:00,18–25,Female,Kottayam,Semi-urban,Student,,Occasionally,Slightly reduced,Agree,"Yes, regularly","Yes, to some extent",Other,Not applicable,Moderate loss of passengers and revenue,Private bus operators — due to loss of passengers and revenue,,Always,Throughout the day,"Yes, very frequently",More overcrowding; More delays,Extra buses during peak hours; Special services for students and workers; Other,
PS-AYXGBO,2026-09-20T03:33:41.959079+00:00,18–25,Female,Kannur,Rural,Student,,Rarely,Slightly reduced,Neutral,"Yes, regularly",Not applicable,Other,Iam always travelling through ksrtc before the priyadharshini scheme,Significant loss of passengers and revenue,Male passengers — due to increased overcrowding,,Often,Evening peak hours,Never,Continued challenges for private bus operators; Lower travel comfort,Extra buses during peak hours; Better coordination between KSRTC and private buses,
PS-YFRGAO,2026-09-20T03:45:12.229837+00:00,18–25,Female,Kannur,Semi-urban,Student,,Rarely,Not applicable,Strongly disagree,"Yes, regularly","Yes, significantly",Lower / zero travel cost,,Significant loss of passengers and revenue,Private bus operators — due to loss of passengers and revenue,,Sometimes,Morning peak hours,"Yes, sometimes",Increased pressure on KSRTC,Extra buses during peak hours; Special services for students and workers,
PS-4JAL47,2026-09-20T03:48:55.288381+00:00,18–25,Female,Malappuram,Semi-urban,Student,,Occasionally,No reduction,Neutral,Rarely,I still mainly use private buses,Lower / zero travel cost,,Significant loss of passengers and revenue,Private bus operators — due to loss of passengers and revenue,,Often,Evening peak hours,Rarely,Increased pressure on KSRTC,Special services for students and workers; Better coordination between KSRTC and private buses,
PS-A4OGC9,2026-09-20T04:14:42.895823+00:00,18–25,Male,Kozhikode,Rural,Student,,Several times a week,Not applicable,Strongly agree,"No, I mainly used KSRTC",I did not use private buses previously,Better reliability,,Significant loss of passengers and revenue,Male passengers — due to increased overcrowding,,Always,Both morning and evening peaks,"Yes, very frequently",More overcrowding; Increased pressure on KSRTC; Greater passenger dissatisfaction,Better coordination between KSRTC and private buses,
PS-5HLRVN,2026-09-20T04:22:17.533683+00:00,18–25,Female,Kasaragod,Semi-urban,Student,,Occasionally,No reduction,Strongly disagree,Not applicable,No change,Route availability,,Slight impact,Private bus operators — due to loss of passengers and revenue,,Often,Both morning and evening peaks,Rarely,Positive improvements if the government acts,Extra buses during peak hours; Better coordination between KSRTC and private buses; Other,
PS-0FXN79,2026-09-20T04:27:29.876775+00:00,18–25,Female,Malappuram,Semi-urban,Student,,Several times a week,Slightly reduced,Agree,Rarely,I still mainly use private buses,Lower / zero travel cost,,Significant loss of passengers and revenue,Male passengers — due to increased overcrowding,,Always,Evening peak hours,Rarely,Increased pressure on KSRTC; Greater passenger dissatisfaction,Extra buses during peak hours; Special services for students and workers; Demand-based route planning; Better coordination between KSRTC and private buses,
PS-BOZLBT,2026-09-20T04:28:09.296036+00:00,18–25,Female,Kasaragod,Rural,Student,,Daily,Slightly reduced,Neutral,"Yes, occasionally",No change,Lower / zero travel cost,,Significant loss of passengers and revenue,Private bus operators — due to loss of passengers and revenue,,Often,Evening peak hours,"Yes, sometimes",More overcrowding; Increased pressure on KSRTC; Other,Extra buses during peak hours; Special services for students and workers; Increase overall KSRTC fleet capacity,
PS-DXQPPX,2026-09-20T04:31:21.829704+00:00,26–35,Female,Malappuram,Semi-urban,Working,,Occasionally,Significantly reduced,Strongly agree,"Yes, regularly","Yes, significantly",Better access to education/work,,Slight impact,Private bus operators — due to loss of passengers and revenue,,Often,Evening peak hours,Rarely,More overcrowding,Special services for students and workers; Smart pass / better verification,
PS-R76BFS,2026-09-20T04:36:59.962113+00:00,18–25,Male,Kollam,Rural,Student,,Occasionally,No reduction,Strongly disagree,"Yes, regularly",No change,Better access to education/work,,Moderate loss of passengers and revenue,Private bus operators — due to loss of passengers and revenue,,Often,Evening peak hours,"Yes, very frequently",Increased pressure on KSRTC; Lower travel comfort,Extra buses during peak hours; Special services for students and workers; Better coordination between KSRTC and private buses,
PS-I498X4,2026-09-20T04:39:04.492039+00:00,18–25,Female,Malappuram,Rural,Student,,Rarely,Slightly reduced,Agree,"Yes, occasionally","Yes, to some extent",Scheme benefits,,No significant impact,Other regular KSRTC passengers — due to overcrowding and delays,,Sometimes,Morning peak hours,Never,More overcrowding,Extra buses during peak hours; Special services for students and workers; Better coordination between KSRTC and private buses,
PS-S8O64X,2026-09-20T04:52:03.228518+00:00,18–25,Female,Malappuram,Rural,Student,,Rarely,Slightly reduced,Disagree,"No, I mainly used KSRTC","Yes, significantly",Lower / zero travel cost,,Moderate loss of passengers and revenue,Other,,Rarely,Both morning and evening peaks,"Yes, very frequently",Lower travel comfort,Smart pass / better verification; Other,
PS-ALFVGO,2026-09-20T04:54:08.764369+00:00,18–25,Female,Kozhikode,Semi-urban,Student,,Occasionally,No reduction,Neutral,Not applicable,Not applicable,Scheme benefits,,Slight impact,Private bus operators — due to loss of passengers and revenue,,Always,Both morning and evening peaks,"Yes, sometimes",Greater passenger dissatisfaction,Extra buses during peak hours; Special services for students and workers; Demand-based route planning,
PS-WYF5FT,2026-09-20T04:54:44.198356+00:00,18–25,Female,Kottayam,Semi-urban,Student,,Occasionally,Slightly reduced,Agree,"No, I mainly used KSRTC",No change,Lower / zero travel cost,,Significant loss of passengers and revenue,Other regular KSRTC passengers — due to overcrowding and delays,,Always,Both morning and evening peaks,"Yes, very frequently",More overcrowding; Increased pressure on KSRTC; Lower travel comfort,Better coordination between KSRTC and private buses; Smart pass / better verification,
PS-SVZJIO,2026-09-20T05:00:51.209525+00:00,18–25,Male,Kollam,Rural,Student,,Several times a week,No reduction,Neutral,"Yes, occasionally",No change,Other,Iam always travelling through ksrtc before the priyadharshini scheme,Moderate loss of passengers and revenue,Private bus operators — due to loss of passengers and revenue,,Sometimes,Evening peak hours,"Yes, sometimes",More delays,Extra buses during peak hours; Better coordination between KSRTC and private buses; Other,
PS-510BI3,2026-09-20T05:09:59.236458+00:00,18–25,Male,Pathanamthitta,Semi-urban,Student,,Rarely,No reduction,Disagree,Rarely,Not applicable,Better reliability,,Slight impact,Other regular KSRTC passengers — due to overcrowding and delays,,Always,Both morning and evening peaks,"Yes, very frequently",More overcrowding; Increased pressure on KSRTC; Lower travel comfort,Extra buses during peak hours; Better coordination between KSRTC and private buses,
PS-UMRUW1,2026-09-20T05:12:55.309611+00:00,26–35,Female,Kollam,Urban,Student,,Rarely,Slightly reduced,Agree,"No, I mainly used KSRTC","Yes, to some extent",Route availability,,Significant loss of passengers and revenue,Private bus operators — due to loss of passengers and revenue,,Often,Evening peak hours,"Yes, sometimes",More overcrowding,Extra buses during peak hours,
PS-L0CW9L,2026-09-20T05:14:58.372054+00:00,26–35,Female,Kasaragod,Rural,Homemaker,,Occasionally,Slightly reduced,Disagree,Rarely,I still mainly use private buses,Other,Iam always travelling through ksrtc before the priyadharshini scheme,Significant loss of passengers and revenue,Male passengers — due to increased overcrowding,,Often,Both morning and evening peaks,Rarely,More overcrowding,Demand-based route planning,
PS-9VUY5D,2026-09-20T05:16:40.533338+00:00,18–25,Male,Kannur,Semi-urban,Student,,Rarely,Moderately reduced,Neutral,Not applicable,I did not use private buses previously,Better access to education/work,,Moderate loss of passengers and revenue,Private bus operators — due to loss of passengers and revenue,,Rarely,Evening peak hours,"Yes, very frequently",Lower travel comfort,Demand-based route planning,
PS-YKAHP0,2026-09-20T05:25:03.911838+00:00,18–25,Female,Kozhikode,Urban,Student,,Rarely,Significantly reduced,Neutral,"Yes, regularly","Yes, significantly",Route availability,,Significant loss of passengers and revenue,Private bus operators — due to loss of passengers and revenue,,Rarely,Evening peak hours,"Yes, very frequently",Increased pressure on KSRTC; Lower travel comfort,Better coordination between KSRTC and private buses; Smart pass / better verification,
PS-4FFLA5,2026-09-20T05:26:07.267312+00:00,18–25,Male,Kozhikode,Semi-urban,Student,,Occasionally,Slightly reduced,Disagree,"Yes, occasionally",No change,Lower / zero travel cost,,Significant loss of passengers and revenue,Private bus operators — due to loss of passengers and revenue,,Often,Evening peak hours,"Yes, sometimes",Greater passenger dissatisfaction; Continued challenges for private bus operators; More delays,Extra buses during peak hours; Special services for students and workers; Smart pass / better verification,
PS-SZ6CB5,2026-09-20T05:28:42.793401+00:00,18–25,Female,Pathanamthitta,Semi-urban,Student,,Occasionally,Slightly reduced,Agree,"Yes, occasionally","Yes, to some extent",Lower / zero travel cost,,Significant loss of passengers and revenue,Male passengers — due to increased overcrowding,,Often,Both morning and evening peaks,"Yes, very frequently",More overcrowding,Better coordination between KSRTC and private buses,
PS-FI17LW,2026-09-20T05:34:12.315090+00:00,18–25,Female,Kasaragod,Semi-urban,Student,,Occasionally,Slightly reduced,Agree,Rarely,"Yes, to some extent",Scheme benefits,,Significant loss of passengers and revenue,Private bus operators — due to loss of passengers and revenue,,Often,Both morning and evening peaks,"Yes, sometimes",More overcrowding; More delays,Increase overall KSRTC fleet capacity,
PS-DKDGDK,2026-09-20T05:37:34.659641+00:00,Below 18,Female,Kozhikode,Urban,Student,,Daily,No reduction,Agree,"Yes, regularly",I still mainly use private buses,Route availability,,Significant loss of passengers and revenue,Male passengers — due to increased overcrowding,,Often,Morning peak hours,"Yes, sometimes",Increased pressure on KSRTC; More delays,Extra buses during peak hours; Special services for students and workers; Smart pass / better verification,
PS-A8DZND,2026-09-20T05:45:25.245246+00:00,18–25,Female,Malappuram,Rural,Student,,Daily,Moderately reduced,Agree,"No, I mainly used KSRTC",I did not use private buses previously,Scheme benefits,,No significant impact,Other regular KSRTC passengers — due to overcrowding and delays,,Always,Both morning and evening peaks,"Yes, sometimes",More overcrowding; Increased pressure on KSRTC; Greater passenger dissatisfaction; Lower travel comfort; More delays,Extra buses during peak hours; Special services for students and workers,
PS-MGJKW4,2026-09-20T05:51:00.251885+00:00,Below 18,Male,Pathanamthitta,Semi-urban,Student,,Daily,No reduction,Neutral,"Yes, regularly",No change,Other,Not applicable,Slight impact,Other regular KSRTC passengers — due to overcrowding and delays,,Never,Rarely face overcrowding,Rarely,Increased pressure on KSRTC; More delays,Special services for students and workers; Demand-based route planning; Smart pass / better verification; Increase overall KSRTC fleet capacity,
PS-IBT4PC,2026-09-20T05:52:32.459633+00:00,18–25,Female,Kozhikode,Rural,Student,,Several times a week,Significantly reduced,Strongly agree,"Yes, regularly","Yes, significantly",Better access to education/work,,Moderate loss of passengers and revenue,Male passengers — due to increased overcrowding,,Never,Throughout the day,"Yes, sometimes",Lower travel comfort; More delays,Special services for students and workers,
PS-5ZV8OL,2026-09-20T05:55:17.633244+00:00,18–25,Female,Kozhikode,Urban,Student,,Rarely,No reduction,Agree,"Yes, occasionally",No change,Lower / zero travel cost,,Moderate loss of passengers and revenue,Male passengers — due to increased overcrowding,,Sometimes,Evening peak hours,"Yes, very frequently",More overcrowding,Special services for students and workers,
PS-2NNRWR,2026-09-20T06:14:58.425118+00:00,18–25,Female,Kollam,Semi-urban,Student,,Several times a week,Not applicable,Agree,"Yes, regularly","Yes, significantly",Lower / zero travel cost,,Moderate loss of passengers and revenue,Private bus operators — due to loss of passengers and revenue,,Always,Morning peak hours,"Yes, very frequently",Increased pressure on KSRTC; Lower travel comfort,Extra buses during peak hours; Demand-based route planning; Smart pass / better verification,
PS-TWOY5N,2026-09-20T06:15:43.143513+00:00,46–55,Female,Wayanad,Rural,Student,,Several times a week,Significantly reduced,Strongly agree,"Yes, occasionally","Yes, significantly",Lower / zero travel cost,,Significant loss of passengers and revenue,Private bus operators — due to loss of passengers and revenue,,Always,Both morning and evening peaks,Rarely,More overcrowding; Lower travel comfort,Special services for students and workers; Better coordination between KSRTC and private buses,
PS-YSB1H2,2026-09-20T06:23:45.657537+00:00,26–35,Female,Kannur,Urban,Working,,Daily,No reduction,Disagree,"Yes, occasionally",No change,Lower / zero travel cost,,Significant loss of passengers and revenue,Male passengers — due to increased overcrowding,,Sometimes,Evening peak hours,"Yes, very frequently",Greater passenger dissatisfaction,Extra buses during peak hours; Better coordination between KSRTC and private buses,
PS-1ZI0VS,2026-09-20T06:24:00.675847+00:00,26–35,Female,Wayanad,Rural,Self-employed,,Several times a week,Significantly reduced,Strongly agree,"No, I mainly used KSRTC",I did not use private buses previously,Other,Direct bus route available without changing buses,Significant loss of passengers and revenue,Private bus operators — due to loss of passengers and revenue,,Always,Both morning and evening peaks,"Yes, sometimes",Greater passenger dissatisfaction,Extra buses during peak hours; Better coordination between KSRTC and private buses,
PS-KLNSY8,2026-09-20T06:24:47.377182+00:00,18–25,Male,Malappuram,Rural,Student,,Several times a week,No reduction,Neutral,"Yes, occasionally","Yes, significantly",Lower / zero travel cost,,Significant loss of passengers and revenue,Private bus operators — due to loss of passengers and revenue,,Always,Both morning and evening peaks,"Yes, very frequently",Increased pressure on KSRTC; Lower travel comfort,Extra buses during peak hours; Better coordination between KSRTC and private buses,
PS-ZQWUJQ,2026-09-20T06:28:02.376624+00:00,18–25,Female,Malappuram,Semi-urban,Student,,Occasionally,Significantly reduced,Agree,Rarely,I still mainly use private buses,Lower / zero travel cost,,Significant loss of passengers and revenue,Private bus operators — due to loss of passengers and revenue,,Often,Both morning and evening peaks,"Yes, very frequently",Increased pressure on KSRTC; More delays,Special services for students and workers,
PS-N2WB9I,2026-09-20T06:28:04.628936+00:00,36–45,Male,Kannur,Semi-urban,Working,,Rarely,Moderately reduced,Agree,Not applicable,Not applicable,Other,Direct bus route available without changing buses,Significant loss of passengers and revenue,Male passengers — due to increased overcrowding,,Sometimes,Both morning and evening peaks,"Yes, very frequently",More overcrowding; Continued challenges for private bus operators,Extra buses during peak hours; Better coordination between KSRTC and private buses; Other,
PS-SE7AGZ,2026-09-20T06:33:02.509675+00:00,18–25,Male,Kozhikode,Urban,Student,,Several times a week,Not applicable,Neutral,Rarely,Not applicable,Lower / zero travel cost,,Moderate loss of passengers and revenue,KSRTC staff / conductors — due to increased passenger pressure,,Rarely,Morning peak hours,"Yes, very frequently",Lower travel comfort,Extra buses during peak hours; Special services for students and workers,
PS-1SC4U9,2026-09-20T06:49:30.509382+00:00,18–25,Female,Kozhikode,Rural,Student,,Rarely,Moderately reduced,Agree,Rarely,Not applicable,Other,Direct bus route available without changing buses,No significant impact,Other regular KSRTC passengers — due to overcrowding and delays,,Rarely,Throughout the day,Rarely,Continued challenges for private bus operators; More delays; Positive improvements if the government acts,Extra buses during peak hours; Other,
PS-4OIGUU,2026-09-20T06:50:29.391488+00:00,18–25,Male,Kannur,Urban,Student,,Several times a week,Slightly reduced,Agree,"No, I mainly used KSRTC","Yes, significantly",Better reliability,,Significant loss of passengers and revenue,Private bus operators — due to loss of passengers and revenue,,Always,Both morning and evening peaks,"Yes, sometimes",More overcrowding,Extra buses during peak hours; Better coordination between KSRTC and private buses; Increase overall KSRTC fleet capacity,
PS-71WHBM,2026-09-20T07:01:37.241599+00:00,Below 18,Female,Malappuram,Semi-urban,Student,,Daily,Slightly reduced,Agree,"Yes, regularly","Yes, to some extent",Route availability,,Significant loss of passengers and revenue,Private bus operators — due to loss of passengers and revenue,,Rarely,Evening peak hours,Rarely,Increased pressure on KSRTC; Continued challenges for private bus operators,Demand-based route planning,
PS-8L8X6V,2026-09-20T07:12:42.457524+00:00,Below 18,Male,Wayanad,Rural,Student,,Daily,No reduction,Neutral,"Yes, occasionally",No change,Better reliability,,Significant loss of passengers and revenue,Private bus operators — due to loss of passengers and revenue,,Never,Morning peak hours,Rarely,Increased pressure on KSRTC; More delays,Extra buses during peak hours; Special services for students and workers,
PS-6JYLQ4,2026-09-20T07:23:04.429140+00:00,18–25,Male,Malappuram,Urban,Student,,Occasionally,Moderately reduced,Neutral,Not applicable,No change,Lower / zero travel cost,,Significant loss of passengers and revenue,Other regular KSRTC passengers — due to overcrowding and delays,,Rarely,Evening peak hours,"Yes, sometimes",More overcrowding; Lower travel comfort,Extra buses during peak hours; Better coordination between KSRTC and private buses; Smart pass / better verification,
PS-H9SYP7,2026-09-20T07:24:12.615775+00:00,18–25,Male,Malappuram,Semi-urban,Working,,Rarely,Not applicable,Agree,Rarely,"Yes, to some extent",Other,Iam always travelling through ksrtc before the priyadharshini scheme,Significant loss of passengers and revenue,Male passengers — due to increased overcrowding,,Always,Evening peak hours,Never,Increased pressure on KSRTC; Greater passenger dissatisfaction; Lower travel comfort,Special services for students and workers; Demand-based route planning; Smart pass / better verification,
PS-23XWR1,2026-09-20T07:30:55.140269+00:00,Below 18,Other / Prefer not to say,Kannur,Rural,Student,,Several times a week,Significantly reduced,Strongly agree,"Yes, regularly",No change,Scheme benefits,,Significant loss of passengers and revenue,Private bus operators — due to loss of passengers and revenue,,Always,Both morning and evening peaks,"Yes, very frequently",Increased pressure on KSRTC; Lower travel comfort,Special services for students and workers; Better coordination between KSRTC and private buses,
PS-HR5L0N,2026-09-20T07:43:12.965345+00:00,18–25,Female,Kozhikode,Semi-urban,Student,,Several times a week,Moderately reduced,Disagree,"Yes, occasionally",No change,Lower / zero travel cost,,Slight impact,Other regular KSRTC passengers — due to overcrowding and delays,,Always,Both morning and evening peaks,"Yes, very frequently",Increased pressure on KSRTC; Greater passenger dissatisfaction,Extra buses during peak hours; Special services for students and workers; Better coordination between KSRTC and private buses; Smart pass / better verification,
PS-M27QH4,2026-09-20T07:49:32.963408+00:00,18–25,Male,Kannur,Urban,Other,Unemployed,Occasionally,Not applicable,Neutral,Rarely,"Yes, to some extent",Better reliability,,Moderate loss of passengers and revenue,Private bus operators — due to loss of passengers and revenue,,Always,Evening peak hours,Rarely,Lower travel comfort; More delays,Special services for students and workers,
PS-X1U5FD,2026-09-20T07:54:42.949222+00:00,Below 18,Female,Malappuram,Rural,Student,,Daily,Slightly reduced,Agree,Rarely,I still mainly use private buses,Lower / zero travel cost,,Significant loss of passengers and revenue,Private bus operators — due to loss of passengers and revenue,,Often,Morning peak hours,"Yes, sometimes",Continued challenges for private bus operators; Lower travel comfort,Special services for students and workers,
PS-67V4PJ,2026-09-20T07:57:19.757358+00:00,18–25,Female,Wayanad,Rural,Student,,Several times a week,Slightly reduced,Neutral,"Yes, occasionally",I still mainly use private buses,Lower / zero travel cost,,Significant loss of passengers and revenue,Private bus operators — due to loss of passengers and revenue,,Sometimes,Evening peak hours,"Yes, sometimes",Lower travel comfort,Special services for students and workers; Better coordination between KSRTC and private buses,
PS-2ORXXK,2026-09-20T08:02:14.135358+00:00,18–25,Female,Malappuram,Rural,Student,,Rarely,Slightly reduced,Strongly agree,"Yes, regularly",I still mainly use private buses,Route availability,,Slight impact,Other regular KSRTC passengers — due to overcrowding and delays,,Rarely,Evening peak hours,"Yes, very frequently",Increased pressure on KSRTC,Special services for students and workers,
PS-QA0X06,2026-09-20T08:12:52.148071+00:00,18–25,Female,Kannur,Rural,Student,,Daily,Slightly reduced,Agree,"Yes, occasionally","Yes, significantly",Lower / zero travel cost,,Moderate loss of passengers and revenue,Other regular KSRTC passengers — due to overcrowding and delays,,Rarely,Both morning and evening peaks,"Yes, sometimes",Increased pressure on KSRTC; Continued challenges for private bus operators; More delays,Extra buses during peak hours; Better coordination between KSRTC and private buses; Smart pass / better verification,
PS-6U3TRA,2026-09-20T08:15:18.911206+00:00,Below 18,Female,Kozhikode,Semi-urban,Student,,Occasionally,Slightly reduced,Agree,"No, I mainly used KSRTC","Yes, significantly",Better access to education/work,,Significant loss of passengers and revenue,Private bus operators — due to loss of passengers and revenue,,Never,Both morning and evening peaks,Rarely,Increased pressure on KSRTC; Continued challenges for private bus operators; More delays,Extra buses during peak hours; Better coordination between KSRTC and private buses,
PS-A1SQ3U,2026-09-20T08:23:30.756457+00:00,Below 18,Female,Malappuram,Rural,Student,,Several times a week,No reduction,Disagree,"Yes, occasionally",No change,Lower / zero travel cost,,No significant impact,Other regular KSRTC passengers — due to overcrowding and delays,,Often,Both morning and evening peaks,Rarely,Increased pressure on KSRTC; Lower travel comfort; More delays,Extra buses during peak hours; Special services for students and workers; Demand-based route planning; Better coordination between KSRTC and private buses; Smart pass / better verification,
PS-DEA0SK,2026-09-20T08:29:01.726086+00:00,Below 18,Female,Kozhikode,Rural,Student,,Several times a week,Not applicable,Agree,"Yes, regularly",No change,Route availability,,Significant loss of passengers and revenue,Private bus operators — due to loss of passengers and revenue,,Rarely,Evening peak hours,"Yes, sometimes",More overcrowding; Lower travel comfort; More delays,Extra buses during peak hours; Smart pass / better verification,
PS-NUE50A,2026-09-20T08:30:53.620302+00:00,18–25,Male,Pathanamthitta,Rural,Working,,Occasionally,Not applicable,Disagree,"No, I mainly used KSRTC",No change,Other,Safe travel for women commuters,Moderate loss of passengers and revenue,Private bus operators — due to loss of passengers and revenue,,Often,Morning peak hours,"Yes, very frequently",More delays,Special services for students and workers; Better coordination between KSRTC and private buses,
PS-J0W9J8,2026-09-20T08:33:21.298749+00:00,36–45,Male,Pathanamthitta,Semi-urban,Student,,Occasionally,Not applicable,Strongly agree,"Yes, regularly",No change,Other,Iam always travelling through ksrtc before the priyadharshini scheme,Moderate loss of passengers and revenue,Other regular KSRTC passengers — due to overcrowding and delays,,Often,Evening peak hours,Rarely,Lower travel comfort,Extra buses during peak hours; Special services for students and workers,
PS-GCU57Y,2026-09-20T08:36:45.680460+00:00,36–45,Male,Malappuram,Urban,Working,,Several times a week,Slightly reduced,Strongly agree,"Yes, regularly",I still mainly use private buses,Better access to education/work,,Significant loss of passengers and revenue,Private bus operators — due to loss of passengers and revenue,,Always,Both morning and evening peaks,Rarely,Lower travel comfort,Extra buses during peak hours; Demand-based route planning; Other,
PS-BCXWKG,2026-09-20T08:38:40.156488+00:00,18–25,Female,Kozhikode,Rural,Student,,Several times a week,Moderately reduced,Agree,"No, I mainly used KSRTC","Yes, to some extent",Lower / zero travel cost,,No significant impact,Other regular KSRTC passengers — due to overcrowding and delays,,Always,Both morning and evening peaks,"Yes, very frequently",Increased pressure on KSRTC; Greater passenger dissatisfaction,Special services for students and workers,
PS-46ZXAP,2026-09-20T08:41:05.337864+00:00,36–45,Female,Kasaragod,Urban,Student,,Occasionally,No reduction,Neutral,"Yes, regularly",No change,Lower / zero travel cost,,Moderate loss of passengers and revenue,Private bus operators — due to loss of passengers and revenue,,Always,Both morning and evening peaks,"Yes, very frequently",Greater passenger dissatisfaction; Lower travel comfort,Extra buses during peak hours; Demand-based route planning; Smart pass / better verification; Increase overall KSRTC fleet capacity,
PS-NEPZG3,2026-09-20T08:42:43.987508+00:00,18–25,Female,Kannur,Semi-urban,Student,,Occasionally,Not applicable,Neutral,Rarely,"Yes, to some extent",Route availability,,No significant impact,Other regular KSRTC passengers — due to overcrowding and delays,,Often,Evening peak hours,"Yes, very frequently",Continued challenges for private bus operators,Extra buses during peak hours; Better coordination between KSRTC and private buses,
PS-N7LML9,2026-09-20T08:48:43.275877+00:00,18–25,Female,Kozhikode,Rural,Student,,Several times a week,Not applicable,Neutral,"Yes, regularly",I still mainly use private buses,Lower / zero travel cost,,Moderate loss of passengers and revenue,Private bus operators — due to loss of passengers and revenue,,Sometimes,Evening peak hours,"Yes, sometimes",Lower travel comfort,Special services for students and workers,
PS-WRZOI8,2026-09-20T08:49:42.722909+00:00,18–25,Female,Kozhikode,Urban,Student,,Occasionally,No reduction,Disagree,Rarely,"Yes, to some extent",Better access to education/work,,Slight impact,Private bus operators — due to loss of passengers and revenue,,Often,Both morning and evening peaks,"Yes, sometimes",More delays,Extra buses during peak hours,
PS-PTM8WO,2026-09-20T08:50:32.409455+00:00,18–25,Female,Malappuram,Rural,Student,,Daily,Significantly reduced,Agree,"Yes, occasionally",No change,Route availability,,Significant loss of passengers and revenue,Private bus operators — due to loss of passengers and revenue,,Often,Evening peak hours,"Yes, sometimes",More overcrowding; More delays,Special services for students and workers,
PS-DG7KB7,2026-09-20T08:55:06.314359+00:00,18–25,Male,Malappuram,Semi-urban,Student,,Occasionally,Moderately reduced,Disagree,"Yes, occasionally",I still mainly use private buses,Better access to education/work,,Significant loss of passengers and revenue,Other regular KSRTC passengers — due to overcrowding and delays,,Often,Both morning and evening peaks,Never,Greater passenger dissatisfaction; Continued challenges for private bus operators; Lower travel comfort; More delays,Extra buses during peak hours; Special services for students and workers,
PS-75RNE3,2026-09-20T08:55:57.303629+00:00,18–25,Female,Kannur,Urban,Student,,Occasionally,Slightly reduced,Agree,"Yes, regularly","Yes, to some extent",Lower / zero travel cost,,Significant loss of passengers and revenue,Male passengers — due to increased overcrowding,,Often,Both morning and evening peaks,Rarely,Lower travel comfort,Special services for students and workers,
PS-0GJIEX,2026-09-20T09:07:04.143410+00:00,18–25,Female,Kozhikode,Rural,Student,,Several times a week,Slightly reduced,Neutral,"No, I mainly used KSRTC","Yes, to some extent",Lower / zero travel cost,,Slight impact,Private bus operators — due to loss of passengers and revenue,,Always,Both morning and evening peaks,Rarely,Continued challenges for private bus operators; Lower travel comfort,Better coordination between KSRTC and private buses; Other,
PS-D0LAQE,2026-09-20T09:09:17.221938+00:00,18–25,Female,Kasaragod,Rural,Student,,Daily,Significantly reduced,Strongly agree,"Yes, occasionally","Yes, significantly",Lower / zero travel cost,,Significant loss of passengers and revenue,Private bus operators — due to loss of passengers and revenue,,Rarely,Both morning and evening peaks,"Yes, sometimes",More overcrowding; More delays,Special services for students and workers; Demand-based route planning; Better coordination between KSRTC and private buses,
PS-SNSPL2,2026-09-20T09:11:38.851268+00:00,18–25,Female,Kannur,Semi-urban,Student,,Rarely,Significantly reduced,Agree,Not applicable,"Yes, significantly",Route availability,,Significant loss of passengers and revenue,Male passengers — due to increased overcrowding,,Often,Both morning and evening peaks,"Yes, very frequently",More overcrowding,Special services for students and workers,
PS-AHPYDD,2026-09-20T09:18:42.326879+00:00,18–25,Female,Palakkad,Rural,Student,,Occasionally,Significantly reduced,Agree,Rarely,Not applicable,Other,Safe travel for women commuters,Significant loss of passengers and revenue,Male passengers — due to increased overcrowding,,Always,Both morning and evening peaks,"Yes, sometimes",More overcrowding; Increased pressure on KSRTC; Greater passenger dissatisfaction; Lower travel comfort,Extra buses during peak hours; Special services for students and workers; Demand-based route planning,
PS-T35FJK,2026-09-20T09:28:30.911450+00:00,18–25,Male,Kannur,Rural,Student,,Daily,Significantly reduced,Strongly agree,Rarely,"Yes, to some extent",Better access to education/work,,Significant loss of passengers and revenue,Male passengers — due to increased overcrowding,,Rarely,Throughout the day,"Yes, very frequently",Lower travel comfort,Special services for students and workers,
PS-FX6C7S,2026-09-20T09:42:36.370944+00:00,26–35,Female,Kozhikode,Rural,Working,,Daily,Slightly reduced,Disagree,"Yes, occasionally",No change,Route availability,,Significant loss of passengers and revenue,Private bus operators — due to loss of passengers and revenue,,Often,Evening peak hours,Rarely,More overcrowding; Increased pressure on KSRTC; More delays,Demand-based route planning; Better coordination between KSRTC and private buses; Smart pass / better verification,
PS-PBB67E,2026-09-20T09:44:27.628072+00:00,18–25,Female,Kannur,Rural,Student,,Several times a week,Slightly reduced,Neutral,Rarely,Not applicable,Lower / zero travel cost,,No significant impact,Other regular KSRTC passengers — due to overcrowding and delays,,Sometimes,Evening peak hours,"Yes, sometimes",Increased pressure on KSRTC; Continued challenges for private bus operators; Lower travel comfort; More delays,Better coordination between KSRTC and private buses,
PS-IQE77X,2026-09-20T10:03:22.286836+00:00,18–25,Male,Wayanad,Semi-urban,Student,,Several times a week,Slightly reduced,Agree,Not applicable,Not applicable,Other,No change,No significant impact,Other,,Always,Morning peak hours,"Yes, very frequently",More overcrowding; Greater passenger dissatisfaction; Lower travel comfort,Special services for students and workers; Demand-based route planning,
PS-A17HEO,2026-09-20T10:11:16.263462+00:00,56 and above,Other / Prefer not to say,Kozhikode,Rural,Student,,Occasionally,Significantly reduced,Strongly agree,"No, I mainly used KSRTC",No change,Lower / zero travel cost,,Significant loss of passengers and revenue,Private bus operators — due to loss of passengers and revenue,,Always,Both morning and evening peaks,"Yes, very frequently",Greater passenger dissatisfaction,Increase overall KSRTC fleet capacity,
PS-JKTD8S,2026-09-20T10:26:53.840137+00:00,18–25,Male,Kasaragod,Rural,Working,,Several times a week,Slightly reduced,Disagree,"No, I mainly used KSRTC","Yes, significantly",Other,Not applicable,Significant loss of passengers and revenue,Other regular KSRTC passengers — due to overcrowding and delays,,Sometimes,Rarely face overcrowding,"Yes, sometimes",Lower travel comfort,Smart pass / better verification,
PS-EGY1SE,2026-09-20T10:32:48.560696+00:00,18–25,Female,Kozhikode,Semi-urban,Student,,Rarely,Slightly reduced,Neutral,Rarely,I still mainly use private buses,Lower / zero travel cost,,Moderate loss of passengers and revenue,Private bus operators — due to loss of passengers and revenue,,Always,Both morning and evening peaks,"Yes, very frequently",Increased pressure on KSRTC; Lower travel comfort,Special services for students and workers,
PS-PPF2B9,2026-09-20T10:36:05.305742+00:00,18–25,Male,Palakkad,Semi-urban,Student,,Several times a week,Slightly reduced,Agree,"Yes, regularly",I still mainly use private buses,Lower / zero travel cost,,Significant loss of passengers and revenue,Private bus operators — due to loss of passengers and revenue,,Rarely,Evening peak hours,Never,More delays; Positive improvements if the government acts,Extra buses during peak hours,
PS-4JSBEE,2026-09-20T10:43:59.605172+00:00,46–55,Female,Wayanad,Rural,Homemaker,,Occasionally,Moderately reduced,Agree,"No, I mainly used KSRTC","Yes, significantly",Lower / zero travel cost,,Significant loss of passengers and revenue,Private bus operators — due to loss of passengers and revenue,,Often,Both morning and evening peaks,"Yes, sometimes",More overcrowding; Lower travel comfort,Extra buses during peak hours,
PS-W39D3W,2026-09-20T10:44:15.852491+00:00,18–25,Female,Kasaragod,Semi-urban,Student,,Rarely,Slightly reduced,Agree,"Yes, regularly","Yes, significantly",Better access to education/work,,Significant loss of passengers and revenue,Private bus operators — due to loss of passengers and revenue,,Rarely,Both morning and evening peaks,Rarely,Lower travel comfort,Special services for students and workers; Better coordination between KSRTC and private buses,
PS-EZN6WO,2026-09-20T10:50:17.499820+00:00,46–55,Female,Wayanad,Rural,Self-employed,,Daily,Not applicable,Strongly agree,"Yes, regularly",No change,Route availability,,Moderate loss of passengers and revenue,Private bus operators — due to loss of passengers and revenue,,Always,Throughout the day,"Yes, very frequently",More overcrowding; Continued challenges for private bus operators,Extra buses during peak hours; Demand-based route planning; Other,
PS-C5LWZN,2026-09-20T11:00:16.568401+00:00,18–25,Female,Wayanad,Semi-urban,Student,,Occasionally,Slightly reduced,Strongly agree,"Yes, occasionally","Yes, significantly",Lower / zero travel cost,,Significant loss of passengers and revenue,Private bus operators — due to loss of passengers and revenue,,Often,Both morning and evening peaks,Rarely,Greater passenger dissatisfaction; Lower travel comfort,Extra buses during peak hours; Special services for students and workers; Better coordination between KSRTC and private buses; Smart pass / better verification,
PS-DR36VM,2026-09-20T11:04:12.322548+00:00,Below 18,Female,Wayanad,Semi-urban,Student,,Several times a week,Moderately reduced,Strongly disagree,"Yes, regularly","Yes, to some extent",Scheme benefits,,Slight impact,Male passengers — due to increased overcrowding,,Sometimes,Both morning and evening peaks,"Yes, sometimes",More delays,Extra buses during peak hours; Special services for students and workers,
PS-78OQFF,2026-09-20T11:04:24.541801+00:00,26–35,Female,Malappuram,Rural,Business,,Occasionally,No reduction,Strongly disagree,"Yes, regularly",No change,Lower / zero travel cost,,Significant loss of passengers and revenue,Private bus operators — due to loss of passengers and revenue,,Always,Both morning and evening peaks,"Yes, very frequently",Continued challenges for private bus operators; Lower travel comfort,Extra buses during peak hours; Special services for students and workers; Demand-based route planning; Smart pass / better verification,
PS-LHZTB2,2026-09-20T11:05:25.664695+00:00,Below 18,Male,Malappuram,Semi-urban,Student,,Occasionally,No reduction,Agree,"No, I mainly used KSRTC",No change,Other,Direct bus route available without changing buses,Moderate loss of passengers and revenue,Private bus operators — due to loss of passengers and revenue,,Always,Both morning and evening peaks,Rarely,More overcrowding,Extra buses during peak hours; Special services for students and workers; Better coordination between KSRTC and private buses; Smart pass / better verification; Other,
PS-NGKLZ9,2026-09-20T11:06:17.757498+00:00,18–25,Male,Kozhikode,Semi-urban,Student,,Daily,No reduction,Agree,"Yes, regularly",Not applicable,Route availability,,Slight impact,Male passengers — due to increased overcrowding,,Always,Both morning and evening peaks,"Yes, very frequently",Greater passenger dissatisfaction; Lower travel comfort,Special services for students and workers; Increase overall KSRTC fleet capacity,
PS-FK6T1Y,2026-09-20T11:11:24.174016+00:00,26–35,Male,Pathanamthitta,Semi-urban,Student,,Rarely,No reduction,Agree,"Yes, regularly",No change,Other,Iam always travelling through ksrtc before the priyadharshini scheme,Significant loss of passengers and revenue,Private bus operators — due to loss of passengers and revenue,,Always,Both morning and evening peaks,"Yes, sometimes",More overcrowding,Demand-based route planning,
PS-NKHVUU,2026-09-20T11:12:29.319929+00:00,18–25,Female,Malappuram,Urban,Student,,Rarely,Slightly reduced,Agree,"Yes, occasionally","Yes, to some extent",Route availability,,Significant loss of passengers and revenue,Male passengers — due to increased overcrowding,,Sometimes,Both morning and evening peaks,Rarely,More overcrowding; Lower travel comfort,Special services for students and workers; Better coordination between KSRTC and private buses; Smart pass / better verification,
PS-GC7TH7,2026-09-20T11:14:58.695939+00:00,18–25,Male,Malappuram,Urban,Student,,Occasionally,Moderately reduced,Strongly agree,"Yes, regularly",Not applicable,Other,Iam always travelling through ksrtc before the priyadharshini scheme,Slight impact,Male passengers — due to increased overcrowding,,Rarely,Throughout the day,"Yes, sometimes",Lower travel comfort,Extra buses during peak hours; Better coordination between KSRTC and private buses; Smart pass / better verification; Increase overall KSRTC fleet capacity,
PS-VO7T9H,2026-09-20T11:16:44.398256+00:00,18–25,Female,Kozhikode,Rural,Student,,Several times a week,No reduction,Strongly disagree,"No, I mainly used KSRTC",Not applicable,Lower / zero travel cost,,Slight impact,Private bus operators — due to loss of passengers and revenue,,Sometimes,Both morning and evening peaks,Rarely,Increased pressure on KSRTC; More delays,Extra buses during peak hours; Special services for students and workers; Better coordination between KSRTC and private buses,
PS-3A9IA4,2026-09-20T11:23:25.484532+00:00,46–55,Male,Palakkad,Semi-urban,Working,,Daily,No reduction,Agree,"Yes, regularly",No change,Other,No change,Not sure,No one is significantly negatively affected,,Never,Both morning and evening peaks,Rarely,Increased pressure on KSRTC; Continued challenges for private bus operators; Lower travel comfort; More delays,Extra buses during peak hours; Other,
PS-ST6GEM,2026-09-20T11:27:56.778892+00:00,Below 18,Female,Malappuram,Urban,Student,,Occasionally,Slightly reduced,Neutral,"Yes, occasionally","Yes, to some extent",Better access to education/work,,Moderate loss of passengers and revenue,Private bus operators — due to loss of passengers and revenue,,Often,Evening peak hours,"Yes, sometimes",More overcrowding; Positive improvements if the government acts,Special services for students and workers; Better coordination between KSRTC and private buses,
PS-0NO1A5,2026-09-20T11:35:22.500897+00:00,26–35,Male,Kannur,Urban,Student,,Several times a week,No reduction,Strongly disagree,Rarely,Not applicable,Other,Safe travel for women commuters,Not sure,Other regular KSRTC passengers — due to overcrowding and delays,,Always,Throughout the day,"Yes, very frequently",More overcrowding,Extra buses during peak hours; Special services for students and workers; Demand-based route planning,
PS-ILLYK3,2026-09-20T11:43:58.694510+00:00,18–25,Female,Pathanamthitta,Semi-urban,Student,,Occasionally,Not applicable,Neutral,Rarely,"Yes, to some extent",Better access to education/work,,Moderate loss of passengers and revenue,Private bus operators — due to loss of passengers and revenue,,Often,Both morning and evening peaks,Never,Lower travel comfort; Positive improvements if the government acts,Extra buses during peak hours; Special services for students and workers,
PS-9SWVSR,2026-09-20T11:44:18.401611+00:00,18–25,Male,Kozhikode,Semi-urban,Working,,Occasionally,No reduction,Agree,"Yes, occasionally",No change,Route availability,,Moderate loss of passengers and revenue,Other,,Often,Both morning and evening peaks,Rarely,More delays; Other,Extra buses during peak hours,
PS-F3L4EA,2026-09-20T11:45:18.212321+00:00,26–35,Male,Thiruvananthapuram,Rural,Student,,Rarely,No reduction,Disagree,"Yes, regularly",No change,Other,Direct bus route available without changing buses,Significant loss of passengers and revenue,Private bus operators — due to loss of passengers and revenue,,Sometimes,Throughout the day,"Yes, sometimes",Lower travel comfort,Special services for students and workers,
PS-PX4KOO,2026-09-20T11:45:56.282854+00:00,18–25,Female,Kozhikode,Urban,Student,,Rarely,No reduction,Disagree,Rarely,I still mainly use private buses,Lower / zero travel cost,,Slight impact,Private bus operators — due to loss of passengers and revenue,,Sometimes,Both morning and evening peaks,"Yes, sometimes",Lower travel comfort,Extra buses during peak hours; Special services for students and workers,
PS-VKOZQK,2026-09-20T11:49:11.243907+00:00,18–25,Female,Kozhikode,Rural,Student,,Daily,No reduction,Neutral,"Yes, regularly",I still mainly use private buses,Lower / zero travel cost,,Slight impact,Male passengers — due to increased overcrowding,,Sometimes,Evening peak hours,"Yes, very frequently",More overcrowding; More delays; Positive improvements if the government acts,Extra buses during peak hours; Demand-based route planning; Better coordination between KSRTC and private buses; Increase overall KSRTC fleet capacity,
PS-LX588J,2026-09-20T11:51:39.735437+00:00,18–25,Male,Wayanad,Semi-urban,Working,,Several times a week,No reduction,Disagree,"Yes, occasionally",I still mainly use private buses,Scheme benefits,,Significant loss of passengers and revenue,Private bus operators — due to loss of passengers and revenue,,Sometimes,Both morning and evening peaks,"Yes, sometimes",Lower travel comfort,Extra buses during peak hours; Smart pass / better verification,
PS-9LOMD4,2026-09-20T11:55:02.377425+00:00,18–25,Female,Kasaragod,Rural,Business,,Several times a week,Slightly reduced,Agree,"No, I mainly used KSRTC","Yes, to some extent",Better access to education/work,,Significant loss of passengers and revenue,Private bus operators — due to loss of passengers and revenue,,Sometimes,Throughout the day,"Yes, sometimes",Increased pressure on KSRTC,Extra buses during peak hours; Special services for students and workers,
PS-1F35EC,2026-09-20T11:59:35.706431+00:00,18–25,Male,Thiruvananthapuram,Rural,Student,,Daily,No reduction,Strongly disagree,"No, I mainly used KSRTC",No change,Better reliability,,Moderate loss of passengers and revenue,Private bus operators — due to loss of passengers and revenue,,Always,Throughout the day,"Yes, sometimes",More overcrowding; Continued challenges for private bus operators; Lower travel comfort,Special services for students and workers; Better coordination between KSRTC and private buses,
PS-B438Q4,2026-09-20T12:03:21.914658+00:00,18–25,Female,Kozhikode,Semi-urban,Student,,Rarely,Significantly reduced,Strongly agree,"No, I mainly used KSRTC","Yes, significantly",Better access to education/work,,Moderate loss of passengers and revenue,Private bus operators — due to loss of passengers and revenue,,Sometimes,Rarely face overcrowding,Rarely,Greater passenger dissatisfaction; Lower travel comfort,Extra buses during peak hours; Demand-based route planning; Better coordination between KSRTC and private buses; Other,
PS-24EUJY,2026-09-20T12:03:33.471458+00:00,18–25,Female,Kozhikode,Urban,Student,,Occasionally,Significantly reduced,Neutral,Rarely,"Yes, significantly",Scheme benefits,,Moderate loss of passengers and revenue,Private bus operators — due to loss of passengers and revenue,,Often,Both morning and evening peaks,"Yes, sometimes",More overcrowding; Increased pressure on KSRTC; Continued challenges for private bus operators,Demand-based route planning,
PS-N7SPOB,2026-09-20T12:06:58.822417+00:00,18–25,Female,Kollam,Rural,Student,,Occasionally,Significantly reduced,Strongly agree,Rarely,"Yes, to some extent",Scheme benefits,,Significant loss of passengers and revenue,Male passengers — due to increased overcrowding,,Always,Both morning and evening peaks,"Yes, very frequently",Increased pressure on KSRTC; Continued challenges for private bus operators; Lower travel comfort,Better coordination between KSRTC and private buses; Smart pass / better verification,
PS-N7YRO5,2026-09-20T12:09:28.347414+00:00,Below 18,Female,Malappuram,Semi-urban,Student,,Several times a week,Moderately reduced,Agree,"Yes, regularly","Yes, significantly",Lower / zero travel cost,,Moderate loss of passengers and revenue,Private bus operators — due to loss of passengers and revenue,,Always,Both morning and evening peaks,"Yes, very frequently",Lower travel comfort; More delays,Extra buses during peak hours; Special services for students and workers; Smart pass / better verification,
PS-TS0J4X,2026-09-20T12:09:58.138816+00:00,18–25,Male,Kollam,Rural,Working,,Several times a week,Moderately reduced,Agree,"Yes, regularly","Yes, significantly",Scheme benefits,,Slight impact,Other regular KSRTC passengers — due to overcrowding and delays,,Always,Morning peak hours,Never,Increased pressure on KSRTC; Lower travel comfort,Extra buses during peak hours,
PS-PI06EQ,2026-09-20T12:28:42.137912+00:00,18–25,Female,Kannur,Rural,Student,,Daily,Not applicable,Strongly agree,"No, I mainly used KSRTC",No change,Lower / zero travel cost,,Significant loss of passengers and revenue,No one is significantly negatively affected,,Always,Throughout the day,"Yes, sometimes",More overcrowding,Extra buses during peak hours; Better coordination between KSRTC and private buses,
PS-MI349R,2026-09-20T12:38:40.563524+00:00,18–25,Female,Kasaragod,Rural,Working,,Occasionally,Significantly reduced,Agree,Not applicable,"Yes, to some extent",Scheme benefits,,No significant impact,No one is significantly negatively affected,,Often,Both morning and evening peaks,Rarely,Increased pressure on KSRTC; Positive improvements if the government acts,Extra buses during peak hours; Demand-based route planning,
PS-2CMQ69,2026-09-20T12:39:32.958275+00:00,18–25,Female,Ernakulam,Semi-urban,Student,,Occasionally,No reduction,Strongly agree,Rarely,"Yes, significantly",Better access to education/work,,Moderate loss of passengers and revenue,Private bus operators — due to loss of passengers and revenue,,Often,Evening peak hours,"Yes, sometimes",More overcrowding; Increased pressure on KSRTC; Lower travel comfort,Extra buses during peak hours; Other,
PS-E2NIPJ,2026-09-20T12:47:33.655298+00:00,Below 18,Female,Wayanad,Rural,Self-employed,,Occasionally,Significantly reduced,Agree,"Yes, occasionally",No change,Better access to education/work,,Significant loss of passengers and revenue,Private bus operators — due to loss of passengers and revenue,,Rarely,Both morning and evening peaks,"Yes, very frequently",Lower travel comfort,Special services for students and workers,
PS-9G9Y5S,2026-09-20T12:51:41.308658+00:00,26–35,Male,Wayanad,Rural,Working,,Occasionally,Slightly reduced,Agree,"No, I mainly used KSRTC",No change,Better reliability,,Slight impact,Private bus operators — due to loss of passengers and revenue,,Often,Both morning and evening peaks,Rarely,Increased pressure on KSRTC,Smart pass / better verification,
PS-YKNALL,2026-09-20T12:54:24.503500+00:00,18–25,Male,Kottayam,Rural,Student,,Daily,No reduction,Neutral,"No, I mainly used KSRTC",No change,Other,Not applicable,Significant loss of passengers and revenue,Private bus operators — due to loss of passengers and revenue,,Always,Both morning and evening peaks,Rarely,More overcrowding; Increased pressure on KSRTC; Continued challenges for private bus operators,Extra buses during peak hours; Demand-based route planning; Better coordination between KSRTC and private buses,
PS-URI6T4,2026-09-20T12:56:54.702479+00:00,18–25,Female,Malappuram,Rural,Student,,Several times a week,Significantly reduced,Agree,"Yes, regularly",I still mainly use private buses,Other,Safe travel for women commuters,Significant loss of passengers and revenue,Male passengers — due to increased overcrowding,,Always,Both morning and evening peaks,"Yes, very frequently",Increased pressure on KSRTC; More delays,Better coordination between KSRTC and private buses,
PS-DDD6G9,2026-09-20T12:58:56.231808+00:00,46–55,Male,Kollam,Urban,Student,,Occasionally,Slightly reduced,Neutral,"Yes, regularly",No change,Other,Safe travel for women commuters,Significant loss of passengers and revenue,Private bus operators — due to loss of passengers and revenue,,Always,Both morning and evening peaks,"Yes, very frequently",More overcrowding; More delays,Extra buses during peak hours; Special services for students and workers,
PS-ST1AJ8,2026-09-20T13:00:30.599857+00:00,Below 18,Female,Malappuram,Urban,Student,,Occasionally,Slightly reduced,Neutral,Not applicable,No change,Scheme benefits,,Moderate loss of passengers and revenue,Private bus operators — due to loss of passengers and revenue,,Always,Both morning and evening peaks,Rarely,More overcrowding; Greater passenger dissatisfaction; Lower travel comfort,Other,
PS-P4WYYM,2026-09-20T13:02:11.129594+00:00,18–25,Female,Malappuram,Rural,Student,,Several times a week,Significantly reduced,Strongly agree,"Yes, occasionally",I still mainly use private buses,Lower / zero travel cost,,Slight impact,Other regular KSRTC passengers — due to overcrowding and delays,,Always,Morning peak hours,"Yes, sometimes",Lower travel comfort,Special services for students and workers,
PS-RR10CD,2026-09-20T13:06:22.733181+00:00,18–25,Male,Wayanad,Semi-urban,Business,,Several times a week,Significantly reduced,Strongly agree,Rarely,"Yes, to some extent",Better access to education/work,,Significant loss of passengers and revenue,Other regular KSRTC passengers — due to overcrowding and delays,,Sometimes,Rarely face overcrowding,"Yes, very frequently",Lower travel comfort,Extra buses during peak hours; Special services for students and workers; Demand-based route planning; Better coordination between KSRTC and private buses; Increase overall KSRTC fleet capacity,
PS-SW4ET9,2026-09-20T13:06:43.162238+00:00,18–25,Female,Kozhikode,Urban,Student,,Rarely,No reduction,Agree,"Yes, regularly","Yes, significantly",Lower / zero travel cost,,Significant loss of passengers and revenue,Private bus operators — due to loss of passengers and revenue,,Often,Throughout the day,"Yes, very frequently",More overcrowding; Increased pressure on KSRTC; Lower travel comfort; More delays,Smart pass / better verification,
PS-7AA4VC,2026-09-20T13:09:15.362054+00:00,Below 18,Female,Malappuram,Rural,Student,,Occasionally,Slightly reduced,Neutral,"Yes, occasionally","Yes, to some extent",Lower / zero travel cost,,Significant loss of passengers and revenue,Private bus operators — due to loss of passengers and revenue,,Always,Evening peak hours,Rarely,Increased pressure on KSRTC; Greater passenger dissatisfaction,Extra buses during peak hours; Special services for students and workers; Better coordination between KSRTC and private buses,
PS-NM4NW3,2026-09-20T13:15:39.713186+00:00,18–25,Male,Kasaragod,Urban,Student,,Rarely,No reduction,Neutral,Not applicable,Not applicable,Other,Direct bus route available without changing buses,Significant loss of passengers and revenue,Other,,Never,Morning peak hours,Never,Lower travel comfort,Extra buses during peak hours; Special services for students and workers; Smart pass / better verification,
PS-YOAG2C,2026-09-20T13:29:50.750645+00:00,Below 18,Female,Wayanad,Semi-urban,Working,,Occasionally,No reduction,Neutral,"Yes, occasionally",Not applicable,Lower / zero travel cost,,Not sure,KSRTC staff / conductors — due to increased passenger pressure,,Often,Both morning and evening peaks,Never,Lower travel comfort; More delays,Demand-based route planning,
PS-B5UJGM,2026-09-20T13:49:23.475731+00:00,18–25,Male,Ernakulam,Rural,Student,,Occasionally,Not applicable,Strongly agree,Rarely,Not applicable,Other,Not applicable,Moderate loss of passengers and revenue,Male passengers — due to increased overcrowding,,Often,Throughout the day,Rarely,Increased pressure on KSRTC,Extra buses during peak hours; Special services for students and workers; Demand-based route planning; Smart pass / better verification,
PS-KDTU9U,2026-09-20T13:50:07.330409+00:00,18–25,Male,Malappuram,Rural,Student,,Several times a week,No reduction,Neutral,Rarely,"Yes, significantly",Lower / zero travel cost,,Significant loss of passengers and revenue,Other regular KSRTC passengers — due to overcrowding and delays,,Always,Both morning and evening peaks,"Yes, very frequently",Increased pressure on KSRTC; Continued challenges for private bus operators; Lower travel comfort,Extra buses during peak hours,
PS-SG87SY,2026-09-20T13:50:14.247316+00:00,18–25,Female,Malappuram,Urban,Student,,Daily,Slightly reduced,Disagree,"Yes, occasionally","Yes, to some extent",Lower / zero travel cost,,Slight impact,Other,,Sometimes,Evening peak hours,"Yes, sometimes",Greater passenger dissatisfaction; Continued challenges for private bus operators; Lower travel comfort,Special services for students and workers,
PS-1HA119,2026-09-20T13:50:18.703169+00:00,18–25,Male,Malappuram,Semi-urban,Student,,Daily,No reduction,Neutral,"Yes, regularly",No change,Scheme benefits,,Significant loss of passengers and revenue,Private bus operators — due to loss of passengers and revenue,,Always,Evening peak hours,"Yes, sometimes",Increased pressure on KSRTC; More delays,Extra buses during peak hours,
PS-BXZHJ2,2026-09-20T14:08:35.184201+00:00,18–25,Female,Kannur,Rural,Student,,Daily,Slightly reduced,Agree,Rarely,"Yes, to some extent",Better access to education/work,,Moderate loss of passengers and revenue,Male passengers — due to increased overcrowding,,Always,Morning peak hours,"Yes, very frequently",More overcrowding; Increased pressure on KSRTC; Continued challenges for private bus operators; Lower travel comfort,Special services for students and workers; Demand-based route planning,
PS-TCS1XC,2026-09-20T14:11:58.238420+00:00,18–25,Female,Wayanad,Rural,Student,,Daily,Moderately reduced,Agree,Not applicable,"Yes, to some extent",Route availability,,Slight impact,Private bus operators — due to loss of passengers and revenue,,Always,Both morning and evening peaks,Rarely,More overcrowding; Lower travel comfort; More delays,Extra buses during peak hours; Demand-based route planning; Better coordination between KSRTC and private buses; Smart pass / better verification,
PS-I4LL83,2026-09-20T14:25:39.138801+00:00,18–25,Male,Kasaragod,Rural,Working,,Daily,No reduction,Neutral,"Yes, occasionally",Not applicable,Other,Direct bus route available without changing buses,No significant impact,Private bus operators — due to loss of passengers and revenue,,Never,Both morning and evening peaks,Rarely,Increased pressure on KSRTC; Greater passenger dissatisfaction; More delays,Special services for students and workers; Better coordination between KSRTC and private buses; Smart pass / better verification,
PS-TCSEPJ,2026-09-20T14:47:31.694443+00:00,26–35,Male,Malappuram,Semi-urban,Working,,Several times a week,Not applicable,Agree,"No, I mainly used KSRTC","Yes, to some extent",Better access to education/work,,No significant impact,Private bus operators — due to loss of passengers and revenue,,Always,Evening peak hours,Rarely,More overcrowding; Lower travel comfort; More delays,Demand-based route planning,
PS-SFVYL3,2026-09-20T15:04:55.950669+00:00,18–25,Female,Kasaragod,Semi-urban,Student,,Occasionally,Slightly reduced,Agree,"Yes, regularly","Yes, significantly",Scheme benefits,,No significant impact,Other regular KSRTC passengers — due to overcrowding and delays,,Always,Morning peak hours,Rarely,More overcrowding,Demand-based route planning; Better coordination between KSRTC and private buses,
PS-DNP5LJ,2026-09-20T15:05:33.208223+00:00,18–25,Female,Kollam,Urban,Student,,Daily,Moderately reduced,Agree,Not applicable,"Yes, to some extent",Lower / zero travel cost,,Significant loss of passengers and revenue,Male passengers — due to increased overcrowding,,Always,Evening peak hours,Never,Greater passenger dissatisfaction; More delays,Extra buses during peak hours; Smart pass / better verification,
PS-V9CZIH,2026-09-20T15:05:37.488024+00:00,Below 18,Female,Malappuram,Rural,Student,,Occasionally,Significantly reduced,Strongly agree,"No, I mainly used KSRTC","Yes, significantly",Lower / zero travel cost,,Significant loss of passengers and revenue,Private bus operators — due to loss of passengers and revenue,,Often,Both morning and evening peaks,Rarely,More delays,Extra buses during peak hours; Special services for students and workers; Better coordination between KSRTC and private buses,
PS-US1VUV,2026-09-20T15:10:31.933375+00:00,46–55,Male,Kozhikode,Semi-urban,Student,,Several times a week,Slightly reduced,Agree,"Yes, regularly",I still mainly use private buses,Better access to education/work,,Significant loss of passengers and revenue,Male passengers — due to increased overcrowding,,Always,Both morning and evening peaks,"Yes, very frequently",Increased pressure on KSRTC; More delays,Special services for students and workers; Demand-based route planning,
PS-J4WFLH,2026-09-20T15:15:03.534561+00:00,Below 18,Female,Kannur,Semi-urban,Student,,Occasionally,Moderately reduced,Strongly agree,"Yes, regularly","Yes, to some extent",Better access to education/work,,Significant loss of passengers and revenue,Private bus operators — due to loss of passengers and revenue,,Always,Evening peak hours,"Yes, very frequently",Increased pressure on KSRTC; Continued challenges for private bus operators; Lower travel comfort,Extra buses during peak hours; Demand-based route planning; Better coordination between KSRTC and private buses,
PS-GZNKB4,2026-09-20T15:16:08.864176+00:00,Below 18,Female,Kannur,Semi-urban,Student,,Occasionally,Slightly reduced,Agree,"Yes, regularly","Yes, significantly",Lower / zero travel cost,,Not sure,Other,,Always,Evening peak hours,"Yes, very frequently",More overcrowding,Special services for students and workers; Demand-based route planning,
PS-VOTU3E,2026-09-20T15:18:58.161363+00:00,18–25,Female,Kozhikode,Rural,Student,,Several times a week,Significantly reduced,Strongly agree,"Yes, occasionally","Yes, significantly",Lower / zero travel cost,,Significant loss of passengers and revenue,Private bus operators — due to loss of passengers and revenue,,Always,Both morning and evening peaks,"Yes, very frequently",More overcrowding; Continued challenges for private bus operators; More delays,Extra buses during peak hours; Special services for students and workers; Increase overall KSRTC fleet capacity,
PS-BKEPDN,2026-09-20T15:20:08.678379+00:00,18–25,Female,Malappuram,Urban,Student,,Occasionally,Not applicable,Disagree,Not applicable,Not applicable,Route availability,,No significant impact,Other regular KSRTC passengers — due to overcrowding and delays,,Often,Both morning and evening peaks,"Yes, sometimes",Continued challenges for private bus operators,Extra buses during peak hours; Special services for students and workers; Better coordination between KSRTC and private buses; Smart pass / better verification; Increase overall KSRTC fleet capacity,
PS-J3ADQV,2026-09-20T15:21:26.241638+00:00,26–35,Male,Wayanad,Semi-urban,Student,,Occasionally,No reduction,Neutral,"Yes, occasionally",No change,Lower / zero travel cost,,Significant loss of passengers and revenue,Private bus operators — due to loss of passengers and revenue,,Always,Throughout the day,"Yes, sometimes",More overcrowding; Increased pressure on KSRTC; Lower travel comfort,Special services for students and workers; Better coordination between KSRTC and private buses; Smart pass / better verification,
PS-HHOI4A,2026-09-20T15:21:49.681658+00:00,18–25,Female,Kannur,Semi-urban,Student,,Occasionally,Significantly reduced,Agree,"Yes, occasionally","Yes, significantly",Better access to education/work,,Significant loss of passengers and revenue,Private bus operators — due to loss of passengers and revenue,,Always,Both morning and evening peaks,"Yes, very frequently",Lower travel comfort; More delays,Extra buses during peak hours; Better coordination between KSRTC and private buses; Increase overall KSRTC fleet capacity,
PS-LPZDOF,2026-09-20T15:32:25.310841+00:00,18–25,Female,Kozhikode,Semi-urban,Student,,Occasionally,Not applicable,Strongly disagree,Rarely,"Yes, to some extent",Better access to education/work,,Significant loss of passengers and revenue,Private bus operators — due to loss of passengers and revenue,,Often,Morning peak hours,"Yes, sometimes",More overcrowding; More delays,Extra buses during peak hours,
PS-646W96,2026-09-20T15:32:41.724779+00:00,26–35,Male,Kannur,Rural,Working,,Occasionally,Slightly reduced,Strongly agree,"Yes, regularly",I did not use private buses previously,Lower / zero travel cost,,Significant loss of passengers and revenue,Private bus operators — due to loss of passengers and revenue,,Always,Both morning and evening peaks,Rarely,More overcrowding; More delays,Special services for students and workers; Demand-based route planning,
PS-FA8GEH,2026-09-20T15:38:38.276016+00:00,18–25,Female,Kannur,Semi-urban,Student,,Rarely,Significantly reduced,Strongly agree,"No, I mainly used KSRTC",No change,Scheme benefits,,Significant loss of passengers and revenue,Private bus operators — due to loss of passengers and revenue,,Always,Both morning and evening peaks,"Yes, sometimes",More overcrowding; Increased pressure on KSRTC; Greater passenger dissatisfaction; More delays,Extra buses during peak hours; Special services for students and workers; Smart pass / better verification,
PS-9CYDIZ,2026-09-20T15:42:59.122208+00:00,18–25,Other / Prefer not to say,Malappuram,Semi-urban,Student,,Occasionally,Significantly reduced,Strongly agree,"Yes, regularly",I did not use private buses previously,Other,Direct bus route available without changing buses,Moderate loss of passengers and revenue,Male passengers — due to increased overcrowding,,Always,Morning peak hours,"Yes, very frequently",More delays,Extra buses during peak hours; Other,
PS-7EK77I,2026-09-20T15:52:20.532222+00:00,18–25,Male,Malappuram,Semi-urban,Student,,Rarely,Not applicable,Disagree,"Yes, regularly",No change,Lower / zero travel cost,,Slight impact,Private bus operators — due to loss of passengers and revenue,,Sometimes,Both morning and evening peaks,"Yes, very frequently",Lower travel comfort,Extra buses during peak hours; Special services for students and workers,
PS-OW2B04,2026-09-20T15:56:29.384839+00:00,18–25,Male,Kannur,Urban,Student,,Daily,No reduction,Neutral,"Yes, occasionally","Yes, significantly",Scheme benefits,,Moderate loss of passengers and revenue,Private bus operators — due to loss of passengers and revenue,,Often,Evening peak hours,"Yes, very frequently",Increased pressure on KSRTC,Special services for students and workers; Better coordination between KSRTC and private buses,
PS-RU09G4,2026-09-20T15:58:03.437627+00:00,18–25,Female,Kasaragod,Semi-urban,Student,,Occasionally,Significantly reduced,Strongly agree,"Yes, regularly","Yes, significantly",Lower / zero travel cost,,Moderate loss of passengers and revenue,Male passengers — due to increased overcrowding,,Often,Evening peak hours,"Yes, sometimes",Lower travel comfort; More delays,Extra buses during peak hours; Special services for students and workers,
PS-YX01XG,2026-09-20T16:03:04.439995+00:00,18–25,Female,Kannur,Semi-urban,Student,,Occasionally,Significantly reduced,Strongly agree,"Yes, occasionally","Yes, to some extent",Better access to education/work,,Significant loss of passengers and revenue,Private bus operators — due to loss of passengers and revenue,,Rarely,Rarely face overcrowding,"Yes, sometimes",Increased pressure on KSRTC,Extra buses during peak hours; Special services for students and workers; Demand-based route planning,
PS-68SCEQ,2026-09-20T16:04:02.816536+00:00,46–55,Male,Pathanamthitta,Semi-urban,Working,,Several times a week,Not applicable,Strongly agree,Not applicable,Not applicable,Other,Iam always travelling through ksrtc before the priyadharshini scheme,Significant loss of passengers and revenue,Private bus operators — due to loss of passengers and revenue,,Sometimes,Both morning and evening peaks,"Yes, very frequently",Lower travel comfort,Extra buses during peak hours,
PS-C1SJYL,2026-09-20T16:14:03.348391+00:00,18–25,Male,Wayanad,Rural,Working,,Occasionally,No reduction,Neutral,Rarely,No change,Lower / zero travel cost,,Moderate loss of passengers and revenue,Private bus operators — due to loss of passengers and revenue,,Often,Both morning and evening peaks,"Yes, sometimes",Increased pressure on KSRTC,Extra buses during peak hours,
PS-IMK0EP,2026-09-20T16:14:50.664213+00:00,18–25,Male,Kannur,Semi-urban,Working,,Rarely,Not applicable,Strongly disagree,"No, I mainly used KSRTC","Yes, significantly",Better reliability,,Slight impact,Private bus operators — due to loss of passengers and revenue,,Rarely,Throughout the day,"Yes, very frequently",Positive improvements if the government acts,Extra buses during peak hours; Demand-based route planning,
PS-37FYXM,2026-09-20T16:22:55.632787+00:00,56 and above,Female,Kasaragod,Rural,Student,,Occasionally,Slightly reduced,Agree,Rarely,"Yes, to some extent",Better access to education/work,,Slight impact,Private bus operators — due to loss of passengers and revenue,,Always,Both morning and evening peaks,"Yes, sometimes",More overcrowding; More delays,Better coordination between KSRTC and private buses; Smart pass / better verification,
PS-W2X07H,2026-09-20T16:32:10.668717+00:00,Below 18,Female,Wayanad,Rural,Student,,Daily,Significantly reduced,Strongly agree,"Yes, regularly","Yes, significantly",Lower / zero travel cost,,Significant loss of passengers and revenue,Male passengers — due to increased overcrowding,,Always,Both morning and evening peaks,"Yes, sometimes",Lower travel comfort; More delays,Extra buses during peak hours; Special services for students and workers; Increase overall KSRTC fleet capacity,
PS-CDRPK8,2026-09-20T17:21:07.718629+00:00,36–45,Male,Wayanad,Semi-urban,Working,,Daily,Moderately reduced,Strongly agree,Rarely,"Yes, significantly",Lower / zero travel cost,,Significant loss of passengers and revenue,No one is significantly negatively affected,,Often,Both morning and evening peaks,"Yes, sometimes",Continued challenges for private bus operators,Special services for students and workers; Increase overall KSRTC fleet capacity,
PS-33KQH4,2026-09-20T17:22:21.143793+00:00,26–35,Female,Kozhikode,Semi-urban,Student,,Occasionally,Slightly reduced,Neutral,Rarely,"Yes, to some extent",Better access to education/work,,Significant loss of passengers and revenue,Private bus operators — due to loss of passengers and revenue,,Sometimes,Throughout the day,Rarely,More overcrowding; Increased pressure on KSRTC; Greater passenger dissatisfaction; Lower travel comfort,Extra buses during peak hours; Better coordination between KSRTC and private buses; Increase overall KSRTC fleet capacity,
PS-MRMUQI,2026-09-20T17:25:27.897988+00:00,18–25,Male,Kannur,Urban,Student,,Occasionally,No reduction,Disagree,"Yes, regularly",No change,Lower / zero travel cost,,No significant impact,Private bus operators — due to loss of passengers and revenue,,Often,Both morning and evening peaks,"Yes, very frequently",More overcrowding,Extra buses during peak hours; Demand-based route planning; Other,
PS-6B6CLI,2026-09-20T17:30:47.462441+00:00,18–25,Male,Kannur,Semi-urban,Student,,Occasionally,Not applicable,Strongly agree,"Yes, regularly",No change,Route availability,,Significant loss of passengers and revenue,Private bus operators — due to loss of passengers and revenue,,Often,Evening peak hours,"Yes, sometimes",Increased pressure on KSRTC; Lower travel comfort,Special services for students and workers,
PS-PQ2J6N,2026-09-20T17:31:46.887135+00:00,18–25,Male,Malappuram,Rural,Student,,Several times a week,Slightly reduced,Strongly agree,"No, I mainly used KSRTC",Not applicable,Scheme benefits,,Slight impact,Male passengers — due to increased overcrowding,,Always,Both morning and evening peaks,"Yes, very frequently",More overcrowding; Increased pressure on KSRTC; Lower travel comfort,Extra buses during peak hours,
PS-CFXNUW,2026-09-20T17:37:30.565390+00:00,18–25,Female,Kozhikode,Urban,Student,,Daily,Significantly reduced,Agree,"Yes, occasionally",I still mainly use private buses,Other,Not applicable,Slight impact,Male passengers — due to increased overcrowding,,Always,Morning peak hours,"Yes, sometimes",More overcrowding; Lower travel comfort,Special services for students and workers,
PS-38CEKI,2026-09-20T17:50:05.493570+00:00,18–25,Female,Kannur,Rural,Working,,Occasionally,No reduction,Neutral,"No, I mainly used KSRTC",No change,Lower / zero travel cost,,Slight impact,Private bus operators — due to loss of passengers and revenue,,Always,Evening peak hours,"Yes, sometimes",More overcrowding; Greater passenger dissatisfaction; Lower travel comfort; More delays,Demand-based route planning,
PS-0N5OXH,2026-09-20T17:53:33.788674+00:00,18–25,Female,Malappuram,Rural,Student,,Occasionally,Significantly reduced,Agree,"Yes, regularly","Yes, significantly",Better access to education/work,,No significant impact,KSRTC staff / conductors — due to increased passenger pressure,,Often,Evening peak hours,"Yes, sometimes",Greater passenger dissatisfaction; Lower travel comfort; More delays,Extra buses during peak hours; Special services for students and workers; Better coordination between KSRTC and private buses,
PS-10DCSP,2026-09-20T17:53:52.770333+00:00,18–25,Female,Ernakulam,Semi-urban,Student,,Occasionally,Moderately reduced,Strongly disagree,"No, I mainly used KSRTC",I did not use private buses previously,Lower / zero travel cost,,Moderate loss of passengers and revenue,Other,,Always,Both morning and evening peaks,"Yes, very frequently",More overcrowding; Lower travel comfort,Extra buses during peak hours; Special services for students and workers; Demand-based route planning; Better coordination between KSRTC and private buses; Other,
PS-WXON0T,2026-09-20T18:08:17.170672+00:00,18–25,Female,Malappuram,Rural,Student,,Rarely,Not applicable,Neutral,"Yes, occasionally",I still mainly use private buses,Lower / zero travel cost,,Not sure,Private bus operators — due to loss of passengers and revenue,,Rarely,Throughout the day,"Yes, sometimes",Lower travel comfort,Special services for students and workers; Better coordination between KSRTC and private buses; Smart pass / better verification,
PS-KVNPWK,2026-09-20T18:09:45.806010+00:00,18–25,Female,Kollam,Rural,Student,,Occasionally,Slightly reduced,Agree,Not applicable,I still mainly use private buses,Lower / zero travel cost,,Significant loss of passengers and revenue,Other regular KSRTC passengers — due to overcrowding and delays,,Rarely,Evening peak hours,"Yes, very frequently",Lower travel comfort,Special services for students and workers; Demand-based route planning; Increase overall KSRTC fleet capacity,
PS-0CBZ27,2026-09-20T18:27:13.294569+00:00,18–25,Female,Kannur,Semi-urban,Student,,Occasionally,Significantly reduced,Agree,Not applicable,"Yes, significantly",Lower / zero travel cost,,Not sure,Private bus operators — due to loss of passengers and revenue,,Rarely,Throughout the day,"Yes, sometimes",More delays,Extra buses during peak hours,
PS-DRX5RV,2026-09-20T18:53:26.157906+00:00,18–25,Female,Malappuram,Semi-urban,Student,,Rarely,Moderately reduced,Neutral,"Yes, regularly","Yes, significantly",Lower / zero travel cost,,Significant loss of passengers and revenue,Male passengers — due to increased overcrowding,,Always,Both morning and evening peaks,"Yes, sometimes",More overcrowding; Continued challenges for private bus operators,Special services for students and workers,
PS-A02L91,2026-09-20T18:55:04.590320+00:00,18–25,Male,Kozhikode,Semi-urban,Student,,Several times a week,Moderately reduced,Agree,"No, I mainly used KSRTC","Yes, to some extent",Other,Safe travel for women commuters,Significant loss of passengers and revenue,KSRTC staff / conductors — due to increased passenger pressure,,Sometimes,Evening peak hours,"Yes, very frequently",Greater passenger dissatisfaction,Extra buses during peak hours,
PS-9MLP4Z,2026-09-20T18:56:35.683219+00:00,36–45,Male,Wayanad,Urban,Student,,Occasionally,Not applicable,Neutral,Rarely,No change,Lower / zero travel cost,,Significant loss of passengers and revenue,Private bus operators — due to loss of passengers and revenue,,Always,Both morning and evening peaks,"Yes, sometimes",More delays,Extra buses during peak hours,
PS-PB0B4W,2026-09-20T19:01:02.287116+00:00,18–25,Female,Malappuram,Semi-urban,Student,,Daily,Slightly reduced,Strongly agree,"No, I mainly used KSRTC","Yes, significantly",Lower / zero travel cost,,Significant loss of passengers and revenue,Private bus operators — due to loss of passengers and revenue,,Always,Evening peak hours,Rarely,Continued challenges for private bus operators; More delays,Better coordination between KSRTC and private buses; Smart pass / better verification,
PS-P3UIM5,2026-09-20T19:05:41.164831+00:00,18–25,Male,Kasaragod,Urban,Student,,Several times a week,Significantly reduced,Strongly agree,Rarely,"Yes, to some extent",Other,Direct bus route available without changing buses,Significant loss of passengers and revenue,Male passengers — due to increased overcrowding,,Often,Both morning and evening peaks,Never,More overcrowding; Increased pressure on KSRTC; More delays,Extra buses during peak hours; Demand-based route planning,
PS-D6NZ36,2026-09-20T19:22:03.426944+00:00,18–25,Female,Malappuram,Rural,Student,,Occasionally,No reduction,Agree,"Yes, occasionally",No change,Lower / zero travel cost,,Moderate loss of passengers and revenue,Private bus operators — due to loss of passengers and revenue,,Always,Both morning and evening peaks,"Yes, very frequently",Continued challenges for private bus operators; More delays,Special services for students and workers; Increase overall KSRTC fleet capacity,
PS-VZBKVM,2026-09-20T19:27:02.114944+00:00,26–35,Female,Kasaragod,Semi-urban,Student,,Occasionally,Slightly reduced,Strongly disagree,Rarely,"Yes, significantly",Better access to education/work,,Moderate loss of passengers and revenue,Private bus operators — due to loss of passengers and revenue,,Always,Both morning and evening peaks,"Yes, sometimes",More overcrowding; Increased pressure on KSRTC; Greater passenger dissatisfaction,Extra buses during peak hours; Demand-based route planning,
PS-B5PYMA,2026-09-20T19:36:36.468400+00:00,18–25,Female,Wayanad,Semi-urban,Student,,Occasionally,Significantly reduced,Strongly agree,Not applicable,"Yes, significantly",Lower / zero travel cost,,Significant loss of passengers and revenue,Private bus operators — due to loss of passengers and revenue,,Always,Both morning and evening peaks,"Yes, sometimes",More overcrowding,Special services for students and workers,
PS-2LOQAD,2026-09-20T19:37:04.591985+00:00,18–25,Female,Kozhikode,Semi-urban,Student,,Occasionally,Slightly reduced,Agree,Rarely,I still mainly use private buses,Lower / zero travel cost,,Significant loss of passengers and revenue,Male passengers — due to increased overcrowding,,Often,Both morning and evening peaks,"Yes, sometimes",More overcrowding; Lower travel comfort; More delays,Extra buses during peak hours; Special services for students and workers; Better coordination between KSRTC and private buses; Other,
PS-L3N924,2026-09-20T19:37:06.146459+00:00,18–25,Male,Kozhikode,Semi-urban,Self-employed,,Rarely,Not applicable,Agree,"Yes, occasionally","Yes, to some extent",Better access to education/work,,Significant loss of passengers and revenue,Private bus operators — due to loss of passengers and revenue,,Always,Both morning and evening peaks,"Yes, very frequently",Continued challenges for private bus operators; Lower travel comfort,Extra buses during peak hours; Special services for students and workers; Better coordination between KSRTC and private buses; Other,
PS-DJM90T,2026-09-20T19:38:46.395088+00:00,18–25,Male,Kannur,Semi-urban,Homemaker,,Rarely,No reduction,Agree,"Yes, regularly","Yes, significantly",Scheme benefits,,Moderate loss of passengers and revenue,Private bus operators — due to loss of passengers and revenue,,Rarely,Throughout the day,Never,Positive improvements if the government acts,Extra buses during peak hours; Demand-based route planning; Better coordination between KSRTC and private buses; Smart pass / better verification; Increase overall KSRTC fleet capacity,
PS-ZD3GMN,2026-09-20T19:38:47.146443+00:00,46–55,Female,Kozhikode,Rural,Student,,Daily,Slightly reduced,Neutral,"Yes, occasionally",I still mainly use private buses,Route availability,,No significant impact,KSRTC staff / conductors — due to increased passenger pressure,,Often,Both morning and evening peaks,"Yes, sometimes",More overcrowding,Smart pass / better verification,
PS-U9UIOQ,2026-09-20T19:40:36.351621+00:00,26–35,Female,Pathanamthitta,Semi-urban,Student,,Occasionally,No reduction,Agree,"Yes, occasionally",I still mainly use private buses,Lower / zero travel cost,,Significant loss of passengers and revenue,Male passengers — due to increased overcrowding,,Often,Evening peak hours,"Yes, very frequently",More overcrowding; Continued challenges for private bus operators; More delays,Special services for students and workers,
PS-7HWEC0,2026-09-20T19:47:11.652062+00:00,18–25,Female,Malappuram,Rural,Student,,Several times a week,Not applicable,Agree,Rarely,I still mainly use private buses,Better access to education/work,,Slight impact,Other regular KSRTC passengers — due to overcrowding and delays,,Sometimes,Both morning and evening peaks,Rarely,More overcrowding; Lower travel comfort,Extra buses during peak hours; Special services for students and workers; Demand-based route planning,
PS-YL7Q9Z,2026-09-20T19:47:45.973734+00:00,36–45,Male,Kasaragod,Urban,Self-employed,,Rarely,Not applicable,Strongly agree,Not applicable,Not applicable,Other,No change,Slight impact,Male passengers — due to increased overcrowding,,Often,Evening peak hours,"Yes, very frequently",More delays,Extra buses during peak hours,
PS-SOUDWD,2026-09-20T19:50:16.931472+00:00,36–45,Female,Kasaragod,Rural,Working,,Daily,Significantly reduced,Strongly agree,"No, I mainly used KSRTC","Yes, significantly",Better access to education/work,,Significant loss of passengers and revenue,Private bus operators — due to loss of passengers and revenue,,Always,Both morning and evening peaks,"Yes, sometimes",More overcrowding; Lower travel comfort,Better coordination between KSRTC and private buses; Other,
PS-A226QL,2026-09-20T19:55:22.211577+00:00,18–25,Female,Malappuram,Urban,Student,,Rarely,Slightly reduced,Neutral,Not applicable,Not applicable,Lower / zero travel cost,,Significant loss of passengers and revenue,Other regular KSRTC passengers — due to overcrowding and delays,,Always,Throughout the day,"Yes, very frequently",Greater passenger dissatisfaction; More delays,Extra buses during peak hours,
PS-5GKTK5,2026-09-20T19:58:01.872975+00:00,36–45,Male,Wayanad,Semi-urban,Working,,Rarely,Not applicable,Strongly agree,Not applicable,Not applicable,Better access to education/work,,Slight impact,Other,,Often,Morning peak hours,"Yes, sometimes",More overcrowding; Greater passenger dissatisfaction,Increase overall KSRTC fleet capacity,
PS-GPPYMN,2026-09-20T20:01:53.551454+00:00,18–25,Male,Kannur,Rural,Student,,Several times a week,Moderately reduced,Agree,"Yes, occasionally","Yes, to some extent",Better access to education/work,,Significant loss of passengers and revenue,Private bus operators — due to loss of passengers and revenue,,Never,Morning peak hours,"Yes, sometimes",Increased pressure on KSRTC,Demand-based route planning; Better coordination between KSRTC and private buses,
PS-CXXK7V,2026-09-20T20:03:44.164957+00:00,18–25,Female,Kozhikode,Rural,Student,,Several times a week,Slightly reduced,Neutral,"Yes, occasionally",Not applicable,Other,Not applicable,Significant loss of passengers and revenue,Male passengers — due to increased overcrowding,,Always,Evening peak hours,Never,Increased pressure on KSRTC; More delays,Extra buses during peak hours; Special services for students and workers,
PS-TXKFQ0,2026-09-20T20:05:05.871530+00:00,18–25,Male,Kollam,Semi-urban,Working,,Daily,Moderately reduced,Agree,"Yes, regularly",I still mainly use private buses,Route availability,,Slight impact,Male passengers — due to increased overcrowding,,Always,Both morning and evening peaks,"Yes, very frequently",More overcrowding; Increased pressure on KSRTC; Lower travel comfort; More delays,Extra buses during peak hours,
PS-BDZMS6,2026-09-20T20:37:13.696233+00:00,26–35,Female,Wayanad,Urban,Working,,Several times a week,Slightly reduced,Neutral,Not applicable,No change,Lower / zero travel cost,,Significant loss of passengers and revenue,Private bus operators — due to loss of passengers and revenue,,Often,Evening peak hours,Rarely,More overcrowding; Increased pressure on KSRTC; Continued challenges for private bus operators; Lower travel comfort,Extra buses during peak hours,
PS-6FA5NO,2026-09-20T20:43:37.244670+00:00,18–25,Female,Kannur,Semi-urban,Student,,Rarely,Significantly reduced,Strongly agree,"Yes, occasionally","Yes, significantly",Lower / zero travel cost,,Slight impact,Male passengers — due to increased overcrowding,,Rarely,Both morning and evening peaks,"Yes, sometimes",More overcrowding; Lower travel comfort,Smart pass / better verification,
PS-LTRJEK,2026-09-20T20:52:04.341688+00:00,46–55,Female,Kasaragod,Rural,Student,,Daily,Slightly reduced,Agree,"Yes, regularly","Yes, significantly",Better access to education/work,,Moderate loss of passengers and revenue,Private bus operators — due to loss of passengers and revenue,,Often,Both morning and evening peaks,Rarely,Increased pressure on KSRTC; Greater passenger dissatisfaction; Lower travel comfort,Extra buses during peak hours; Special services for students and workers; Better coordination between KSRTC and private buses,
PS-1KKVFH,2026-09-20T20:57:46.453464+00:00,46–55,Female,Malappuram,Semi-urban,Other,Daily wage earner,Occasionally,Moderately reduced,Strongly disagree,"Yes, occasionally",No change,Better access to education/work,,Significant loss of passengers and revenue,Private bus operators — due to loss of passengers and revenue,,Often,Both morning and evening peaks,"Yes, sometimes",Lower travel comfort,Special services for students and workers; Better coordination between KSRTC and private buses; Increase overall KSRTC fleet capacity,
PS-HFDDEM,2026-09-20T21:01:36.615136+00:00,18–25,Male,Kannur,Semi-urban,Student,,Occasionally,Not applicable,Neutral,Rarely,I still mainly use private buses,Scheme benefits,,Significant loss of passengers and revenue,Private bus operators — due to loss of passengers and revenue,,Often,Evening peak hours,"Yes, sometimes",More overcrowding; Increased pressure on KSRTC,Extra buses during peak hours; Special services for students and workers; Demand-based route planning; Better coordination between KSRTC and private buses; Increase overall KSRTC fleet capacity,
PS-OINJQF,2026-09-20T21:06:54.116810+00:00,26–35,Female,Kozhikode,Rural,Working,,Rarely,Slightly reduced,Agree,Rarely,"Yes, to some extent",Lower / zero travel cost,,Moderate loss of passengers and revenue,No one is significantly negatively affected,,Rarely,Evening peak hours,"Yes, sometimes",Lower travel comfort,Special services for students and workers; Demand-based route planning; Increase overall KSRTC fleet capacity,
PS-OUPWF3,2026-09-20T21:16:52.760610+00:00,18–25,Female,Kozhikode,Semi-urban,Student,,Occasionally,Significantly reduced,Strongly agree,"No, I mainly used KSRTC","Yes, to some extent",Lower / zero travel cost,,Significant loss of passengers and revenue,Private bus operators — due to loss of passengers and revenue,,Always,Evening peak hours,Rarely,More overcrowding,Extra buses during peak hours; Demand-based route planning,
PS-G0OMUR,2026-09-20T21:18:45.770518+00:00,18–25,Male,Kollam,Rural,Working,,Rarely,Not applicable,Neutral,Rarely,No change,Route availability,,Moderate loss of passengers and revenue,Private bus operators — due to loss of passengers and revenue,,Sometimes,Evening peak hours,"Yes, very frequently",Continued challenges for private bus operators; Lower travel comfort,Extra buses during peak hours; Demand-based route planning; Smart pass / better verification; Other,
PS-SY3QQN,2026-09-20T21:22:11.719823+00:00,26–35,Female,Kozhikode,Rural,Business,,Several times a week,Slightly reduced,Neutral,"Yes, regularly",Not applicable,Other,No change,Significant loss of passengers and revenue,Private bus operators — due to loss of passengers and revenue,,Always,Both morning and evening peaks,"Yes, sometimes",Increased pressure on KSRTC,Special services for students and workers; Demand-based route planning; Better coordination between KSRTC and private buses,
PS-FM8ZY0,2026-09-20T21:28:13.302560+00:00,18–25,Male,Kozhikode,Rural,Student,,Several times a week,Not applicable,Neutral,"No, I mainly used KSRTC",No change,Route availability,,Significant loss of passengers and revenue,Private bus operators — due to loss of passengers and revenue,,Always,Evening peak hours,"Yes, very frequently",More overcrowding,Extra buses during peak hours; Special services for students and workers,
PS-HZBTHP,2026-09-20T21:33:19.709002+00:00,26–35,Female,Kannur,Semi-urban,Working,,Several times a week,Slightly reduced,Neutral,Rarely,"Yes, significantly",Better access to education/work,,Moderate loss of passengers and revenue,Male passengers — due to increased overcrowding,,Always,Morning peak hours,Rarely,More overcrowding,Extra buses during peak hours; Special services for students and workers,
PS-I1K4TS,2026-09-20T21:34:08.455440+00:00,36–45,Male,Malappuram,Rural,Working,,Several times a week,No reduction,Agree,"Yes, regularly",No change,Lower / zero travel cost,,Significant loss of passengers and revenue,Private bus operators — due to loss of passengers and revenue,,Always,Morning peak hours,Rarely,More overcrowding; Increased pressure on KSRTC,Extra buses during peak hours; Demand-based route planning; Better coordination between KSRTC and private buses; Other,
PS-950SWK,2026-09-20T21:40:38.291035+00:00,18–25,Female,Malappuram,Rural,Student,,Daily,No reduction,Disagree,"Yes, regularly","Yes, to some extent",Lower / zero travel cost,,Significant loss of passengers and revenue,Private bus operators — due to loss of passengers and revenue,,Sometimes,Evening peak hours,"Yes, sometimes",Greater passenger dissatisfaction; Lower travel comfort,Special services for students and workers,
PS-MOT2K4,2026-09-20T21:46:19.651437+00:00,18–25,Male,Pathanamthitta,Semi-urban,Student,,Rarely,No reduction,Disagree,Rarely,Not applicable,Lower / zero travel cost,,Significant loss of passengers and revenue,Male passengers — due to increased overcrowding,,Always,Evening peak hours,"Yes, very frequently",Continued challenges for private bus operators; Lower travel comfort; Positive improvements if the government acts,Extra buses during peak hours; Demand-based route planning; Better coordination between KSRTC and private buses,
PS-HGSMGR,2026-09-20T22:02:22.870134+00:00,18–25,Female,Kannur,Rural,Student,,Rarely,Significantly reduced,Agree,"Yes, occasionally","Yes, significantly",Scheme benefits,,Significant loss of passengers and revenue,Male passengers — due to increased overcrowding,,Always,Evening peak hours,Never,More overcrowding; Greater passenger dissatisfaction; Continued challenges for private bus operators,Other,
PS-VZXJCF,2026-09-20T22:09:18.677007+00:00,18–25,Male,Kannur,Rural,Student,,Several times a week,No reduction,Neutral,"Yes, occasionally",Not applicable,Other,Safe travel for women commuters,Slight impact,KSRTC staff / conductors — due to increased passenger pressure,,Sometimes,Both morning and evening peaks,Rarely,Lower travel comfort,Special services for students and workers,
PS-YZ65SA,2026-09-20T22:17:04.843248+00:00,Below 18,Female,Kasaragod,Urban,Working,,Occasionally,Slightly reduced,Agree,Not applicable,"Yes, to some extent",Scheme benefits,,Significant loss of passengers and revenue,Private bus operators — due to loss of passengers and revenue,,Rarely,Both morning and evening peaks,Rarely,More overcrowding,Extra buses during peak hours; Special services for students and workers,
PS-70EH92,2026-09-20T22:19:33.983725+00:00,18–25,Male,Kollam,Rural,Working,,Several times a week,No reduction,Disagree,"Yes, occasionally","Yes, significantly",Lower / zero travel cost,,Significant loss of passengers and revenue,Private bus operators — due to loss of passengers and revenue,,Always,Both morning and evening peaks,"Yes, very frequently",More delays,Better coordination between KSRTC and private buses,
PS-JF4OLP,2026-09-20T22:25:24.230900+00:00,18–25,Male,Kozhikode,Semi-urban,Student,,Rarely,Moderately reduced,Agree,"Yes, occasionally",I still mainly use private buses,Route availability,,Moderate loss of passengers and revenue,Private bus operators — due to loss of passengers and revenue,,Never,Evening peak hours,"Yes, sometimes",More overcrowding; Continued challenges for private bus operators; Lower travel comfort,Special services for students and workers; Better coordination between KSRTC and private buses,
PS-3FZAW6,2026-09-20T22:36:08.221345+00:00,18–25,Male,Malappuram,Semi-urban,Student,,Several times a week,Moderately reduced,Strongly agree,"Yes, regularly",No change,Lower / zero travel cost,,Slight impact,Male passengers — due to increased overcrowding,,Always,Both morning and evening peaks,"Yes, very frequently",More overcrowding; Continued challenges for private bus operators; Lower travel comfort,Extra buses during peak hours; Better coordination between KSRTC and private buses; Smart pass / better verification,
PS-1LOW57,2026-09-20T22:38:20.371091+00:00,18–25,Female,Kannur,Urban,Student,,Daily,Slightly reduced,Neutral,"No, I mainly used KSRTC",Not applicable,Scheme benefits,,No significant impact,Other regular KSRTC passengers — due to overcrowding and delays,,Always,Throughout the day,Rarely,Lower travel comfort,Special services for students and workers,
PS-YYZ3VY,2026-09-20T22:42:33.106303+00:00,26–35,Female,Kannur,Rural,Working,,Daily,Significantly reduced,Agree,"Yes, occasionally",No change,Lower / zero travel cost,,Significant loss of passengers and revenue,Private bus operators — due to loss of passengers and revenue,,Rarely,Evening peak hours,Rarely,More delays,Special services for students and workers,
PS-EDUPDS,2026-09-20T22:50:14.435623+00:00,18–25,Female,Kozhikode,Semi-urban,Student,,Several times a week,Significantly reduced,Strongly agree,Rarely,"Yes, significantly",Lower / zero travel cost,,Significant loss of passengers and revenue,Male passengers — due to increased overcrowding,,Always,Evening peak hours,Rarely,More overcrowding,Extra buses during peak hours,
PS-L6K0SG,2026-09-20T22:54:55.738243+00:00,26–35,Male,Malappuram,Semi-urban,Student,,Daily,Slightly reduced,Agree,"Yes, regularly","Yes, significantly",Route availability,,Moderate loss of passengers and revenue,Other regular KSRTC passengers — due to overcrowding and delays,,Always,Evening peak hours,"Yes, sometimes",More overcrowding; Increased pressure on KSRTC; Continued challenges for private bus operators,Extra buses during peak hours,
PS-92HW8K,2026-09-20T23:14:07.685945+00:00,18–25,Female,Kasaragod,Semi-urban,Student,,Several times a week,Moderately reduced,Neutral,"No, I mainly used KSRTC","Yes, significantly",Lower / zero travel cost,,Significant loss of passengers and revenue,Male passengers — due to increased overcrowding,,Always,Both morning and evening peaks,"Yes, very frequently",More overcrowding; Increased pressure on KSRTC; Greater passenger dissatisfaction; Lower travel comfort; More delays,Special services for students and workers; Smart pass / better verification,
PS-TWHG6J,2026-09-20T23:20:02.224324+00:00,Below 18,Female,Malappuram,Rural,Student,,Daily,Slightly reduced,Agree,Rarely,"Yes, to some extent",Lower / zero travel cost,,No significant impact,Private bus operators — due to loss of passengers and revenue,,Always,Both morning and evening peaks,Rarely,Increased pressure on KSRTC; Lower travel comfort,Special services for students and workers,
PS-BYBP7R,2026-09-20T23:25:34.403886+00:00,18–25,Female,Kasaragod,Semi-urban,Student,,Rarely,Significantly reduced,Strongly agree,"Yes, regularly",No change,Scheme benefits,,Significant loss of passengers and revenue,Private bus operators — due to loss of passengers and revenue,,Always,Both morning and evening peaks,"Yes, very frequently",Increased pressure on KSRTC,Extra buses during peak hours,
PS-4XME0L,2026-09-20T23:33:30.923841+00:00,18–25,Female,Wayanad,Rural,Student,,Occasionally,No reduction,Neutral,"Yes, occasionally","Yes, to some extent",Lower / zero travel cost,,Significant loss of passengers and revenue,Private bus operators — due to loss of passengers and revenue,,Always,Evening peak hours,Rarely,Increased pressure on KSRTC; Greater passenger dissatisfaction; Lower travel comfort,Extra buses during peak hours; Special services for students and workers,
PS-QOI954,2026-09-20T23:39:54.498996+00:00,Below 18,Female,Wayanad,Semi-urban,Student,,Rarely,Significantly reduced,Strongly agree,Rarely,"Yes, significantly",Lower / zero travel cost,,Slight impact,Other,,Rarely,Throughout the day,"Yes, sometimes",Increased pressure on KSRTC,Special services for students and workers; Demand-based route planning,
PS-N54PHG,2026-09-20T23:42:49.966262+00:00,18–25,Female,Kollam,Semi-urban,Student,,Rarely,Slightly reduced,Agree,Not applicable,No change,Better access to education/work,,Slight impact,Private bus operators — due to loss of passengers and revenue,,Always,Both morning and evening peaks,"Yes, sometimes",Increased pressure on KSRTC; Continued challenges for private bus operators; Lower travel comfort,Special services for students and workers,
PS-ZRX5WN,2026-09-20T23:47:47.728232+00:00,Below 18,Female,Kasaragod,Rural,Student,,Occasionally,Significantly reduced,Strongly agree,Not applicable,"Yes, significantly",Other,Not applicable,Significant loss of passengers and revenue,Private bus operators — due to loss of passengers and revenue,,Rarely,Throughout the day,Rarely,More delays,Extra buses during peak hours; Special services for students and workers,
PS-1PAJUO,2026-09-20T23:48:46.106183+00:00,18–25,Female,Kozhikode,Urban,Self-employed,,Daily,Slightly reduced,Neutral,"Yes, occasionally",I still mainly use private buses,Other,Iam always travelling through ksrtc before the priyadharshini scheme,Significant loss of passengers and revenue,Private bus operators — due to loss of passengers and revenue,,Always,Both morning and evening peaks,"Yes, very frequently",More overcrowding,Special services for students and workers,
PS-9N4P2X,2026-09-20T23:50:32.697757+00:00,18–25,Female,Kasaragod,Rural,Student,,Daily,No reduction,Strongly disagree,"Yes, regularly","Yes, significantly",Lower / zero travel cost,,Significant loss of passengers and revenue,Other regular KSRTC passengers — due to overcrowding and delays,,Often,Evening peak hours,"Yes, very frequently",More overcrowding; Greater passenger dissatisfaction; Lower travel comfort; More delays,Extra buses during peak hours; Special services for students and workers,
PS-B2KKRB,2026-09-20T23:58:45.683705+00:00,18–25,Female,Malappuram,Semi-urban,Student,,Rarely,Significantly reduced,Disagree,"Yes, regularly","Yes, significantly",Better access to education/work,,Significant loss of passengers and revenue,Private bus operators — due to loss of passengers and revenue,,Always,Both morning and evening peaks,"Yes, sometimes",More overcrowding,Extra buses during peak hours; Special services for students and workers; Better coordination between KSRTC and private buses,
PS-SEC904,2026-09-21T00:27:34.807980+00:00,18–25,Female,Palakkad,Semi-urban,Student,,Occasionally,Moderately reduced,Agree,Rarely,I still mainly use private buses,Lower / zero travel cost,,Significant loss of passengers and revenue,Private bus operators — due to loss of passengers and revenue,,Always,Both morning and evening peaks,"Yes, sometimes",Lower travel comfort,Special services for students and workers; Smart pass / better verification,
PS-RM9171,2026-09-21T00:27:37.281272+00:00,18–25,Female,Malappuram,Rural,Student,,Several times a week,No reduction,Strongly disagree,"Yes, occasionally","Yes, to some extent",Better access to education/work,,Slight impact,Male passengers — due to increased overcrowding,,Always,Both morning and evening peaks,"Yes, sometimes",More delays,Extra buses during peak hours,
PS-49JMCD,2026-09-21T00:33:51.247654+00:00,18–25,Male,Pathanamthitta,Rural,Student,,Rarely,No reduction,Agree,"Yes, regularly",No change,Better access to education/work,,Significant loss of passengers and revenue,Male passengers — due to increased overcrowding,,Often,Both morning and evening peaks,"Yes, sometimes",Continued challenges for private bus operators; Lower travel comfort,Extra buses during peak hours; Smart pass / better verification,
PS-5P2AZ2,2026-09-21T00:34:47.206866+00:00,18–25,Female,Kozhikode,Urban,Student,,Occasionally,Slightly reduced,Agree,Rarely,I still mainly use private buses,Lower / zero travel cost,,Significant loss of passengers and revenue,Private bus operators — due to loss of passengers and revenue,,Often,Both morning and evening peaks,Rarely,More overcrowding; Increased pressure on KSRTC,Extra buses during peak hours; Special services for students and workers; Better coordination between KSRTC and private buses; Smart pass / better verification,
PS-08TPTO,2026-09-21T00:40:51.440058+00:00,18–25,Male,Kannur,Rural,Working,,Occasionally,Moderately reduced,Agree,"Yes, occasionally",I did not use private buses previously,Better access to education/work,,No significant impact,Private bus operators — due to loss of passengers and revenue,,Often,Evening peak hours,"Yes, very frequently",More overcrowding; Continued challenges for private bus operators; Positive improvements if the government acts,Increase overall KSRTC fleet capacity; Other,
PS-BO2111,2026-09-21T00:49:02.698414+00:00,18–25,Female,Malappuram,Rural,Working,,Daily,No reduction,Strongly agree,"No, I mainly used KSRTC",No change,Lower / zero travel cost,,Significant loss of passengers and revenue,Private bus operators — due to loss of passengers and revenue,,Often,Both morning and evening peaks,Rarely,Continued challenges for private bus operators; More delays,Special services for students and workers,
PS-RNPKAV,2026-09-21T01:06:37.575595+00:00,46–55,Female,Kozhikode,Rural,Homemaker,,Occasionally,Significantly reduced,Agree,"Yes, regularly","Yes, significantly",Lower / zero travel cost,,Moderate loss of passengers and revenue,Other regular KSRTC passengers — due to overcrowding and delays,,Never,Rarely face overcrowding,Never,Increased pressure on KSRTC; Lower travel comfort; More delays,Extra buses during peak hours; Demand-based route planning; Smart pass / better verification; Other,
PS-5KPK8R,2026-09-21T01:07:54.479436+00:00,Below 18,Female,Malappuram,Semi-urban,Student,,Several times a week,Slightly reduced,Neutral,"Yes, occasionally","Yes, to some extent",Better access to education/work,,Significant loss of passengers and revenue,Private bus operators — due to loss of passengers and revenue,,Sometimes,Both morning and evening peaks,Rarely,Greater passenger dissatisfaction; Lower travel comfort,Extra buses during peak hours; Demand-based route planning,
PS-5URE6G,2026-09-21T01:12:54.786304+00:00,Below 18,Female,Kasaragod,Rural,Student,,Several times a week,Slightly reduced,Disagree,"Yes, regularly","Yes, to some extent",Better reliability,,Significant loss of passengers and revenue,Private bus operators — due to loss of passengers and revenue,,Always,Morning peak hours,Rarely,More overcrowding; Greater passenger dissatisfaction; Positive improvements if the government acts,Special services for students and workers; Demand-based route planning,
PS-TIJFG6,2026-09-21T01:16:11.319924+00:00,26–35,Female,Kannur,Rural,Student,,Occasionally,Significantly reduced,Agree,"Yes, regularly","Yes, significantly",Better access to education/work,,Significant loss of passengers and revenue,Private bus operators — due to loss of passengers and revenue,,Sometimes,Morning peak hours,"Yes, sometimes",Increased pressure on KSRTC; More delays; Positive improvements if the government acts,Better coordination between KSRTC and private buses,
PS-7EPGE5,2026-09-21T01:16:50.589560+00:00,18–25,Female,Wayanad,Rural,Student,,Rarely,Slightly reduced,Agree,Not applicable,"Yes, significantly",Lower / zero travel cost,,Significant loss of passengers and revenue,Private bus operators — due to loss of passengers and revenue,,Sometimes,Morning peak hours,Rarely,More overcrowding; Increased pressure on KSRTC,Demand-based route planning,
PS-JP3D7J,2026-09-21T01:39:13.385991+00:00,26–35,Female,Kannur,Rural,Working,,Several times a week,Slightly reduced,Agree,"Yes, regularly","Yes, significantly",Lower / zero travel cost,,Significant loss of passengers and revenue,Private bus operators — due to loss of passengers and revenue,,Always,Both morning and evening peaks,"Yes, very frequently",Increased pressure on KSRTC; Greater passenger dissatisfaction; Continued challenges for private bus operators,Extra buses during peak hours; Smart pass / better verification,
PS-Y1Y1BY,2026-09-21T01:39:54.678901+00:00,18–25,Male,Wayanad,Rural,Working,,Occasionally,Slightly reduced,Neutral,"Yes, regularly",Not applicable,Other,Not applicable,Slight impact,Male passengers — due to increased overcrowding,,Always,Both morning and evening peaks,"Yes, sometimes",More overcrowding; Lower travel comfort; More delays; Positive improvements if the government acts,Special services for students and workers; Better coordination between KSRTC and private buses,
PS-32JPKD,2026-09-21T01:48:54.727260+00:00,18–25,Female,Wayanad,Rural,Student,,Daily,Slightly reduced,Neutral,Rarely,I still mainly use private buses,Lower / zero travel cost,,Slight impact,Private bus operators — due to loss of passengers and revenue,,Never,Throughout the day,"Yes, sometimes",Lower travel comfort,Extra buses during peak hours; Special services for students and workers,
PS-5UERAN,2026-09-21T01:54:23.887725+00:00,18–25,Male,Pathanamthitta,Semi-urban,Student,,Daily,No reduction,Disagree,Not applicable,Not applicable,Better access to education/work,,Significant loss of passengers and revenue,Private bus operators — due to loss of passengers and revenue,,Often,Both morning and evening peaks,Rarely,Greater passenger dissatisfaction; Continued challenges for private bus operators; Lower travel comfort; More delays,Demand-based route planning; Better coordination between KSRTC and private buses,
PS-IVMBE9,2026-09-21T01:56:09.962919+00:00,18–25,Male,Malappuram,Rural,Student,,Rarely,No reduction,Agree,"No, I mainly used KSRTC",No change,Better reliability,,Moderate loss of passengers and revenue,Private bus operators — due to loss of passengers and revenue,,Often,Both morning and evening peaks,"Yes, very frequently",Lower travel comfort,Extra buses during peak hours; Special services for students and workers; Demand-based route planning; Better coordination between KSRTC and private buses; Smart pass / better verification,
PS-68AP4A,2026-09-21T01:59:08.176119+00:00,26–35,Female,Malappuram,Rural,Student,,Several times a week,Slightly reduced,Neutral,"Yes, occasionally",I still mainly use private buses,Lower / zero travel cost,,Slight impact,Other regular KSRTC passengers — due to overcrowding and delays,,Often,Both morning and evening peaks,"Yes, very frequently",Greater passenger dissatisfaction; Lower travel comfort,Special services for students and workers; Better coordination between KSRTC and private buses,
PS-GEFMJ9,2026-09-21T02:01:41.490978+00:00,18–25,Male,Wayanad,Rural,Working,,Rarely,No reduction,Strongly agree,Rarely,"Yes, significantly",Scheme benefits,,Significant loss of passengers and revenue,Private bus operators — due to loss of passengers and revenue,,Always,Evening peak hours,"Yes, very frequently",Increased pressure on KSRTC; Continued challenges for private bus operators; Lower travel comfort,Extra buses during peak hours; Demand-based route planning; Better coordination between KSRTC and private buses,
PS-3C7E3H,2026-09-21T02:17:41.619755+00:00,18–25,Female,Kasaragod,Urban,Student,,Daily,Not applicable,Strongly agree,"Yes, occasionally","Yes, to some extent",Better access to education/work,,No significant impact,Other regular KSRTC passengers — due to overcrowding and delays,,Always,Evening peak hours,"Yes, very frequently",More overcrowding,Extra buses during peak hours; Increase overall KSRTC fleet capacity,
PS-67Z63T,2026-09-21T02:18:35.969550+00:00,18–25,Male,Kozhikode,Urban,Student,,Occasionally,Not applicable,Strongly agree,Not applicable,Not applicable,Better reliability,,No significant impact,Other regular KSRTC passengers — due to overcrowding and delays,,Always,Evening peak hours,Rarely,Continued challenges for private bus operators,Special services for students and workers,
PS-4OJWBO,2026-09-21T02:21:34.714869+00:00,Below 18,Female,Malappuram,Semi-urban,Student,,Several times a week,Slightly reduced,Agree,"Yes, regularly","Yes, significantly",Better access to education/work,,Moderate loss of passengers and revenue,Private bus operators — due to loss of passengers and revenue,,Always,Both morning and evening peaks,"Yes, very frequently",Greater passenger dissatisfaction; Continued challenges for private bus operators,Extra buses during peak hours; Better coordination between KSRTC and private buses; Increase overall KSRTC fleet capacity,
PS-A0P0FF,2026-09-21T02:31:48.154159+00:00,18–25,Male,Kozhikode,Rural,Student,,Several times a week,Moderately reduced,Strongly agree,Rarely,"Yes, to some extent",Lower / zero travel cost,,Moderate loss of passengers and revenue,KSRTC staff / conductors — due to increased passenger pressure,,Always,Both morning and evening peaks,"Yes, very frequently",Increased pressure on KSRTC; Greater passenger dissatisfaction; More delays,Extra buses during peak hours; Special services for students and workers,
PS-G41QJV,2026-09-21T02:35:41.907750+00:00,18–25,Female,Kozhikode,Rural,Student,,Several times a week,Slightly reduced,Agree,Rarely,"Yes, to some extent",Lower / zero travel cost,,Moderate loss of passengers and revenue,Private bus operators — due to loss of passengers and revenue,,Always,Rarely face overcrowding,Never,Greater passenger dissatisfaction; Continued challenges for private bus operators; Lower travel comfort; More delays,Demand-based route planning,
PS-DGTGI6,2026-09-21T02:40:16.647601+00:00,18–25,Female,Kollam,Rural,Student,,Several times a week,Significantly reduced,Agree,"Yes, occasionally",No change,Route availability,,Slight impact,Private bus operators — due to loss of passengers and revenue,,Always,Both morning and evening peaks,"Yes, sometimes",More overcrowding,Demand-based route planning; Increase overall KSRTC fleet capacity,
PS-KF0ASN,2026-09-21T02:44:16.536140+00:00,26–35,Female,Malappuram,Rural,Other,Unemployed,Daily,Slightly reduced,Neutral,"Yes, occasionally",No change,Scheme benefits,,Significant loss of passengers and revenue,Private bus operators — due to loss of passengers and revenue,,Always,Both morning and evening peaks,Rarely,More overcrowding; Continued challenges for private bus operators; More delays,Special services for students and workers; Demand-based route planning; Increase overall KSRTC fleet capacity,
PS-ZR7X4K,2026-09-21T02:54:50.574134+00:00,18–25,Male,Thiruvananthapuram,Semi-urban,Student,,Several times a week,Slightly reduced,Strongly agree,Rarely,"Yes, significantly",Lower / zero travel cost,,Significant loss of passengers and revenue,Private bus operators — due to loss of passengers and revenue,,Always,Both morning and evening peaks,"Yes, sometimes",More delays,Extra buses during peak hours; Better coordination between KSRTC and private buses,
PS-1G0MCV,2026-09-21T02:58:48.389305+00:00,18–25,Female,Kasaragod,Semi-urban,Student,,Several times a week,Slightly reduced,Neutral,Rarely,Not applicable,Better reliability,,Slight impact,Other regular KSRTC passengers — due to overcrowding and delays,,Always,Both morning and evening peaks,"Yes, sometimes",Continued challenges for private bus operators; More delays; Positive improvements if the government acts,Smart pass / better verification,
PS-N1J2XR,2026-09-21T03:06:55.421217+00:00,18–25,Female,Wayanad,Semi-urban,Student,,Occasionally,Significantly reduced,Agree,Not applicable,I still mainly use private buses,Lower / zero travel cost,,Significant loss of passengers and revenue,Private bus operators — due to loss of passengers and revenue,,Always,Both morning and evening peaks,"Yes, sometimes",Continued challenges for private bus operators,Special services for students and workers,
PS-SOQDNR,2026-09-21T03:17:01.139041+00:00,18–25,Male,Malappuram,Semi-urban,Working,,Rarely,No reduction,Disagree,"Yes, regularly",No change,Other,Safe travel for women commuters,Slight impact,Private bus operators — due to loss of passengers and revenue,,Rarely,Evening peak hours,"Yes, sometimes",Lower travel comfort,Special services for students and workers; Demand-based route planning; Better coordination between KSRTC and private buses,
PS-F9LWN6,2026-09-21T03:19:49.338741+00:00,18–25,Male,Pathanamthitta,Semi-urban,Student,,Occasionally,Not applicable,Neutral,"Yes, regularly","Yes, significantly",Other,Iam always travelling through ksrtc before the priyadharshini scheme,Slight impact,Other,,Often,Both morning and evening peaks,"Yes, very frequently",More delays,Demand-based route planning; Increase overall KSRTC fleet capacity,
PS-V6UE6L,2026-09-21T03:24:13.127250+00:00,18–25,Male,Kozhikode,Semi-urban,Student,,Daily,Not applicable,Strongly agree,"Yes, occasionally",Not applicable,Other,Safe travel for women commuters,Significant loss of passengers and revenue,Private bus operators — due to loss of passengers and revenue,,Rarely,Both morning and evening peaks,"Yes, sometimes",More delays,Special services for students and workers,
PS-S2141L,2026-09-21T03:31:19.370501+00:00,Below 18,Female,Malappuram,Rural,Student,,Daily,Slightly reduced,Agree,"Yes, occasionally","Yes, to some extent",Lower / zero travel cost,,Slight impact,Other,,Always,Morning peak hours,"Yes, very frequently",Increased pressure on KSRTC,Extra buses during peak hours; Special services for students and workers,
PS-7UJK5X,2026-09-21T03:35:06.959384+00:00,18–25,Male,Ernakulam,Rural,Student,,Daily,Not applicable,Strongly agree,"Yes, regularly",Not applicable,Other,Not applicable,Significant loss of passengers and revenue,No one is significantly negatively affected,,Never,Morning peak hours,Rarely,Increased pressure on KSRTC; More delays,Increase overall KSRTC fleet capacity; Other,
PS-H1ZVT1,2026-09-21T03:58:11.143689+00:00,18–25,Male,Pathanamthitta,Semi-urban,Student,,Occasionally,No reduction,Disagree,Not applicable,"Yes, significantly",Scheme benefits,,Moderate loss of passengers and revenue,Other regular KSRTC passengers — due to overcrowding and delays,,Often,Evening peak hours,"Yes, sometimes",More overcrowding; More delays; Other,Extra buses during peak hours; Special services for students and workers,
PS-OVLR9L,2026-09-21T04:03:52.920891+00:00,Below 18,Female,Kannur,Rural,Student,,Rarely,Significantly reduced,Strongly agree,"Yes, regularly",No change,Other,Safe travel for women commuters,Significant loss of passengers and revenue,Private bus operators — due to loss of passengers and revenue,,Rarely,Morning peak hours,"Yes, sometimes",Continued challenges for private bus operators; More delays; Positive improvements if the government acts,Special services for students and workers,
PS-QR8BIV,2026-09-21T04:11:52.602334+00:00,18–25,Female,Wayanad,Rural,Student,,Rarely,Significantly reduced,Strongly agree,"Yes, regularly","Yes, significantly",Lower / zero travel cost,,Significant loss of passengers and revenue,Other regular KSRTC passengers — due to overcrowding and delays,,Rarely,Throughout the day,Rarely,Lower travel comfort; More delays; Positive improvements if the government acts,Special services for students and workers,
PS-WNN4X0,2026-09-21T04:15:11.940976+00:00,18–25,Male,Wayanad,Rural,Student,,Rarely,Moderately reduced,Disagree,Not applicable,I did not use private buses previously,Better access to education/work,,Significant loss of passengers and revenue,Private bus operators — due to loss of passengers and revenue,,Always,Both morning and evening peaks,"Yes, sometimes",Increased pressure on KSRTC; Lower travel comfort,Demand-based route planning,
PS-GU0VRI,2026-09-21T04:21:25.407442+00:00,18–25,Male,Kasaragod,Semi-urban,Student,,Occasionally,No reduction,Disagree,Not applicable,Not applicable,Other,Not applicable,Significant loss of passengers and revenue,Other regular KSRTC passengers — due to overcrowding and delays,,Always,Morning peak hours,"Yes, very frequently",More overcrowding; Greater passenger dissatisfaction; Lower travel comfort,Extra buses during peak hours; Special services for students and workers,
PS-PD603A,2026-09-21T04:28:18.299023+00:00,18–25,Female,Kasaragod,Semi-urban,Student,,Daily,No reduction,Strongly agree,"No, I mainly used KSRTC",Not applicable,Route availability,,Significant loss of passengers and revenue,Private bus operators — due to loss of passengers and revenue,,Never,Morning peak hours,"Yes, sometimes",More overcrowding; Increased pressure on KSRTC; More delays; Positive improvements if the government acts,Extra buses during peak hours,
PS-3LP13Y,2026-09-21T04:40:00.558705+00:00,Below 18,Female,Malappuram,Rural,Student,,Rarely,Slightly reduced,Disagree,Not applicable,No change,Lower / zero travel cost,,Moderate loss of passengers and revenue,Male passengers — due to increased overcrowding,,Rarely,Both morning and evening peaks,"Yes, sometimes",Increased pressure on KSRTC; Lower travel comfort; More delays,Extra buses during peak hours; Special services for students and workers,
PS-46NU4N,2026-09-21T04:43:30.502034+00:00,18–25,Male,Kasaragod,Urban,Business,,Occasionally,No reduction,Neutral,"Yes, regularly","Yes, significantly",Route availability,,Not sure,Private bus operators — due to loss of passengers and revenue,,Always,Both morning and evening peaks,"Yes, sometimes",Greater passenger dissatisfaction,Increase overall KSRTC fleet capacity,
PS-ZARZM2,2026-09-21T04:56:10.626593+00:00,56 and above,Female,Wayanad,Rural,Student,,Occasionally,Not applicable,Neutral,"Yes, occasionally","Yes, to some extent",Other,Iam always travelling through ksrtc before the priyadharshini scheme,Moderate loss of passengers and revenue,Private bus operators — due to loss of passengers and revenue,,Always,Both morning and evening peaks,"Yes, sometimes",More overcrowding,Extra buses during peak hours,
PS-U4PN8D,2026-09-21T05:03:00.943618+00:00,18–25,Female,Kannur,Semi-urban,Student,,Several times a week,Slightly reduced,Agree,"Yes, regularly",I still mainly use private buses,Better access to education/work,,Significant loss of passengers and revenue,Private bus operators — due to loss of passengers and revenue,,Never,Rarely face overcrowding,"Yes, sometimes",Increased pressure on KSRTC; Lower travel comfort,Special services for students and workers; Other,
PS-HWZ5CE,2026-09-21T05:03:46.319342+00:00,18–25,Female,Kannur,Semi-urban,Student,,Several times a week,Significantly reduced,Strongly agree,"Yes, regularly","Yes, significantly",Lower / zero travel cost,,Significant loss of passengers and revenue,Private bus operators — due to loss of passengers and revenue,,Always,Both morning and evening peaks,Rarely,More overcrowding; Continued challenges for private bus operators,Special services for students and workers,
PS-OHSR3A,2026-09-21T05:06:10.723723+00:00,18–25,Female,Wayanad,Semi-urban,Student,,Several times a week,Moderately reduced,Agree,"Yes, regularly",Not applicable,Better reliability,,No significant impact,Other regular KSRTC passengers — due to overcrowding and delays,,Always,Both morning and evening peaks,"Yes, sometimes",Increased pressure on KSRTC; More delays,Extra buses during peak hours; Special services for students and workers; Smart pass / better verification,
PS-MCURMI,2026-09-21T05:07:55.546323+00:00,18–25,Female,Malappuram,Urban,Student,,Rarely,Significantly reduced,Strongly agree,"Yes, regularly","Yes, significantly",Scheme benefits,,Significant loss of passengers and revenue,Private bus operators — due to loss of passengers and revenue,,Always,Evening peak hours,Never,Increased pressure on KSRTC; Lower travel comfort,Extra buses during peak hours,
PS-7WYKMY,2026-09-21T05:08:38.884639+00:00,18–25,Female,Thiruvananthapuram,Rural,Student,,Daily,Moderately reduced,Agree,"No, I mainly used KSRTC","Yes, significantly",Lower / zero travel cost,,Moderate loss of passengers and revenue,Private bus operators — due to loss of passengers and revenue,,Always,Both morning and evening peaks,Rarely,More overcrowding; Greater passenger dissatisfaction,Special services for students and workers; Increase overall KSRTC fleet capacity,
PS-XU0TWH,2026-09-21T05:12:24.199948+00:00,36–45,Female,Kollam,Semi-urban,Student,,Rarely,Moderately reduced,Strongly agree,Not applicable,No change,Better reliability,,Moderate loss of passengers and revenue,Other regular KSRTC passengers — due to overcrowding and delays,,Rarely,Throughout the day,Rarely,More delays,Extra buses during peak hours; Better coordination between KSRTC and private buses,
PS-NSHDUX,2026-09-21T05:18:17.967553+00:00,18–25,Male,Malappuram,Semi-urban,Self-employed,,Occasionally,Moderately reduced,Agree,"Yes, occasionally","Yes, to some extent",Better access to education/work,,Significant loss of passengers and revenue,Private bus operators — due to loss of passengers and revenue,,Always,Morning peak hours,Never,More overcrowding; Greater passenger dissatisfaction; Positive improvements if the government acts; Other,Special services for students and workers; Better coordination between KSRTC and private buses; Smart pass / better verification; Increase overall KSRTC fleet capacity,
PS-LNCYS1,2026-09-21T05:21:09.587601+00:00,Below 18,Female,Malappuram,Urban,Student,,Occasionally,Significantly reduced,Agree,"No, I mainly used KSRTC",I did not use private buses previously,Other,Not applicable,Moderate loss of passengers and revenue,Private bus operators — due to loss of passengers and revenue,,Always,Both morning and evening peaks,"Yes, sometimes",More overcrowding,Extra buses during peak hours; Demand-based route planning,
PS-WHGEEK,2026-09-21T05:25:55.678702+00:00,18–25,Male,Malappuram,Rural,Working,,Daily,No reduction,Disagree,"No, I mainly used KSRTC",No change,Other,Safe travel for women commuters,Significant loss of passengers and revenue,Other regular KSRTC passengers — due to overcrowding and delays,,Always,Throughout the day,"Yes, very frequently",More overcrowding; More delays,Smart pass / better verification; Other,
PS-83549W,2026-09-21T05:42:16.561969+00:00,36–45,Male,Malappuram,Semi-urban,Working,,Several times a week,No reduction,Neutral,"Yes, regularly",No change,Better reliability,,Moderate loss of passengers and revenue,Private bus operators — due to loss of passengers and revenue,,Always,Both morning and evening peaks,Rarely,Increased pressure on KSRTC; Greater passenger dissatisfaction,Extra buses during peak hours; Special services for students and workers; Demand-based route planning; Better coordination between KSRTC and private buses; Other,
PS-PI7NJZ,2026-09-21T05:54:54.727788+00:00,26–35,Female,Malappuram,Semi-urban,Student,,Occasionally,Slightly reduced,Neutral,"Yes, occasionally",No change,Other,Safe travel for women commuters,Moderate loss of passengers and revenue,Private bus operators — due to loss of passengers and revenue,,Often,Both morning and evening peaks,Rarely,Greater passenger dissatisfaction; Continued challenges for private bus operators,Extra buses during peak hours; Better coordination between KSRTC and private buses; Smart pass / better verification,
PS-PDC8AI,2026-09-21T05:59:13.691909+00:00,26–35,Female,Kozhikode,Rural,Student,,Several times a week,No reduction,Strongly disagree,Rarely,No change,Lower / zero travel cost,,Significant loss of passengers and revenue,Private bus operators — due to loss of passengers and revenue,,Always,Both morning and evening peaks,"Yes, very frequently",Lower travel comfort; More delays,Extra buses during peak hours; Other,
PS-QB2KY3,2026-09-21T06:05:04.374823+00:00,36–45,Male,Kasaragod,Rural,Working,,Several times a week,Slightly reduced,Agree,"Yes, regularly","Yes, significantly",Better access to education/work,,Significant loss of passengers and revenue,Private bus operators — due to loss of passengers and revenue,,Always,Both morning and evening peaks,"Yes, very frequently",Increased pressure on KSRTC; Lower travel comfort,Extra buses during peak hours; Smart pass / better verification,
PS-1N9DW5,2026-09-21T06:19:36.500019+00:00,26–35,Male,Pathanamthitta,Semi-urban,Self-employed,,Rarely,Not applicable,Neutral,"Yes, regularly",Not applicable,Other,Safe travel for women commuters,Moderate loss of passengers and revenue,Other regular KSRTC passengers — due to overcrowding and delays,,Always,Both morning and evening peaks,"Yes, sometimes",Increased pressure on KSRTC; Continued challenges for private bus operators; Lower travel comfort,Better coordination between KSRTC and private buses,
PS-W343NO,2026-09-21T06:26:16.982107+00:00,18–25,Female,Kasaragod,Semi-urban,Student,,Several times a week,No reduction,Neutral,Rarely,No change,Scheme benefits,,Significant loss of passengers and revenue,Private bus operators — due to loss of passengers and revenue,,Always,Both morning and evening peaks,"Yes, very frequently",Increased pressure on KSRTC; Greater passenger dissatisfaction,Demand-based route planning; Better coordination between KSRTC and private buses; Smart pass / better verification,
PS-MCHKT5,2026-09-21T06:37:46.586169+00:00,18–25,Male,Malappuram,Urban,Student,,Rarely,Not applicable,Agree,"No, I mainly used KSRTC",No change,Route availability,,Slight impact,KSRTC staff / conductors — due to increased passenger pressure,,Always,Both morning and evening peaks,"Yes, sometimes",Increased pressure on KSRTC,Extra buses during peak hours; Special services for students and workers; Demand-based route planning; Better coordination between KSRTC and private buses,
PS-5E45VJ,2026-09-21T06:47:05.322114+00:00,18–25,Male,Kasaragod,Semi-urban,Student,,Several times a week,Moderately reduced,Agree,"Yes, regularly",I still mainly use private buses,Route availability,,Significant loss of passengers and revenue,No one is significantly negatively affected,,Always,Both morning and evening peaks,Rarely,Increased pressure on KSRTC; Positive improvements if the government acts,Special services for students and workers,
PS-KPWFLS,2026-09-21T06:47:38.477168+00:00,Below 18,Female,Malappuram,Semi-urban,Student,,Occasionally,Moderately reduced,Disagree,Rarely,I still mainly use private buses,Lower / zero travel cost,,Moderate loss of passengers and revenue,Private bus operators — due to loss of passengers and revenue,,Often,Morning peak hours,"Yes, very frequently",Greater passenger dissatisfaction; Continued challenges for private bus operators; More delays,Extra buses during peak hours; Special services for students and workers; Demand-based route planning,
PS-U6RJHA,2026-09-21T06:58:42.460089+00:00,18–25,Female,Malappuram,Semi-urban,Student,,Several times a week,Significantly reduced,Agree,Not applicable,No change,Lower / zero travel cost,,Significant loss of passengers and revenue,Private bus operators — due to loss of passengers and revenue,,Always,Morning peak hours,"Yes, very frequently",Lower travel comfort,Extra buses during peak hours; Better coordination between KSRTC and private buses,
PS-87PN2E,2026-09-21T07:14:50.241995+00:00,26–35,Female,Kasaragod,Rural,Working,,Occasionally,Significantly reduced,Agree,"Yes, occasionally",I still mainly use private buses,Lower / zero travel cost,,Significant loss of passengers and revenue,Private bus operators — due to loss of passengers and revenue,,Often,Evening peak hours,"Yes, sometimes",Increased pressure on KSRTC; Lower travel comfort,Extra buses during peak hours; Special services for students and workers; Better coordination between KSRTC and private buses,
PS-XFOKK0,2026-09-21T07:16:08.150411+00:00,18–25,Male,Kannur,Rural,Student,,Several times a week,Significantly reduced,Strongly agree,"Yes, regularly","Yes, significantly",Route availability,,Moderate loss of passengers and revenue,Private bus operators — due to loss of passengers and revenue,,Always,Evening peak hours,"Yes, sometimes",Greater passenger dissatisfaction; Continued challenges for private bus operators,Special services for students and workers,
PS-EMNGB3,2026-09-21T07:23:39.944834+00:00,18–25,Female,Kannur,Semi-urban,Student,,Occasionally,Slightly reduced,Agree,Rarely,"Yes, significantly",Route availability,,Slight impact,Private bus operators — due to loss of passengers and revenue,,Always,Both morning and evening peaks,"Yes, very frequently",More overcrowding,Extra buses during peak hours; Special services for students and workers,
PS-2T9BSK,2026-09-21T07:24:40.418475+00:00,18–25,Male,Malappuram,Rural,Self-employed,,Occasionally,No reduction,Neutral,Not applicable,"Yes, significantly",Route availability,,Slight impact,Male passengers — due to increased overcrowding,,Always,Both morning and evening peaks,Rarely,More overcrowding,Extra buses during peak hours; Demand-based route planning,
PS-7JQ3JW,2026-09-21T08:00:15.381976+00:00,18–25,Female,Thiruvananthapuram,Rural,Student,,Several times a week,Significantly reduced,Strongly agree,Rarely,"Yes, significantly",Route availability,,Slight impact,Other,,Often,Both morning and evening peaks,Rarely,More overcrowding; Lower travel comfort,Special services for students and workers,
PS-PFJJ77,2026-09-21T08:16:53.411022+00:00,18–25,Male,Kannur,Semi-urban,Student,,Several times a week,No reduction,Neutral,"Yes, regularly","Yes, to some extent",Lower / zero travel cost,,Slight impact,Male passengers — due to increased overcrowding,,Always,Evening peak hours,"Yes, sometimes",More overcrowding; Increased pressure on KSRTC; Lower travel comfort,Extra buses during peak hours; Special services for students and workers,
PS-0QFSM5,2026-09-21T08:17:29.200720+00:00,18–25,Female,Malappuram,Rural,Student,,Rarely,Slightly reduced,Neutral,Not applicable,Not applicable,Lower / zero travel cost,,Significant loss of passengers and revenue,Private bus operators — due to loss of passengers and revenue,,Never,Morning peak hours,"Yes, very frequently",Increased pressure on KSRTC; Greater passenger dissatisfaction,Extra buses during peak hours; Special services for students and workers; Better coordination between KSRTC and private buses,
PS-8HE5XM,2026-09-21T08:19:16.777675+00:00,18–25,Male,Kollam,Rural,Other,Unemployed,Occasionally,Significantly reduced,Agree,"Yes, occasionally",No change,Other,No change,Significant loss of passengers and revenue,Private bus operators — due to loss of passengers and revenue,,Always,Both morning and evening peaks,Rarely,More overcrowding; Increased pressure on KSRTC,Better coordination between KSRTC and private buses; Increase overall KSRTC fleet capacity,
PS-DVB5PR,2026-09-21T08:20:14.426696+00:00,18–25,Female,Kozhikode,Semi-urban,Student,,Occasionally,Slightly reduced,Neutral,"Yes, regularly","Yes, to some extent",Better access to education/work,,Significant loss of passengers and revenue,Private bus operators — due to loss of passengers and revenue,,Always,Throughout the day,"Yes, very frequently",More overcrowding; Continued challenges for private bus operators; More delays,Special services for students and workers; Smart pass / better verification,
PS-TZWT78,2026-09-21T08:34:18.730837+00:00,18–25,Female,Wayanad,Rural,Student,,Several times a week,Significantly reduced,Agree,Rarely,"Yes, significantly",Better access to education/work,,Significant loss of passengers and revenue,Private bus operators — due to loss of passengers and revenue,,Sometimes,Rarely face overcrowding,Never,More overcrowding,Better coordination between KSRTC and private buses; Smart pass / better verification,
PS-9DHEMN,2026-09-21T08:35:03.387872+00:00,18–25,Female,Kollam,Urban,Student,,Rarely,Slightly reduced,Neutral,"Yes, regularly",I still mainly use private buses,Other,No change,Significant loss of passengers and revenue,Private bus operators — due to loss of passengers and revenue,,Often,Both morning and evening peaks,Rarely,Continued challenges for private bus operators,Special services for students and workers,
PS-I317JJ,2026-09-21T08:41:58.628664+00:00,26–35,Female,Kozhikode,Urban,Working,,Several times a week,Significantly reduced,Strongly agree,"Yes, regularly","Yes, significantly",Lower / zero travel cost,,Not sure,Other,,Often,Evening peak hours,"Yes, sometimes",More overcrowding; Greater passenger dissatisfaction; Lower travel comfort; More delays,Demand-based route planning; Increase overall KSRTC fleet capacity,
PS-JM0L8D,2026-09-21T08:44:21.703471+00:00,18–25,Female,Ernakulam,Urban,Student,,Daily,No reduction,Neutral,"Yes, regularly","Yes, to some extent",Lower / zero travel cost,,Not sure,Private bus operators — due to loss of passengers and revenue,,Often,Morning peak hours,"Yes, sometimes",Lower travel comfort,Special services for students and workers,
PS-6YVWDR,2026-09-21T08:50:52.341912+00:00,18–25,Female,Kannur,Rural,Student,,Rarely,Slightly reduced,Neutral,Not applicable,"Yes, significantly",Lower / zero travel cost,,Slight impact,Male passengers — due to increased overcrowding,,Often,Both morning and evening peaks,Never,More overcrowding,Extra buses during peak hours; Special services for students and workers; Better coordination between KSRTC and private buses,
PS-22D5IL,2026-09-21T09:00:44.926364+00:00,18–25,Male,Kasaragod,Semi-urban,Student,,Rarely,Moderately reduced,Disagree,"Yes, occasionally",No change,Lower / zero travel cost,,Moderate loss of passengers and revenue,Private bus operators — due to loss of passengers and revenue,,Always,Both morning and evening peaks,"Yes, sometimes",Positive improvements if the government acts,Extra buses during peak hours; Special services for students and workers,
PS-4L87OL,2026-09-21T09:02:58.426521+00:00,18–25,Female,Kannur,Urban,Student,,Rarely,Slightly reduced,Agree,"Yes, regularly","Yes, significantly",Lower / zero travel cost,,Significant loss of passengers and revenue,Private bus operators — due to loss of passengers and revenue,,Rarely,Evening peak hours,"Yes, sometimes",More overcrowding,Special services for students and workers,
PS-WUJJBD,2026-09-21T09:03:52.183726+00:00,18–25,Female,Malappuram,Semi-urban,Student,,Daily,Moderately reduced,Strongly agree,"Yes, regularly","Yes, to some extent",Lower / zero travel cost,,Slight impact,Male passengers — due to increased overcrowding,,Always,Both morning and evening peaks,Rarely,More overcrowding; Lower travel comfort; More delays,Special services for students and workers,
PS-KZT1OD,2026-09-21T09:09:59.575722+00:00,18–25,Female,Kozhikode,Rural,Student,,Several times a week,Slightly reduced,Agree,Rarely,I still mainly use private buses,Lower / zero travel cost,,Significant loss of passengers and revenue,Other regular KSRTC passengers — due to overcrowding and delays,,Always,Morning peak hours,Rarely,More overcrowding; Greater passenger dissatisfaction,Extra buses during peak hours; Demand-based route planning,
PS-SXEL09,2026-09-21T09:12:53.661508+00:00,18–25,Female,Malappuram,Semi-urban,Student,,Occasionally,Significantly reduced,Strongly agree,"Yes, regularly","Yes, significantly",Lower / zero travel cost,,Slight impact,Other regular KSRTC passengers — due to overcrowding and delays,,Often,Both morning and evening peaks,"Yes, sometimes",More overcrowding; Increased pressure on KSRTC; Lower travel comfort; More delays,Extra buses during peak hours; Better coordination between KSRTC and private buses; Smart pass / better verification,
PS-QYQASL,2026-09-21T09:20:49.166022+00:00,18–25,Female,Kannur,Urban,Student,,Occasionally,Not applicable,Agree,Rarely,I still mainly use private buses,Lower / zero travel cost,,Significant loss of passengers and revenue,Private bus operators — due to loss of passengers and revenue,,Often,Both morning and evening peaks,Rarely,Lower travel comfort,Smart pass / better verification,
PS-43ZWDT,2026-09-21T09:26:39.844834+00:00,18–25,Female,Kollam,Semi-urban,Student,,Occasionally,No reduction,Strongly disagree,Not applicable,Not applicable,Lower / zero travel cost,,Moderate loss of passengers and revenue,Male passengers — due to increased overcrowding,,Often,Both morning and evening peaks,Rarely,Greater passenger dissatisfaction; Lower travel comfort; Positive improvements if the government acts,Extra buses during peak hours; Special services for students and workers; Better coordination between KSRTC and private buses,
PS-YI7TN6,2026-09-21T09:36:09.429388+00:00,36–45,Male,Malappuram,Semi-urban,Student,,Occasionally,Not applicable,Agree,Rarely,Not applicable,Other,No change,Slight impact,Other,,Often,Both morning and evening peaks,Rarely,More overcrowding; Increased pressure on KSRTC,Extra buses during peak hours; Special services for students and workers; Better coordination between KSRTC and private buses,
PS-RY6KV1,2026-09-21T09:38:18.457751+00:00,26–35,Female,Wayanad,Rural,Working,,Occasionally,Not applicable,Neutral,"Yes, regularly",I still mainly use private buses,Route availability,,Not sure,Private bus operators — due to loss of passengers and revenue,,Always,Both morning and evening peaks,"Yes, very frequently",More overcrowding; Increased pressure on KSRTC; Continued challenges for private bus operators; Lower travel comfort,Demand-based route planning; Increase overall KSRTC fleet capacity,
PS-9CGX7X,2026-09-21T09:46:57.637644+00:00,18–25,Female,Kannur,Semi-urban,Student,,Daily,Significantly reduced,Strongly agree,"Yes, occasionally",No change,Scheme benefits,,Significant loss of passengers and revenue,Private bus operators — due to loss of passengers and revenue,,Always,Evening peak hours,Never,More overcrowding,Extra buses during peak hours; Special services for students and workers; Increase overall KSRTC fleet capacity,
PS-PIDBIB,2026-09-21T09:47:30.539730+00:00,18–25,Female,Wayanad,Rural,Student,,Daily,Moderately reduced,Disagree,"Yes, occasionally","Yes, significantly",Better reliability,,Not sure,Private bus operators — due to loss of passengers and revenue,,Always,Both morning and evening peaks,"Yes, very frequently",More overcrowding; Lower travel comfort; Positive improvements if the government acts,Special services for students and workers,
PS-D991DR,2026-09-21T09:54:15.886089+00:00,18–25,Female,Malappuram,Semi-urban,Student,,Several times a week,Moderately reduced,Agree,"Yes, regularly",I still mainly use private buses,Better access to education/work,,No significant impact,KSRTC staff / conductors — due to increased passenger pressure,,Never,Rarely face overcrowding,Never,More delays; Positive improvements if the government acts,Extra buses during peak hours; Special services for students and workers; Better coordination between KSRTC and private buses,
PS-CX9WOG,2026-09-21T09:54:46.661062+00:00,18–25,Female,Malappuram,Rural,Student,,Daily,Moderately reduced,Disagree,"Yes, occasionally",No change,Lower / zero travel cost,,Significant loss of passengers and revenue,Private bus operators — due to loss of passengers and revenue,,Sometimes,Evening peak hours,Never,More overcrowding; Increased pressure on KSRTC,Special services for students and workers,
PS-WYV4SM,2026-09-21T10:01:56.514227+00:00,Below 18,Male,Kozhikode,Semi-urban,Student,,Occasionally,Moderately reduced,Agree,"Yes, occasionally","Yes, to some extent",Better access to education/work,,Not sure,Private bus operators — due to loss of passengers and revenue,,Always,Both morning and evening peaks,Rarely,More overcrowding,Special services for students and workers,
PS-2C4EGG,2026-09-21T10:10:07.876948+00:00,18–25,Female,Kannur,Rural,Student,,Rarely,Slightly reduced,Disagree,Rarely,No change,Scheme benefits,,Significant loss of passengers and revenue,Private bus operators — due to loss of passengers and revenue,,Always,Both morning and evening peaks,"Yes, sometimes",More overcrowding; Lower travel comfort,Smart pass / better verification,
PS-VULTNQ,2026-09-21T10:13:09.643702+00:00,18–25,Male,Kannur,Semi-urban,Student,,Occasionally,Significantly reduced,Agree,Rarely,Not applicable,Other,Direct bus route available without changing buses,Significant loss of passengers and revenue,Private bus operators — due to loss of passengers and revenue,,Often,Evening peak hours,"Yes, very frequently",More overcrowding,Demand-based route planning,
PS-W8A7E2,2026-09-21T10:16:37.137070+00:00,18–25,Female,Malappuram,Rural,Student,,Several times a week,No reduction,Neutral,"Yes, regularly","Yes, to some extent",Better access to education/work,,No significant impact,Other regular KSRTC passengers — due to overcrowding and delays,,Sometimes,Evening peak hours,"Yes, sometimes",Increased pressure on KSRTC; Greater passenger dissatisfaction; Lower travel comfort,Demand-based route planning; Better coordination between KSRTC and private buses; Smart pass / better verification,
PS-XDO11R,2026-09-21T10:19:23.738865+00:00,18–25,Male,Kollam,Semi-urban,Other,Unemployed,Occasionally,No reduction,Agree,"Yes, regularly",No change,Better reliability,,Moderate loss of passengers and revenue,Other regular KSRTC passengers — due to overcrowding and delays,,Often,Both morning and evening peaks,Rarely,Lower travel comfort,Extra buses during peak hours; Demand-based route planning; Better coordination between KSRTC and private buses,
PS-9R6SY2,2026-09-21T10:21:04.787219+00:00,18–25,Male,Wayanad,Semi-urban,Student,,Several times a week,Not applicable,Strongly disagree,"Yes, occasionally",No change,Lower / zero travel cost,,Significant loss of passengers and revenue,Private bus operators — due to loss of passengers and revenue,,Always,Both morning and evening peaks,"Yes, sometimes",More overcrowding,Extra buses during peak hours; Special services for students and workers; Better coordination between KSRTC and private buses,
PS-BUB37O,2026-09-21T10:33:34.491846+00:00,18–25,Female,Kozhikode,Rural,Student,,Several times a week,Significantly reduced,Strongly agree,"Yes, regularly","Yes, significantly",Lower / zero travel cost,,Significant loss of passengers and revenue,Private bus operators — due to loss of passengers and revenue,,Sometimes,Throughout the day,Rarely,Lower travel comfort,Extra buses during peak hours,
PS-IYW526,2026-09-21T10:33:41.224770+00:00,18–25,Male,Kannur,Rural,Student,,Daily,No reduction,Agree,"No, I mainly used KSRTC",Not applicable,Other,Not applicable,Slight impact,KSRTC staff / conductors — due to increased passenger pressure,,Rarely,Evening peak hours,"Yes, sometimes",More overcrowding; More delays,Extra buses during peak hours; Special services for students and workers; Better coordination between KSRTC and private buses; Smart pass / better verification,
PS-77KDOK,2026-09-21T10:45:38.546748+00:00,18–25,Female,Malappuram,Rural,Homemaker,,Daily,Slightly reduced,Disagree,"No, I mainly used KSRTC","Yes, to some extent",Route availability,,Moderate loss of passengers and revenue,Private bus operators — due to loss of passengers and revenue,,Always,Both morning and evening peaks,"Yes, very frequently",Increased pressure on KSRTC; Positive improvements if the government acts,Smart pass / better verification,
PS-I0AOS5,2026-09-21T10:46:36.903753+00:00,18–25,Female,Kollam,Semi-urban,Student,,Occasionally,Moderately reduced,Strongly agree,"Yes, occasionally","Yes, to some extent",Scheme benefits,,Slight impact,Male passengers — due to increased overcrowding,,Rarely,Evening peak hours,"Yes, sometimes",Lower travel comfort,Extra buses during peak hours,
PS-F2AC5W,2026-09-21T10:49:40.355822+00:00,18–25,Male,Kozhikode,Semi-urban,Student,,Occasionally,Moderately reduced,Agree,"No, I mainly used KSRTC",Not applicable,Better reliability,,Significant loss of passengers and revenue,Private bus operators — due to loss of passengers and revenue,,Never,Both morning and evening peaks,"Yes, very frequently",More delays,Extra buses during peak hours; Special services for students and workers; Demand-based route planning; Better coordination between KSRTC and private buses; Smart pass / better verification; Other,
PS-GVTBES,2026-09-21T10:51:57.433919+00:00,18–25,Male,Malappuram,Rural,Student,,Several times a week,No reduction,Neutral,Rarely,No change,Lower / zero travel cost,,Significant loss of passengers and revenue,Private bus operators — due to loss of passengers and revenue,,Always,Both morning and evening peaks,"Yes, sometimes",More overcrowding; More delays,Special services for students and workers; Better coordination between KSRTC and private buses,
PS-286VUY,2026-09-21T11:09:39.263339+00:00,18–25,Female,Wayanad,Rural,Student,,Rarely,Significantly reduced,Strongly agree,Rarely,I still mainly use private buses,Lower / zero travel cost,,Moderate loss of passengers and revenue,Private bus operators — due to loss of passengers and revenue,,Often,Both morning and evening peaks,"Yes, sometimes",Lower travel comfort; More delays,Special services for students and workers; Increase overall KSRTC fleet capacity,
PS-K12GX8,2026-09-21T11:12:02.855695+00:00,18–25,Female,Malappuram,Semi-urban,Student,,Occasionally,Moderately reduced,Agree,"No, I mainly used KSRTC",No change,Lower / zero travel cost,,Significant loss of passengers and revenue,Private bus operators — due to loss of passengers and revenue,,Often,Both morning and evening peaks,Rarely,Increased pressure on KSRTC; Greater passenger dissatisfaction; Lower travel comfort; More delays,Smart pass / better verification; Increase overall KSRTC fleet capacity,
PS-FABDGV,2026-09-21T11:16:00.911890+00:00,18–25,Female,Malappuram,Semi-urban,Working,,Daily,No reduction,Strongly agree,Rarely,I still mainly use private buses,Scheme benefits,,No significant impact,Private bus operators — due to loss of passengers and revenue,,Often,Evening peak hours,"Yes, sometimes",Continued challenges for private bus operators; Lower travel comfort,Extra buses during peak hours,
PS-RHS2OA,2026-09-21T11:27:43.990635+00:00,18–25,Female,Malappuram,Semi-urban,Student,,Occasionally,Significantly reduced,Agree,"Yes, occasionally","Yes, to some extent",Lower / zero travel cost,,No significant impact,Other,,Always,Both morning and evening peaks,"Yes, very frequently",More overcrowding; Increased pressure on KSRTC,Extra buses during peak hours; Special services for students and workers,
PS-5O27JK,2026-09-21T11:49:37.896632+00:00,18–25,Male,Wayanad,Semi-urban,Student,,Rarely,No reduction,Disagree,"Yes, occasionally",Not applicable,Other,No change,Significant loss of passengers and revenue,Private bus operators — due to loss of passengers and revenue,,Sometimes,Both morning and evening peaks,Never,Lower travel comfort,Extra buses during peak hours; Demand-based route planning; Better coordination between KSRTC and private buses; Smart pass / better verification; Other,
PS-45CFH9,2026-09-21T11:56:27.890068+00:00,26–35,Female,Kollam,Rural,Working,,Occasionally,No reduction,Strongly agree,"Yes, regularly",I still mainly use private buses,Lower / zero travel cost,,Significant loss of passengers and revenue,Private bus operators — due to loss of passengers and revenue,,Always,Both morning and evening peaks,"Yes, sometimes",More overcrowding; Lower travel comfort,Extra buses during peak hours; Special services for students and workers,
PS-C7V9O7,2026-09-21T12:09:22.679169+00:00,18–25,Female,Ernakulam,Rural,Student,,Rarely,Slightly reduced,Neutral,"Yes, occasionally","Yes, to some extent",Better access to education/work,,Significant loss of passengers and revenue,Private bus operators — due to loss of passengers and revenue,,Rarely,Both morning and evening peaks,"Yes, sometimes",Lower travel comfort; More delays; Other,Extra buses during peak hours; Special services for students and workers; Smart pass / better verification,
PS-OHF2KA,2026-09-21T12:32:24.569501+00:00,18–25,Female,Kasaragod,Rural,Student,,Daily,Moderately reduced,Strongly agree,"Yes, occasionally",No change,Better access to education/work,,Significant loss of passengers and revenue,Private bus operators — due to loss of passengers and revenue,,Often,Morning peak hours,"Yes, sometimes",Increased pressure on KSRTC,Demand-based route planning; Better coordination between KSRTC and private buses,
PS-PZM6PY,2026-09-21T12:33:05.689063+00:00,18–25,Female,Kasaragod,Rural,Student,,Several times a week,Significantly reduced,Strongly agree,"Yes, regularly","Yes, significantly",Lower / zero travel cost,,Significant loss of passengers and revenue,Private bus operators — due to loss of passengers and revenue,,Always,Throughout the day,"Yes, sometimes",Continued challenges for private bus operators; Lower travel comfort,Special services for students and workers; Demand-based route planning,
PS-HCC026,2026-09-21T12:41:06.693687+00:00,18–25,Female,Malappuram,Rural,Student,,Several times a week,Significantly reduced,Strongly agree,"Yes, regularly","Yes, significantly",Lower / zero travel cost,,Significant loss of passengers and revenue,Private bus operators — due to loss of passengers and revenue,,Always,Both morning and evening peaks,"Yes, very frequently",More overcrowding; Increased pressure on KSRTC,Special services for students and workers; Demand-based route planning,
PS-7FWD7R,2026-09-21T12:43:01.409100+00:00,18–25,Male,Malappuram,Rural,Student,,Occasionally,Not applicable,Strongly agree,"No, I mainly used KSRTC",No change,Lower / zero travel cost,,Slight impact,Other regular KSRTC passengers — due to overcrowding and delays,,Rarely,Evening peak hours,"Yes, sometimes",Lower travel comfort,Extra buses during peak hours; Special services for students and workers; Other,
PS-O551Q1,2026-09-21T12:47:50.992988+00:00,18–25,Male,Malappuram,Rural,Student,,Rarely,Not applicable,Agree,Not applicable,Not applicable,Other,Safe travel for women commuters,Significant loss of passengers and revenue,Private bus operators — due to loss of passengers and revenue,,Never,Both morning and evening peaks,Rarely,Increased pressure on KSRTC; More delays; Positive improvements if the government acts,Special services for students and workers,
PS-R23NEW,2026-09-21T12:52:06.269088+00:00,Below 18,Male,Ernakulam,Urban,Student,,Several times a week,No reduction,Neutral,"Yes, occasionally",I still mainly use private buses,Route availability,,No significant impact,KSRTC staff / conductors — due to increased passenger pressure,,Always,Both morning and evening peaks,Rarely,Greater passenger dissatisfaction; Continued challenges for private bus operators; Lower travel comfort,Extra buses during peak hours,
PS-DR1RGD,2026-09-21T12:54:15.519928+00:00,18–25,Female,Malappuram,Semi-urban,Student,,Occasionally,Slightly reduced,Neutral,"Yes, occasionally","Yes, significantly",Lower / zero travel cost,,No significant impact,Other regular KSRTC passengers — due to overcrowding and delays,,Often,Both morning and evening peaks,"Yes, sometimes",Continued challenges for private bus operators; Lower travel comfort; More delays; Positive improvements if the government acts,Extra buses during peak hours; Special services for students and workers; Increase overall KSRTC fleet capacity,
PS-59EKV5,2026-09-21T13:11:42.560769+00:00,18–25,Male,Kollam,Semi-urban,Student,,Rarely,Not applicable,Agree,"Yes, regularly",Not applicable,Other,Safe travel for women commuters,Significant loss of passengers and revenue,Other regular KSRTC passengers — due to overcrowding and delays,,Rarely,Both morning and evening peaks,Rarely,Lower travel comfort; More delays,Extra buses during peak hours; Demand-based route planning; Smart pass / better verification,
PS-ZEH4V4,2026-09-21T13:14:16.783085+00:00,18–25,Male,Malappuram,Semi-urban,Student,,Daily,Significantly reduced,Strongly agree,"Yes, regularly","Yes, significantly",Lower / zero travel cost,,Significant loss of passengers and revenue,Private bus operators — due to loss of passengers and revenue,,Never,Rarely face overcrowding,Never,Greater passenger dissatisfaction; Lower travel comfort,Special services for students and workers; Demand-based route planning,
PS-8RXALK,2026-09-21T13:15:55.513411+00:00,46–55,Male,Kozhikode,Rural,Student,,Rarely,No reduction,Agree,"Yes, occasionally",No change,Other,No change,Moderate loss of passengers and revenue,Private bus operators — due to loss of passengers and revenue,,Always,Both morning and evening peaks,"Yes, sometimes",Lower travel comfort,Extra buses during peak hours; Special services for students and workers; Better coordination between KSRTC and private buses,
PS-7UXP6A,2026-09-21T13:17:53.345829+00:00,18–25,Female,Kottayam,Urban,Student,,Daily,Slightly reduced,Neutral,"Yes, regularly","Yes, significantly",Lower / zero travel cost,,Significant loss of passengers and revenue,Private bus operators — due to loss of passengers and revenue,,Always,Both morning and evening peaks,"Yes, very frequently",Greater passenger dissatisfaction; Lower travel comfort,Special services for students and workers,
PS-HEBNHQ,2026-09-21T13:20:28.170316+00:00,26–35,Female,Kannur,Rural,Student,,Several times a week,Slightly reduced,Neutral,"Yes, occasionally","Yes, to some extent",Scheme benefits,,Significant loss of passengers and revenue,Private bus operators — due to loss of passengers and revenue,,Sometimes,Morning peak hours,"Yes, very frequently",Lower travel comfort,Special services for students and workers,
PS-23RI63,2026-09-21T13:33:28.974888+00:00,18–25,Female,Kannur,Semi-urban,Student,,Rarely,Slightly reduced,Strongly agree,"No, I mainly used KSRTC","Yes, to some extent",Better reliability,,Significant loss of passengers and revenue,Private bus operators — due to loss of passengers and revenue,,Often,Evening peak hours,"Yes, sometimes",More overcrowding; More delays,Smart pass / better verification,
PS-B2JQF4,2026-09-21T13:34:16.930063+00:00,26–35,Female,Pathanamthitta,Semi-urban,Working,,Several times a week,Not applicable,Agree,"Yes, regularly",No change,Lower / zero travel cost,,Moderate loss of passengers and revenue,Private bus operators — due to loss of passengers and revenue,,Always,Both morning and evening peaks,"Yes, very frequently",Increased pressure on KSRTC; Lower travel comfort,Smart pass / better verification; Other,
PS-C4NKGI,2026-09-21T13:52:22.967712+00:00,18–25,Female,Wayanad,Urban,Student,,Rarely,Not applicable,Neutral,Not applicable,No change,Lower / zero travel cost,,Not sure,Private bus operators — due to loss of passengers and revenue,,Sometimes,Evening peak hours,"Yes, very frequently",More overcrowding,Extra buses during peak hours; Demand-based route planning; Other,
PS-9MTEQW,2026-09-21T14:01:31.828520+00:00,56 and above,Female,Malappuram,Rural,Homemaker,,Rarely,Significantly reduced,Agree,"Yes, regularly","Yes, significantly",Better access to education/work,,Slight impact,Male passengers — due to increased overcrowding,,Sometimes,Evening peak hours,"Yes, sometimes",More delays; Positive improvements if the government acts,Extra buses during peak hours; Smart pass / better verification,
PS-TO58S5,2026-09-21T14:18:57.924471+00:00,18–25,Female,Kannur,Rural,Student,,Rarely,Slightly reduced,Neutral,"Yes, regularly","Yes, significantly",Lower / zero travel cost,,Slight impact,Male passengers — due to increased overcrowding,,Always,Both morning and evening peaks,"Yes, very frequently",Increased pressure on KSRTC; More delays,Special services for students and workers,
PS-1V5YX9,2026-09-21T14:45:04.912603+00:00,26–35,Male,Kozhikode,Urban,Student,,Rarely,Slightly reduced,Neutral,"Yes, regularly",I still mainly use private buses,Route availability,,Not sure,Male passengers — due to increased overcrowding,,Sometimes,Both morning and evening peaks,"Yes, very frequently",Increased pressure on KSRTC; Continued challenges for private bus operators; Lower travel comfort; More delays,Better coordination between KSRTC and private buses,
PS-LBFGXG,2026-09-21T14:47:46.347014+00:00,18–25,Female,Malappuram,Rural,Student,,Several times a week,Not applicable,Strongly agree,"Yes, occasionally","Yes, to some extent",Lower / zero travel cost,,Moderate loss of passengers and revenue,Private bus operators — due to loss of passengers and revenue,,Always,Both morning and evening peaks,"Yes, very frequently",More overcrowding; Lower travel comfort,Extra buses during peak hours,
PS-41KLO9,2026-09-21T15:34:57.512113+00:00,18–25,Female,Malappuram,Semi-urban,Student,,Occasionally,Slightly reduced,Neutral,"Yes, occasionally",No change,Lower / zero travel cost,,Significant loss of passengers and revenue,Other regular KSRTC passengers — due to overcrowding and delays,,Always,Both morning and evening peaks,"Yes, very frequently",More overcrowding; Lower travel comfort; More delays,Special services for students and workers; Better coordination between KSRTC and private buses; Smart pass / better verification,
PS-YXWZI9,2026-09-21T16:03:04.486045+00:00,18–25,Male,Kannur,Semi-urban,Working,,Several times a week,No reduction,Strongly agree,Rarely,Not applicable,Better reliability,,Not sure,Private bus operators — due to loss of passengers and revenue,,Always,Evening peak hours,Rarely,Increased pressure on KSRTC; Lower travel comfort; More delays,Special services for students and workers; Demand-based route planning; Other,
PS-EGQSEH,2026-09-21T16:07:53.809039+00:00,26–35,Male,Ernakulam,Urban,Student,,Rarely,Not applicable,Agree,Rarely,Not applicable,Lower / zero travel cost,,Significant loss of passengers and revenue,Private bus operators — due to loss of passengers and revenue,,Rarely,Morning peak hours,"Yes, sometimes",Lower travel comfort,Extra buses during peak hours; Demand-based route planning; Increase overall KSRTC fleet capacity,
PS-TJNMYI,2026-09-21T16:14:01.809542+00:00,18–25,Male,Malappuram,Urban,Student,,Rarely,No reduction,Disagree,"Yes, regularly","Yes, significantly",Lower / zero travel cost,,Slight impact,Other,,Rarely,Evening peak hours,"Yes, sometimes",Increased pressure on KSRTC; Lower travel comfort; Other,Extra buses during peak hours,
PS-ACO0J4,2026-09-21T16:19:38.661425+00:00,18–25,Male,Kollam,Urban,Student,,Rarely,No reduction,Neutral,"Yes, regularly",No change,Lower / zero travel cost,,Significant loss of passengers and revenue,Other regular KSRTC passengers — due to overcrowding and delays,,Always,Both morning and evening peaks,"Yes, very frequently",More delays,Demand-based route planning; Better coordination between KSRTC and private buses,
PS-C8RL9X,2026-09-21T16:21:38.711675+00:00,18–25,Female,Kasaragod,Rural,Student,,Daily,Slightly reduced,Disagree,"Yes, occasionally",No change,Route availability,,Moderate loss of passengers and revenue,Other regular KSRTC passengers — due to overcrowding and delays,,Always,Both morning and evening peaks,"Yes, very frequently",More overcrowding; Lower travel comfort; More delays,Extra buses during peak hours; Special services for students and workers,
PS-2F6CGD,2026-09-21T16:24:21.424915+00:00,18–25,Male,Ernakulam,Urban,Other,Freelancer,Daily,No reduction,Agree,Rarely,No change,Better access to education/work,,Slight impact,Male passengers — due to increased overcrowding,,Always,Both morning and evening peaks,Rarely,Increased pressure on KSRTC; Continued challenges for private bus operators; Lower travel comfort,Special services for students and workers; Better coordination between KSRTC and private buses; Smart pass / better verification; Other,
PS-M60U75,2026-09-21T16:55:06.959393+00:00,46–55,Female,Malappuram,Semi-urban,Working,,Occasionally,Slightly reduced,Neutral,"Yes, occasionally","Yes, to some extent",Lower / zero travel cost,,Moderate loss of passengers and revenue,Private bus operators — due to loss of passengers and revenue,,Often,Both morning and evening peaks,Never,Greater passenger dissatisfaction; Lower travel comfort,Special services for students and workers; Demand-based route planning; Other,
PS-32MWGB,2026-09-21T17:07:09.941060+00:00,18–25,Female,Thiruvananthapuram,Semi-urban,Student,,Occasionally,Significantly reduced,Disagree,"Yes, regularly",I still mainly use private buses,Other,No change,Slight impact,Other regular KSRTC passengers — due to overcrowding and delays,,Always,Morning peak hours,Rarely,Lower travel comfort,Special services for students and workers,
PS-D0IWOU,2026-09-21T17:10:40.444296+00:00,Below 18,Female,Wayanad,Rural,Student,,Occasionally,Moderately reduced,Agree,"Yes, occasionally","Yes, significantly",Better reliability,,Significant loss of passengers and revenue,Private bus operators — due to loss of passengers and revenue,,Always,Evening peak hours,"Yes, very frequently",More overcrowding; Lower travel comfort; More delays,Extra buses during peak hours; Special services for students and workers; Better coordination between KSRTC and private buses,
PS-ZV37Y0,2026-09-21T17:12:44.498639+00:00,18–25,Female,Malappuram,Semi-urban,Student,,Occasionally,No reduction,Strongly agree,"Yes, occasionally",No change,Other,Safe travel for women commuters,Slight impact,Other regular KSRTC passengers — due to overcrowding and delays,,Often,Morning peak hours,Rarely,More overcrowding,Other,
PS-U0FHDQ,2026-09-21T17:24:17.203284+00:00,18–25,Female,Kozhikode,Urban,Student,,Several times a week,Significantly reduced,Disagree,"Yes, regularly","Yes, significantly",Lower / zero travel cost,,Moderate loss of passengers and revenue,Private bus operators — due to loss of passengers and revenue,,Often,Evening peak hours,"Yes, sometimes",Lower travel comfort,Demand-based route planning; Better coordination between KSRTC and private buses,
PS-TIJK7C,2026-09-21T17:30:28.172535+00:00,26–35,Female,Kannur,Urban,Working,,Occasionally,Not applicable,Agree,"Yes, regularly","Yes, significantly",Lower / zero travel cost,,Moderate loss of passengers and revenue,Male passengers — due to increased overcrowding,,Often,Throughout the day,"Yes, sometimes",More overcrowding; Increased pressure on KSRTC,Extra buses during peak hours; Special services for students and workers; Demand-based route planning,
PS-F928R1,2026-09-21T17:52:08.170434+00:00,18–25,Male,Kozhikode,Semi-urban,Student,,Occasionally,Not applicable,Agree,Rarely,No change,Other,No change,Significant loss of passengers and revenue,Private bus operators — due to loss of passengers and revenue,,Always,Both morning and evening peaks,"Yes, sometimes",More overcrowding; Increased pressure on KSRTC; Lower travel comfort; More delays,Special services for students and workers; Demand-based route planning; Better coordination between KSRTC and private buses,
PS-7XJ6KQ,2026-09-21T17:55:39.498021+00:00,18–25,Female,Kozhikode,Rural,Student,,Daily,Slightly reduced,Neutral,"Yes, regularly",Not applicable,Lower / zero travel cost,,Significant loss of passengers and revenue,Private bus operators — due to loss of passengers and revenue,,Always,Throughout the day,"Yes, sometimes",More overcrowding,Extra buses during peak hours; Special services for students and workers,
PS-3KB4JD,2026-09-21T18:05:32.674288+00:00,18–25,Female,Malappuram,Rural,Student,,Daily,No reduction,Strongly disagree,"No, I mainly used KSRTC","Yes, to some extent",Route availability,,No significant impact,Other regular KSRTC passengers — due to overcrowding and delays,,Always,Both morning and evening peaks,"Yes, very frequently",Greater passenger dissatisfaction; Lower travel comfort; More delays,Better coordination between KSRTC and private buses; Increase overall KSRTC fleet capacity,
PS-1560ES,2026-09-21T18:08:47.486653+00:00,18–25,Male,Kottayam,Urban,Student,,Rarely,No reduction,Neutral,"Yes, regularly",No change,Route availability,,Slight impact,Male passengers — due to increased overcrowding,,Sometimes,Both morning and evening peaks,"Yes, sometimes",Greater passenger dissatisfaction,Extra buses during peak hours,
PS-L2S1VP,2026-09-21T18:16:55.806162+00:00,18–25,Male,Kasaragod,Semi-urban,Other,Retired Teacher,Rarely,Not applicable,Disagree,"No, I mainly used KSRTC",Not applicable,Better reliability,,Significant loss of passengers and revenue,Other regular KSRTC passengers — due to overcrowding and delays,,Rarely,Evening peak hours,"Yes, very frequently",More delays,Extra buses during peak hours; Better coordination between KSRTC and private buses; Other,
PS-9RN480,2026-09-21T18:28:18.654055+00:00,Below 18,Female,Kannur,Semi-urban,Student,,Several times a week,Slightly reduced,Strongly agree,"No, I mainly used KSRTC","Yes, to some extent",Better access to education/work,,Significant loss of passengers and revenue,Other regular KSRTC passengers — due to overcrowding and delays,,Always,Throughout the day,"Yes, very frequently",Continued challenges for private bus operators; Lower travel comfort,Special services for students and workers; Demand-based route planning; Increase overall KSRTC fleet capacity,
PS-IR0RK1,2026-09-21T18:32:33.566857+00:00,Below 18,Female,Kollam,Rural,Student,,Daily,Not applicable,Neutral,"Yes, regularly","Yes, to some extent",Better access to education/work,,Moderate loss of passengers and revenue,Private bus operators — due to loss of passengers and revenue,,Always,Both morning and evening peaks,Rarely,More overcrowding; Greater passenger dissatisfaction; Lower travel comfort,Extra buses during peak hours; Special services for students and workers; Better coordination between KSRTC and private buses,
PS-6JYH0T,2026-09-21T18:42:31.419433+00:00,18–25,Female,Kannur,Semi-urban,Student,,Rarely,Moderately reduced,Strongly agree,Not applicable,No change,Better access to education/work,,Significant loss of passengers and revenue,Private bus operators — due to loss of passengers and revenue,,Often,Both morning and evening peaks,Rarely,Increased pressure on KSRTC; Lower travel comfort; Other,Better coordination between KSRTC and private buses; Smart pass / better verification,
PS-9CT53V,2026-09-21T18:52:12.945647+00:00,18–25,Female,Kannur,Semi-urban,Student,,Occasionally,Slightly reduced,Neutral,"Yes, occasionally","Yes, to some extent",Lower / zero travel cost,,Significant loss of passengers and revenue,Private bus operators — due to loss of passengers and revenue,,Often,Evening peak hours,"Yes, very frequently",More overcrowding; More delays,Special services for students and workers,
PS-HMLLK6,2026-09-21T19:01:42.236997+00:00,18–25,Male,Wayanad,Semi-urban,Student,,Occasionally,Slightly reduced,Agree,"Yes, regularly",I did not use private buses previously,Better access to education/work,,Not sure,Private bus operators — due to loss of passengers and revenue,,Often,Evening peak hours,"Yes, sometimes",Increased pressure on KSRTC; More delays,Extra buses during peak hours; Smart pass / better verification,
PS-GLHECQ,2026-09-21T19:04:48.869310+00:00,18–25,Female,Kozhikode,Semi-urban,Student,,Daily,Not applicable,Neutral,"Yes, regularly",Not applicable,Lower / zero travel cost,,Slight impact,Male passengers — due to increased overcrowding,,Often,Both morning and evening peaks,Never,Continued challenges for private bus operators; Lower travel comfort; More delays,Extra buses during peak hours; Special services for students and workers; Better coordination between KSRTC and private buses; Other,
PS-JPJC2I,2026-09-21T19:08:32.176029+00:00,18–25,Female,Malappuram,Rural,Business,,Daily,Significantly reduced,Agree,"Yes, regularly","Yes, to some extent",Route availability,,Moderate loss of passengers and revenue,Private bus operators — due to loss of passengers and revenue,,Often,Evening peak hours,"Yes, sometimes",Increased pressure on KSRTC; Lower travel comfort,Extra buses during peak hours; Special services for students and workers; Demand-based route planning,
PS-S42UJ8,2026-09-21T19:28:18.133459+00:00,18–25,Male,Wayanad,Semi-urban,Student,,Occasionally,Slightly reduced,Agree,Rarely,No change,Lower / zero travel cost,,Moderate loss of passengers and revenue,Male passengers — due to increased overcrowding,,Often,Throughout the day,"Yes, sometimes",Increased pressure on KSRTC; More delays; Positive improvements if the government acts,Extra buses during peak hours; Special services for students and workers; Better coordination between KSRTC and private buses,
PS-QU9Z18,2026-09-21T19:36:14.736347+00:00,18–25,Male,Wayanad,Rural,Student,,Daily,Not applicable,Strongly agree,"Yes, occasionally",No change,Route availability,,Moderate loss of passengers and revenue,Private bus operators — due to loss of passengers and revenue,,Rarely,Throughout the day,Rarely,Lower travel comfort; Positive improvements if the government acts,Extra buses during peak hours; Special services for students and workers; Other,
PS-QIB8VY,2026-09-21T19:37:55.344924+00:00,36–45,Female,Malappuram,Urban,Student,,Several times a week,Significantly reduced,Strongly agree,Not applicable,No change,Route availability,,Significant loss of passengers and revenue,Private bus operators — due to loss of passengers and revenue,,Often,Both morning and evening peaks,Rarely,Lower travel comfort; More delays,Special services for students and workers,
PS-ENYKHF,2026-09-21T19:52:49.790210+00:00,18–25,Female,Malappuram,Rural,Student,,Occasionally,Significantly reduced,Strongly agree,Rarely,"Yes, significantly",Better access to education/work,,Significant loss of passengers and revenue,Private bus operators — due to loss of passengers and revenue,,Often,Both morning and evening peaks,"Yes, sometimes",More delays,Extra buses during peak hours; Special services for students and workers,
PS-BQC73F,2026-09-21T19:54:56.547265+00:00,26–35,Female,Kollam,Semi-urban,Student,,Occasionally,Slightly reduced,Disagree,"Yes, regularly","Yes, significantly",Lower / zero travel cost,,Not sure,Private bus operators — due to loss of passengers and revenue,,Sometimes,Both morning and evening peaks,Rarely,More overcrowding,Better coordination between KSRTC and private buses,
PS-ZOFVAF,2026-09-21T19:59:02.813865+00:00,18–25,Male,Kollam,Rural,Student,,Daily,Significantly reduced,Agree,Rarely,"Yes, significantly",Route availability,,Moderate loss of passengers and revenue,Private bus operators — due to loss of passengers and revenue,,Always,Both morning and evening peaks,"Yes, sometimes",Lower travel comfort,Extra buses during peak hours; Special services for students and workers,
PS-752WZ1,2026-09-21T20:17:20.625991+00:00,18–25,Female,Kozhikode,Semi-urban,Student,,Rarely,Slightly reduced,Agree,"Yes, occasionally","Yes, to some extent",Lower / zero travel cost,,Moderate loss of passengers and revenue,Private bus operators — due to loss of passengers and revenue,,Always,Both morning and evening peaks,"Yes, sometimes",Greater passenger dissatisfaction,Special services for students and workers,
PS-A65Q67,2026-09-21T20:17:41.629515+00:00,18–25,Female,Malappuram,Semi-urban,Student,,Daily,Significantly reduced,Agree,"Yes, regularly","Yes, significantly",Better access to education/work,,Moderate loss of passengers and revenue,Other regular KSRTC passengers — due to overcrowding and delays,,Sometimes,Morning peak hours,Rarely,Lower travel comfort,Special services for students and workers; Smart pass / better verification,
PS-D4K9O5,2026-09-21T20:18:39.406483+00:00,Below 18,Male,Malappuram,Semi-urban,Student,,Several times a week,Not applicable,Neutral,"Yes, regularly",No change,Other,Direct bus route available without changing buses,Significant loss of passengers and revenue,Private bus operators — due to loss of passengers and revenue,,Often,Both morning and evening peaks,Rarely,More overcrowding; Greater passenger dissatisfaction; Continued challenges for private bus operators; Lower travel comfort,Extra buses during peak hours; Demand-based route planning; Smart pass / better verification,
PS-3G8CMD,2026-09-21T20:25:41.763691+00:00,18–25,Female,Kollam,Rural,Student,,Several times a week,Not applicable,Neutral,"Yes, regularly","Yes, to some extent",Scheme benefits,,No significant impact,Other regular KSRTC passengers — due to overcrowding and delays,,Sometimes,Rarely face overcrowding,Never,Increased pressure on KSRTC,Special services for students and workers; Increase overall KSRTC fleet capacity,
PS-8DWTUN,2026-09-21T20:25:52.676872+00:00,36–45,Female,Kannur,Rural,Student,,Occasionally,No reduction,Agree,"No, I mainly used KSRTC",No change,Route availability,,Moderate loss of passengers and revenue,Private bus operators — due to loss of passengers and revenue,,Always,Throughout the day,"Yes, sometimes",Increased pressure on KSRTC; Greater passenger dissatisfaction; Lower travel comfort,Special services for students and workers; Demand-based route planning,
PS-8COEQD,2026-09-21T20:38:30.995130+00:00,18–25,Female,Malappuram,Rural,Student,,Rarely,Slightly reduced,Strongly disagree,Rarely,I still mainly use private buses,Lower / zero travel cost,,Slight impact,Private bus operators — due to loss of passengers and revenue,,Rarely,Both morning and evening peaks,"Yes, very frequently",Increased pressure on KSRTC; Greater passenger dissatisfaction; Lower travel comfort,Demand-based route planning; Better coordination between KSRTC and private buses; Smart pass / better verification; Increase overall KSRTC fleet capacity,
PS-FX9SP7,2026-09-21T20:46:43.559410+00:00,18–25,Male,Kannur,Semi-urban,Student,,Daily,No reduction,Disagree,"Yes, regularly",I still mainly use private buses,Other,Direct bus route available without changing buses,Significant loss of passengers and revenue,Private bus operators — due to loss of passengers and revenue,,Always,Throughout the day,"Yes, sometimes",More overcrowding; Greater passenger dissatisfaction; Lower travel comfort; More delays,Extra buses during peak hours,
PS-4AZDJ7,2026-09-21T20:49:46.883577+00:00,18–25,Female,Malappuram,Rural,Student,,Several times a week,Significantly reduced,Strongly agree,"Yes, occasionally","Yes, significantly",Lower / zero travel cost,,Significant loss of passengers and revenue,Private bus operators — due to loss of passengers and revenue,,Always,Evening peak hours,Rarely,Increased pressure on KSRTC; Continued challenges for private bus operators,Extra buses during peak hours,
PS-BI6J6K,2026-09-21T21:16:55.366805+00:00,18–25,Female,Malappuram,Semi-urban,Working,,Occasionally,No reduction,Neutral,"No, I mainly used KSRTC",I did not use private buses previously,Other,Direct bus route available without changing buses,Moderate loss of passengers and revenue,Other,,Always,Both morning and evening peaks,"Yes, sometimes",More delays,Extra buses during peak hours; Special services for students and workers,
PS-9QZGR4,2026-09-21T21:19:57.523438+00:00,46–55,Male,Malappuram,Semi-urban,Student,,Occasionally,Not applicable,Agree,"Yes, occasionally",No change,Route availability,,Significant loss of passengers and revenue,Private bus operators — due to loss of passengers and revenue,,Always,Both morning and evening peaks,"Yes, sometimes",Greater passenger dissatisfaction,Extra buses during peak hours; Demand-based route planning; Better coordination between KSRTC and private buses,
PS-2Q892S,2026-09-21T21:32:17.441214+00:00,56 and above,Female,Malappuram,Urban,Student,,Occasionally,No reduction,Strongly agree,Rarely,I still mainly use private buses,Lower / zero travel cost,,Significant loss of passengers and revenue,Private bus operators — due to loss of passengers and revenue,,Always,Both morning and evening peaks,"Yes, very frequently",Increased pressure on KSRTC,Special services for students and workers; Better coordination between KSRTC and private buses,
PS-ODISEC,2026-09-21T21:40:09.463885+00:00,18–25,Female,Wayanad,Rural,Student,,Several times a week,Slightly reduced,Neutral,Rarely,I still mainly use private buses,Route availability,,Moderate loss of passengers and revenue,Private bus operators — due to loss of passengers and revenue,,Always,Both morning and evening peaks,Rarely,More overcrowding; More delays,Extra buses during peak hours; Smart pass / better verification,
PS-7JNDID,2026-09-21T21:49:02.163396+00:00,18–25,Female,Kozhikode,Semi-urban,Student,,Occasionally,Significantly reduced,Strongly agree,"Yes, regularly","Yes, significantly",Lower / zero travel cost,,Moderate loss of passengers and revenue,KSRTC staff / conductors — due to increased passenger pressure,,Always,Both morning and evening peaks,"Yes, very frequently",More overcrowding; Increased pressure on KSRTC; More delays,Extra buses during peak hours; Other,
PS-ONPAQG,2026-09-21T22:08:15.414044+00:00,18–25,Female,Malappuram,Rural,Working,,Daily,No reduction,Neutral,"Yes, occasionally","Yes, to some extent",Lower / zero travel cost,,Slight impact,Other regular KSRTC passengers — due to overcrowding and delays,,Always,Both morning and evening peaks,"Yes, very frequently",Lower travel comfort,Better coordination between KSRTC and private buses,
PS-ECVNCE,2026-09-21T22:21:21.256049+00:00,Below 18,Female,Malappuram,Semi-urban,Student,,Rarely,Significantly reduced,Agree,"Yes, regularly","Yes, significantly",Better access to education/work,,Slight impact,Male passengers — due to increased overcrowding,,Always,Both morning and evening peaks,"Yes, very frequently",Increased pressure on KSRTC,Special services for students and workers,
PS-RG9IMC,2026-09-21T22:26:46.622972+00:00,18–25,Female,Kasaragod,Urban,Student,,Rarely,No reduction,Neutral,"Yes, regularly",No change,Route availability,,Moderate loss of passengers and revenue,Private bus operators — due to loss of passengers and revenue,,Always,Both morning and evening peaks,Rarely,More overcrowding,Better coordination between KSRTC and private buses,
PS-VDJQS1,2026-09-21T22:27:44.984523+00:00,18–25,Female,Kannur,Rural,Student,,Several times a week,No reduction,Strongly disagree,"Yes, regularly",No change,Scheme benefits,,No significant impact,KSRTC staff / conductors — due to increased passenger pressure,,Sometimes,Both morning and evening peaks,Never,Continued challenges for private bus operators; More delays,Special services for students and workers; Better coordination between KSRTC and private buses; Smart pass / better verification,
PS-Q6MV0H,2026-09-21T22:37:38.959482+00:00,18–25,Female,Kasaragod,Rural,Student,,Daily,Significantly reduced,Agree,"No, I mainly used KSRTC","Yes, to some extent",Better access to education/work,,Slight impact,Other regular KSRTC passengers — due to overcrowding and delays,,Always,Both morning and evening peaks,"Yes, sometimes",Greater passenger dissatisfaction; Lower travel comfort,Extra buses during peak hours; Special services for students and workers; Better coordination between KSRTC and private buses; Increase overall KSRTC fleet capacity,
PS-C4LR37,2026-09-21T22:42:53.860191+00:00,26–35,Male,Kozhikode,Urban,Student,,Rarely,Moderately reduced,Agree,Rarely,I did not use private buses previously,Lower / zero travel cost,,Moderate loss of passengers and revenue,Other regular KSRTC passengers — due to overcrowding and delays,,Always,Both morning and evening peaks,"Yes, very frequently",More delays,Special services for students and workers; Better coordination between KSRTC and private buses,
PS-59OY64,2026-09-21T23:06:28.625139+00:00,18–25,Male,Malappuram,Semi-urban,Student,,Rarely,Slightly reduced,Strongly agree,Not applicable,Not applicable,Better reliability,,Significant loss of passengers and revenue,Other regular KSRTC passengers — due to overcrowding and delays,,Sometimes,Evening peak hours,"Yes, sometimes",Greater passenger dissatisfaction; More delays,Special services for students and workers; Smart pass / better verification,
PS-5D05G0,2026-09-21T23:42:08.725300+00:00,18–25,Male,Thiruvananthapuram,Rural,Student,,Daily,Moderately reduced,Agree,"Yes, regularly",No change,Route availability,,Slight impact,Private bus operators — due to loss of passengers and revenue,,Often,Both morning and evening peaks,Rarely,Continued challenges for private bus operators; Lower travel comfort,Demand-based route planning,
PS-8KDA0X,2026-09-21T23:43:11.234940+00:00,56 and above,Other / Prefer not to say,Kasaragod,Rural,Student,,Several times a week,Significantly reduced,Strongly agree,Rarely,"Yes, to some extent",Other,Iam always travelling through ksrtc before the priyadharshini scheme,Slight impact,No one is significantly negatively affected,,Always,Morning peak hours,Rarely,More overcrowding; More delays,Special services for students and workers; Other,
PS-TR2TCT,2026-09-21T23:55:33.766730+00:00,18–25,Female,Kannur,Rural,Student,,Rarely,No reduction,Neutral,Rarely,No change,Lower / zero travel cost,,Significant loss of passengers and revenue,Male passengers — due to increased overcrowding,,Rarely,Evening peak hours,"Yes, sometimes",Lower travel comfort; More delays; Positive improvements if the government acts,Extra buses during peak hours; Special services for students and workers; Demand-based route planning; Better coordination between KSRTC and private buses; Other,
PS-2J6OAB,2026-09-21T23:58:29.223662+00:00,18–25,Male,Wayanad,Rural,Student,,Several times a week,No reduction,Neutral,"Yes, occasionally",No change,Route availability,,Moderate loss of passengers and revenue,Male passengers — due to increased overcrowding,,Sometimes,Both morning and evening peaks,"Yes, sometimes",Greater passenger dissatisfaction; Continued challenges for private bus operators; More delays; Positive improvements if the government acts,Demand-based route planning,
PS-IE0BCX,2026-09-22T00:06:25.730101+00:00,Below 18,Female,Kannur,Urban,Student,,Daily,Significantly reduced,Neutral,Rarely,"Yes, significantly",Better access to education/work,,Moderate loss of passengers and revenue,Private bus operators — due to loss of passengers and revenue,,Always,Both morning and evening peaks,Rarely,More overcrowding,Extra buses during peak hours; Better coordination between KSRTC and private buses; Smart pass / better verification; Increase overall KSRTC fleet capacity,
PS-8GNS2I,2026-09-22T00:11:44.436214+00:00,18–25,Male,Kozhikode,Urban,Student,,Rarely,Not applicable,Agree,Not applicable,Not applicable,Other,Direct bus route available without changing buses,Slight impact,Other,,Sometimes,Evening peak hours,Never,More overcrowding; Greater passenger dissatisfaction,Special services for students and workers; Demand-based route planning,
PS-DCEDVX,2026-09-22T00:24:51.902115+00:00,36–45,Other / Prefer not to say,Malappuram,Semi-urban,Student,,Occasionally,Significantly reduced,Agree,"Yes, occasionally",No change,Lower / zero travel cost,,Slight impact,Other regular KSRTC passengers — due to overcrowding and delays,,Often,Both morning and evening peaks,Rarely,Increased pressure on KSRTC; Continued challenges for private bus operators; Lower travel comfort,Special services for students and workers; Better coordination between KSRTC and private buses; Other,
PS-BRIA5N,2026-09-22T00:51:11.691610+00:00,18–25,Male,Kozhikode,Rural,Student,,Several times a week,Not applicable,Strongly agree,"No, I mainly used KSRTC",No change,Lower / zero travel cost,,Significant loss of passengers and revenue,Private bus operators — due to loss of passengers and revenue,,Always,Both morning and evening peaks,"Yes, sometimes",More overcrowding; Lower travel comfort,Extra buses during peak hours,
PS-S635QA,2026-09-22T00:51:17.964831+00:00,18–25,Male,Kannur,Urban,Student,,Occasionally,No reduction,Neutral,"No, I mainly used KSRTC",Not applicable,Better reliability,,Significant loss of passengers and revenue,Male passengers — due to increased overcrowding,,Often,Morning peak hours,"Yes, sometimes",More overcrowding,Demand-based route planning,
PS-R4DAIF,2026-09-22T00:57:01.862637+00:00,46–55,Female,Kannur,Semi-urban,Homemaker,,Several times a week,Slightly reduced,Neutral,Rarely,I still mainly use private buses,Lower / zero travel cost,,Significant loss of passengers and revenue,Private bus operators — due to loss of passengers and revenue,,Always,Evening peak hours,"Yes, very frequently",Increased pressure on KSRTC; Positive improvements if the government acts,Extra buses during peak hours; Smart pass / better verification,
PS-RNJM5P,2026-09-22T01:06:17.365892+00:00,18–25,Female,Kannur,Rural,Student,,Several times a week,Not applicable,Neutral,"Yes, regularly",I still mainly use private buses,Other,Safe travel for women commuters,Significant loss of passengers and revenue,Private bus operators — due to loss of passengers and revenue,,Always,Both morning and evening peaks,"Yes, very frequently",Increased pressure on KSRTC; Greater passenger dissatisfaction,Extra buses during peak hours; Special services for students and workers; Demand-based route planning; Better coordination between KSRTC and private buses; Smart pass / better verification,
PS-481AAD,2026-09-22T01:20:27.991382+00:00,18–25,Female,Malappuram,Semi-urban,Student,,Occasionally,Moderately reduced,Agree,"Yes, occasionally","Yes, significantly",Lower / zero travel cost,,Significant loss of passengers and revenue,Private bus operators — due to loss of passengers and revenue,,Always,Morning peak hours,Rarely,More overcrowding,Better coordination between KSRTC and private buses; Increase overall KSRTC fleet capacity,
PS-92ZPGP,2026-09-22T01:28:52.188629+00:00,18–25,Female,Malappuram,Rural,Student,,Several times a week,No reduction,Agree,"Yes, occasionally",No change,Better reliability,,Significant loss of passengers and revenue,Private bus operators — due to loss of passengers and revenue,,Sometimes,Both morning and evening peaks,"Yes, sometimes",Continued challenges for private bus operators; More delays,Extra buses during peak hours; Special services for students and workers; Better coordination between KSRTC and private buses; Smart pass / better verification,
PS-A68ZSJ,2026-09-22T01:29:20.592858+00:00,18–25,Female,Kasaragod,Semi-urban,Self-employed,,Several times a week,Significantly reduced,Strongly agree,"Yes, regularly","Yes, significantly",Better access to education/work,,Significant loss of passengers and revenue,Private bus operators — due to loss of passengers and revenue,,Always,Throughout the day,"Yes, very frequently",More overcrowding; Greater passenger dissatisfaction,Extra buses during peak hours; Increase overall KSRTC fleet capacity; Other,
PS-1IQSM0,2026-09-22T01:44:40.221471+00:00,18–25,Male,Malappuram,Semi-urban,Student,,Occasionally,No reduction,Disagree,Rarely,No change,Better reliability,,Moderate loss of passengers and revenue,Other regular KSRTC passengers — due to overcrowding and delays,,Always,Both morning and evening peaks,"Yes, very frequently",More overcrowding; More delays,Better coordination between KSRTC and private buses,
PS-5660K8,2026-09-22T01:54:40.726388+00:00,18–25,Male,Pathanamthitta,Rural,Student,,Rarely,Not applicable,Disagree,"Yes, regularly",No change,Route availability,,Significant loss of passengers and revenue,Private bus operators — due to loss of passengers and revenue,,Rarely,Evening peak hours,"Yes, very frequently",More overcrowding; Lower travel comfort; Positive improvements if the government acts,Better coordination between KSRTC and private buses,
PS-GYZH9P,2026-09-22T02:03:09.676310+00:00,Below 18,Female,Kannur,Rural,Student,,Rarely,No reduction,Agree,Not applicable,No change,Route availability,,Significant loss of passengers and revenue,Male passengers — due to increased overcrowding,,Often,Evening peak hours,"Yes, sometimes",Increased pressure on KSRTC; Greater passenger dissatisfaction; Continued challenges for private bus operators,Extra buses during peak hours,
PS-SCT0LR,2026-09-22T02:04:49.261194+00:00,18–25,Male,Kozhikode,Rural,Student,,Occasionally,No reduction,Agree,"Yes, occasionally",No change,Better reliability,,Moderate loss of passengers and revenue,Other regular KSRTC passengers — due to overcrowding and delays,,Always,Both morning and evening peaks,"Yes, very frequently",More overcrowding; Increased pressure on KSRTC; Greater passenger dissatisfaction; Lower travel comfort,Extra buses during peak hours; Better coordination between KSRTC and private buses,
PS-FDP6ER,2026-09-22T02:22:14.837971+00:00,18–25,Male,Malappuram,Rural,Working,,Daily,Moderately reduced,Agree,"Yes, regularly",I still mainly use private buses,Other,Iam always travelling through ksrtc before the priyadharshini scheme,Significant loss of passengers and revenue,Male passengers — due to increased overcrowding,,Often,Evening peak hours,"Yes, very frequently",Lower travel comfort; More delays,Extra buses during peak hours,
PS-YLII07,2026-09-22T02:33:20.660934+00:00,18–25,Male,Kasaragod,Semi-urban,Student,,Occasionally,Significantly reduced,Strongly agree,"Yes, regularly",I did not use private buses previously,Better access to education/work,,Significant loss of passengers and revenue,Private bus operators — due to loss of passengers and revenue,,Often,Evening peak hours,"Yes, sometimes",More overcrowding,Special services for students and workers; Demand-based route planning; Better coordination between KSRTC and private buses,
PS-3PT08E,2026-09-22T02:43:36.759276+00:00,26–35,Male,Kollam,Semi-urban,Student,,Occasionally,Not applicable,Strongly disagree,Not applicable,I still mainly use private buses,Route availability,,Slight impact,Other,,Always,Both morning and evening peaks,"Yes, sometimes",More overcrowding; Increased pressure on KSRTC; Lower travel comfort,Special services for students and workers,
PS-H3NIH7,2026-09-22T03:07:04.526642+00:00,18–25,Female,Malappuram,Rural,Student,,Rarely,Significantly reduced,Strongly agree,Rarely,"Yes, to some extent",Scheme benefits,,Moderate loss of passengers and revenue,Other regular KSRTC passengers — due to overcrowding and delays,,Sometimes,Evening peak hours,"Yes, very frequently",Lower travel comfort; More delays,Special services for students and workers; Demand-based route planning; Smart pass / better verification,
PS-ZDK0Y4,2026-09-22T03:35:16.419671+00:00,Below 18,Male,Wayanad,Rural,Student,,Daily,Not applicable,Strongly disagree,"Yes, regularly",I still mainly use private buses,Other,Safe travel for women commuters,Significant loss of passengers and revenue,Male passengers — due to increased overcrowding,,Always,Both morning and evening peaks,"Yes, sometimes",Greater passenger dissatisfaction; More delays,Extra buses during peak hours; Better coordination between KSRTC and private buses,
PS-ZBGA55,2026-09-22T03:56:38.884857+00:00,18–25,Male,Pathanamthitta,Semi-urban,Student,,Several times a week,Not applicable,Strongly disagree,"No, I mainly used KSRTC",Not applicable,Other,Safe travel for women commuters,No significant impact,Other regular KSRTC passengers — due to overcrowding and delays,,Always,Both morning and evening peaks,Rarely,More overcrowding; Continued challenges for private bus operators,Special services for students and workers; Increase overall KSRTC fleet capacity; Other,
PS-5N9FR6,2026-09-22T04:00:07.326979+00:00,18–25,Female,Malappuram,Semi-urban,Student,,Rarely,Significantly reduced,Strongly agree,"Yes, regularly",I still mainly use private buses,Route availability,,Slight impact,KSRTC staff / conductors — due to increased passenger pressure,,Always,Throughout the day,Rarely,More overcrowding; Greater passenger dissatisfaction,Extra buses during peak hours; Special services for students and workers; Better coordination between KSRTC and private buses; Smart pass / better verification,
PS-E8MNEK,2026-09-22T04:05:56.777163+00:00,18–25,Female,Malappuram,Rural,Student,,Daily,Significantly reduced,Agree,"Yes, regularly",I still mainly use private buses,Route availability,,Moderate loss of passengers and revenue,Private bus operators — due to loss of passengers and revenue,,Never,Throughout the day,"Yes, sometimes",Lower travel comfort,Special services for students and workers,
PS-KGLC3M,2026-09-22T04:20:42.487168+00:00,18–25,Male,Kollam,Rural,Working,,Rarely,No reduction,Strongly agree,"Yes, occasionally",No change,Other,No change,Significant loss of passengers and revenue,No one is significantly negatively affected,,Never,Both morning and evening peaks,"Yes, sometimes",Increased pressure on KSRTC,Extra buses during peak hours; Special services for students and workers; Better coordination between KSRTC and private buses,
PS-WR05JR,2026-09-22T04:26:57.838983+00:00,18–25,Female,Malappuram,Semi-urban,Student,,Rarely,Significantly reduced,Agree,"No, I mainly used KSRTC",Not applicable,Lower / zero travel cost,,Significant loss of passengers and revenue,Private bus operators — due to loss of passengers and revenue,,Never,Morning peak hours,Never,More overcrowding,Special services for students and workers; Demand-based route planning; Better coordination between KSRTC and private buses,
PS-IN79NW,2026-09-22T04:47:11.546799+00:00,18–25,Male,Kozhikode,Rural,Student,,Several times a week,Moderately reduced,Agree,"Yes, regularly","Yes, to some extent",Better access to education/work,,No significant impact,Other regular KSRTC passengers — due to overcrowding and delays,,Rarely,Both morning and evening peaks,"Yes, very frequently",More overcrowding; More delays,Extra buses during peak hours; Special services for students and workers; Demand-based route planning; Better coordination between KSRTC and private buses,
PS-WZWTJQ,2026-09-22T04:51:00.963412+00:00,36–45,Male,Kasaragod,Rural,Working,,Daily,Moderately reduced,Agree,"Yes, occasionally","Yes, to some extent",Better reliability,,Slight impact,KSRTC staff / conductors — due to increased passenger pressure,,Always,Evening peak hours,"Yes, very frequently",Increased pressure on KSRTC; Continued challenges for private bus operators; Lower travel comfort; More delays,Extra buses during peak hours,
PS-PV3BUC,2026-09-22T05:00:23.318552+00:00,18–25,Female,Malappuram,Semi-urban,Student,,Occasionally,Not applicable,Neutral,"Yes, regularly","Yes, significantly",Lower / zero travel cost,,Slight impact,Other regular KSRTC passengers — due to overcrowding and delays,,Often,Morning peak hours,"Yes, sometimes",More overcrowding; Increased pressure on KSRTC; Lower travel comfort,Special services for students and workers,
PS-ODENM9,2026-09-22T05:17:30.133170+00:00,18–25,Female,Malappuram,Semi-urban,Student,,Several times a week,Significantly reduced,Agree,"No, I mainly used KSRTC","Yes, significantly",Better access to education/work,,No significant impact,Other regular KSRTC passengers — due to overcrowding and delays,,Always,Both morning and evening peaks,Rarely,More overcrowding,Special services for students and workers; Better coordination between KSRTC and private buses,
PS-J36YPC,2026-09-22T06:16:44.943748+00:00,18–25,Male,Kollam,Semi-urban,Other,Unemployed,Several times a week,Slightly reduced,Agree,"No, I mainly used KSRTC",No change,Lower / zero travel cost,,Moderate loss of passengers and revenue,Private bus operators — due to loss of passengers and revenue,,Sometimes,Rarely face overcrowding,"Yes, sometimes",Lower travel comfort,Demand-based route planning; Better coordination between KSRTC and private buses,
PS-U8QJH3,2026-09-22T06:16:54.967789+00:00,18–25,Female,Wayanad,Semi-urban,Student,,Rarely,No reduction,Disagree,Rarely,No change,Lower / zero travel cost,,Moderate loss of passengers and revenue,Private bus operators — due to loss of passengers and revenue,,Rarely,Evening peak hours,Never,Greater passenger dissatisfaction; More delays,Extra buses during peak hours; Demand-based route planning; Better coordination between KSRTC and private buses; Smart pass / better verification,
PS-QMUCEA,2026-09-22T06:26:34.615883+00:00,18–25,Female,Kannur,Semi-urban,Student,,Several times a week,No reduction,Strongly disagree,Not applicable,"Yes, to some extent",Better access to education/work,,No significant impact,KSRTC staff / conductors — due to increased passenger pressure,,Always,Both morning and evening peaks,"Yes, sometimes",More delays,Extra buses during peak hours; Special services for students and workers; Demand-based route planning,
PS-6NSXFV,2026-09-22T06:30:21.698251+00:00,18–25,Female,Kollam,Rural,Student,,Daily,Significantly reduced,Strongly agree,"Yes, occasionally","Yes, significantly",Lower / zero travel cost,,Slight impact,Male passengers — due to increased overcrowding,,Always,Throughout the day,"Yes, sometimes",Increased pressure on KSRTC; Greater passenger dissatisfaction; Continued challenges for private bus operators,Special services for students and workers,
PS-QESUFY,2026-09-22T06:31:47.395517+00:00,18–25,Female,Kannur,Semi-urban,Student,,Occasionally,Slightly reduced,Neutral,"Yes, regularly","Yes, significantly",Route availability,,Slight impact,Other,,Rarely,Evening peak hours,"Yes, sometimes",Lower travel comfort,Extra buses during peak hours; Special services for students and workers; Smart pass / better verification,
PS-30MD81,2026-09-22T07:06:21.845694+00:00,26–35,Male,Pathanamthitta,Rural,Student,,Occasionally,Slightly reduced,Agree,Rarely,No change,Route availability,,Moderate loss of passengers and revenue,Male passengers — due to increased overcrowding,,Often,Evening peak hours,"Yes, sometimes",Continued challenges for private bus operators; Lower travel comfort,Extra buses during peak hours; Demand-based route planning; Smart pass / better verification,
PS-KIMTPJ,2026-09-22T07:10:49.260659+00:00,18–25,Female,Malappuram,Rural,Student,,Daily,Significantly reduced,Agree,"Yes, regularly",I still mainly use private buses,Other,Not applicable,Significant loss of passengers and revenue,Private bus operators — due to loss of passengers and revenue,,Always,Evening peak hours,Never,More overcrowding,Demand-based route planning; Better coordination between KSRTC and private buses,
PS-R8CAAF,2026-09-22T08:46:21.615883+00:00,18–25,Male,Kollam,Semi-urban,Student,,Several times a week,Significantly reduced,Strongly agree,"No, I mainly used KSRTC","Yes, to some extent",Lower / zero travel cost,,Significant loss of passengers and revenue,Private bus operators — due to loss of passengers and revenue,,Always,Both morning and evening peaks,"Yes, sometimes",More overcrowding; Greater passenger dissatisfaction,Extra buses during peak hours; Special services for students and workers; Smart pass / better verification,
PS-GHNODP,2026-09-22T09:40:53.939594+00:00,36–45,Female,Malappuram,Semi-urban,Student,,Occasionally,Moderately reduced,Disagree,Not applicable,No change,Lower / zero travel cost,,Moderate loss of passengers and revenue,Private bus operators — due to loss of passengers and revenue,,Often,Both morning and evening peaks,Rarely,Increased pressure on KSRTC,Extra buses during peak hours; Special services for students and workers,
PS-FJ2DGG,2026-09-22T09:57:31.526606+00:00,26–35,Female,Kozhikode,Urban,Homemaker,,Rarely,No reduction,Neutral,"No, I mainly used KSRTC",Not applicable,Lower / zero travel cost,,Significant loss of passengers and revenue,Private bus operators — due to loss of passengers and revenue,,Sometimes,Throughout the day,"Yes, very frequently",More delays,Extra buses during peak hours; Special services for students and workers; Demand-based route planning; Smart pass / better verification,
PS-VI28SF,2026-09-22T10:07:24.192221+00:00,18–25,Male,Pathanamthitta,Semi-urban,Student,,Several times a week,Moderately reduced,Strongly agree,Rarely,I still mainly use private buses,Route availability,,Significant loss of passengers and revenue,Private bus operators — due to loss of passengers and revenue,,Sometimes,Evening peak hours,"Yes, very frequently",Lower travel comfort,Extra buses during peak hours; Demand-based route planning; Better coordination between KSRTC and private buses; Increase overall KSRTC fleet capacity,
PS-YP9EX6,2026-09-22T10:13:16.682884+00:00,36–45,Male,Kozhikode,Rural,Student,,Daily,Significantly reduced,Strongly agree,"Yes, regularly","Yes, significantly",Lower / zero travel cost,,Significant loss of passengers and revenue,Private bus operators — due to loss of passengers and revenue,,Sometimes,Rarely face overcrowding,Rarely,Lower travel comfort,Extra buses during peak hours; Better coordination between KSRTC and private buses; Smart pass / better verification; Increase overall KSRTC fleet capacity,
PS-YD0986,2026-09-22T10:20:31.124814+00:00,18–25,Female,Kozhikode,Rural,Student,,Several times a week,Moderately reduced,Strongly disagree,"No, I mainly used KSRTC",I did not use private buses previously,Better access to education/work,,Significant loss of passengers and revenue,Other regular KSRTC passengers — due to overcrowding and delays,,Sometimes,Both morning and evening peaks,Rarely,Lower travel comfort,Demand-based route planning,
PS-0A2P4W,2026-09-22T10:26:03.564597+00:00,18–25,Female,Wayanad,Semi-urban,Student,,Several times a week,Significantly reduced,Disagree,"Yes, regularly","Yes, to some extent",Route availability,,Significant loss of passengers and revenue,Private bus operators — due to loss of passengers and revenue,,Sometimes,Evening peak hours,Rarely,More overcrowding,Better coordination between KSRTC and private buses,
PS-D3S1R2,2026-09-22T10:28:10.629996+00:00,18–25,Female,Kasaragod,Semi-urban,Student,,Occasionally,Significantly reduced,Agree,Rarely,I still mainly use private buses,Lower / zero travel cost,,Moderate loss of passengers and revenue,Private bus operators — due to loss of passengers and revenue,,Always,Throughout the day,"Yes, very frequently",More overcrowding; Continued challenges for private bus operators; Lower travel comfort; More delays,Extra buses during peak hours; Better coordination between KSRTC and private buses,
PS-HXL9EN,2026-09-22T10:59:59.909517+00:00,18–25,Female,Kannur,Semi-urban,Student,,Occasionally,Not applicable,Neutral,"Yes, regularly","Yes, to some extent",Lower / zero travel cost,,Significant loss of passengers and revenue,No one is significantly negatively affected,,Often,Both morning and evening peaks,Never,More overcrowding; Increased pressure on KSRTC; Greater passenger dissatisfaction; More delays,Special services for students and workers; Demand-based route planning; Better coordination between KSRTC and private buses; Smart pass / better verification,
PS-TTZBOU,2026-09-22T11:06:04.175301+00:00,18–25,Male,Malappuram,Semi-urban,Student,,Occasionally,Significantly reduced,Agree,Not applicable,Not applicable,Better access to education/work,,Significant loss of passengers and revenue,Other regular KSRTC passengers — due to overcrowding and delays,,Often,Both morning and evening peaks,Never,Lower travel comfort,Better coordination between KSRTC and private buses,
PS-7KYO9H,2026-09-22T13:27:59.456958+00:00,Below 18,Female,Wayanad,Semi-urban,Student,,Occasionally,No reduction,Disagree,Not applicable,I still mainly use private buses,Lower / zero travel cost,,Slight impact,Private bus operators — due to loss of passengers and revenue,,Sometimes,Evening peak hours,"Yes, sometimes",Lower travel comfort,Extra buses during peak hours; Special services for students and workers; Increase overall KSRTC fleet capacity,
PS-XX10P4,2026-09-22T14:02:31.938016+00:00,18–25,Female,Kozhikode,Urban,Student,,Occasionally,Significantly reduced,Agree,"No, I mainly used KSRTC","Yes, significantly",Better access to education/work,,Significant loss of passengers and revenue,Private bus operators — due to loss of passengers and revenue,,Often,Both morning and evening peaks,Rarely,Lower travel comfort,Extra buses during peak hours,
